{"type":"FeatureCollection","name":"nove-hrabeci-derived-drainage","properties":{"source":"ČÚZK DMR 4G 5 m + pyflwdir D8","status":"terrain-derived candidates; not official watercourses","threshold_upstream_km2":0.25,"coverage_limitation":"ČÚZK DMR 4G covers Czech territory only. The study bbox reaches the German border, so upstream contributions originating in Germany are absent and flow accumulation near the state/data edge can be truncated. Derived drainage is a Czech-side terrain model, not an official hydrographic network."},"features":[{"type":"Feature","properties":{"idx":4919536,"idx_ds":4912583,"pit":false,"upstream_km2":0.2566342055797577,"source":"terrain-derived D8 drainage candidate","official_watercourse":false,"threshold_upstream_km2":0.25},"geometry":{"type":"LineString","coordinates":[[14.453298,50.981431],[14.453378,50.981392],[14.453458,50.981354],[14.453538,50.981316],[14.453609,50.981322],[14.453689,50.981283],[14.453769,50.981245],[14.453849,50.981206],[14.45391,50.981257],[14.453981,50.981263],[14.454051,50.981269],[14.454122,50.981275],[14.454202,50.981237],[14.454282,50.981199],[14.454362,50.98116],[14.454372,50.981116],[14.454382,50.981071],[14.454391,50.981027],[14.454401,50.980982],[14.454411,50.980938],[14.454491,50.980899],[14.454561,50.980905],[14.454632,50.980911],[14.454693,50.980962],[14.454763,50.980968],[14.454843,50.98093],[14.454924,50.980891],[14.455004,50.980853],[14.455074,50.980859],[14.455145,50.980865],[14.455225,50.980827],[14.455295,50.980833],[14.455376,50.980794],[14.455446,50.9808],[14.455526,50.980762],[14.455607,50.980724],[14.455677,50.98073],[14.455757,50.980691],[14.455828,50.980697],[14.455908,50.980659],[14.455979,50.980665],[14.456049,50.980671],[14.456129,50.980633],[14.4562,50.980639],[14.45628,50.9806],[14.45636,50.980562],[14.456431,50.980568],[14.456501,50.980574],[14.456562,50.980625],[14.456633,50.980631],[14.456693,50.980682],[14.456764,50.980688],[14.456825,50.980738],[14.456886,50.980789],[14.456946,50.980839],[14.457017,50.980846],[14.457088,50.980852],[14.457158,50.980858],[14.457229,50.980864],[14.457299,50.98087],[14.45736,50.980921],[14.45743,50.980927],[14.457491,50.980977],[14.457562,50.980983],[14.457623,50.981034],[14.457693,50.98104],[14.457764,50.981046],[14.457834,50.981052],[14.457895,50.981103],[14.457966,50.981109],[14.458036,50.981115],[14.458097,50.981166],[14.458168,50.981172],[14.458238,50.981178],[14.458299,50.981229],[14.458369,50.981235],[14.45844,50.981241],[14.458511,50.981247],[14.458581,50.981253],[14.458652,50.981259],[14.458722,50.981265],[14.458783,50.981316],[14.458854,50.981322],[14.458924,50.981328],[14.458985,50.981379],[14.459055,50.981385],[14.459116,50.981435],[14.459107,50.98148],[14.459026,50.981518],[14.459017,50.981563],[14.459007,50.981607],[14.458997,50.981652],[14.458988,50.981696],[14.458978,50.981741],[14.458968,50.981785],[14.459029,50.981836],[14.459109,50.981798],[14.45919,50.981759],[14.45927,50.981721],[14.45935,50.981682],[14.45943,50.981644],[14.459491,50.981695],[14.459552,50.981745],[14.459613,50.981796],[14.459674,50.981846],[14.459735,50.981897],[14.459795,50.981948],[14.459856,50.981998],[14.459917,50.982049],[14.459907,50.982093],[14.459968,50.982144],[14.460049,50.982106],[14.460129,50.982067],[14.46019,50.982118],[14.46026,50.982124],[14.460321,50.982175]]}},{"type":"Feature","properties":{"idx":4368849,"idx_ds":4138575,"pit":false,"upstream_km2":0.28962239623069763,"source":"terrain-derived D8 drainage candidate","official_watercourse":false,"threshold_upstream_km2":0.25},"geometry":{"type":"LineString","coordinates":[[14.412029,50.988466],[14.41209,50.988516],[14.412151,50.988567],[14.412212,50.988618],[14.412273,50.988668],[14.412333,50.988719],[14.412394,50.98877],[14.412455,50.98882],[14.412516,50.988871],[14.412577,50.988922],[14.412638,50.988972],[14.412628,50.989017],[14.412689,50.989067],[14.412749,50.989118],[14.41281,50.989169],[14.412871,50.989219],[14.412942,50.989225],[14.413012,50.989232],[14.413083,50.989238],[14.413153,50.989244],[14.413224,50.98925],[14.413285,50.989301],[14.413345,50.989351],[14.413416,50.989357],[14.413486,50.989363],[14.413547,50.989414],[14.413608,50.989465],[14.413669,50.989515],[14.41373,50.989566],[14.413791,50.989617],[14.413851,50.989667],[14.413912,50.989718],[14.413903,50.989763],[14.413963,50.989813],[14.414024,50.989864],[14.414014,50.989908],[14.414005,50.989953],[14.414066,50.990003],[14.414126,50.990054],[14.414187,50.990105],[14.414248,50.990155],[14.414309,50.990206],[14.41437,50.990257],[14.414431,50.990307],[14.414501,50.990313],[14.414572,50.99032],[14.414632,50.99037],[14.414693,50.990421],[14.414764,50.990427],[14.414834,50.990433],[14.414905,50.990439],[14.414966,50.99049],[14.415036,50.990496],[14.415097,50.990547],[14.415158,50.990597],[14.415219,50.990648],[14.415289,50.990654],[14.41536,50.99066],[14.415421,50.990711],[14.415491,50.990717],[14.415562,50.990723],[14.415622,50.990774],[14.415693,50.99078],[14.415754,50.99083],[14.415824,50.990837],[14.415885,50.990887],[14.415956,50.990893],[14.416017,50.990944],[14.416087,50.99095],[14.416148,50.991001],[14.416209,50.991051],[14.416279,50.991058],[14.41635,50.991064],[14.416411,50.991114],[14.416481,50.99112],[14.416542,50.991171],[14.416613,50.991177],[14.416673,50.991228],[14.416744,50.991234],[14.416814,50.99124],[14.416875,50.991291],[14.416936,50.991341],[14.416926,50.991386],[14.416987,50.991437],[14.417048,50.991487],[14.417038,50.991532],[14.417099,50.991582],[14.41716,50.991633],[14.417231,50.991639],[14.417291,50.99169],[14.417362,50.991696],[14.417423,50.991746],[14.417493,50.991753],[14.417554,50.991803],[14.417615,50.991854],[14.417676,50.991905],[14.417666,50.991949],[14.417727,50.992],[14.417788,50.99205],[14.417849,50.992101],[14.417909,50.992152],[14.41797,50.992202],[14.41789,50.992241],[14.41781,50.992279],[14.417871,50.99233],[14.417931,50.99238],[14.417992,50.992431],[14.418053,50.992482],[14.418124,50.992488],[14.418194,50.992494],[14.418255,50.992544],[14.418325,50.992551],[14.418386,50.992601],[14.418447,50.992652],[14.418518,50.992658],[14.418579,50.992709],[14.418649,50.992715],[14.41871,50.992765],[14.4187,50.99281],[14.418761,50.992861],[14.418751,50.992905],[14.418742,50.99295],[14.418802,50.993],[14.418793,50.993045],[14.418854,50.993095],[14.418914,50.993146],[14.418975,50.993197],[14.419046,50.993203],[14.419116,50.993209],[14.419187,50.993215],[14.419248,50.993266],[14.419318,50.993272],[14.419389,50.993278],[14.41945,50.993329],[14.41951,50.993379],[14.419571,50.99343],[14.419632,50.99348],[14.419703,50.993487],[14.419763,50.993537],[14.419824,50.993588]]}},{"type":"Feature","properties":{"idx":5047144,"idx_ds":5054189,"pit":false,"upstream_km2":1.5530775785446167,"source":"terrain-derived D8 drainage candidate","official_watercourse":false,"threshold_upstream_km2":0.25},"geometry":{"type":"LineString","coordinates":[[14.499943,50.983009],[14.499873,50.983003],[14.499793,50.983042],[14.499732,50.982991],[14.499661,50.982985],[14.499591,50.982979],[14.49953,50.982928],[14.499469,50.982878],[14.499408,50.982827]]}},{"type":"Feature","properties":{"idx":5061249,"idx_ds":5054189,"pit":false,"upstream_km2":0.4323221445083618,"source":"terrain-derived D8 drainage candidate","official_watercourse":false,"threshold_upstream_km2":0.25},"geometry":{"type":"LineString","coordinates":[[14.499931,50.982736],[14.499851,50.982774],[14.49978,50.982768],[14.499709,50.982762],[14.499639,50.982756],[14.499559,50.982795],[14.499479,50.982833],[14.499408,50.982827]]}},{"type":"Feature","properties":{"idx":5054189,"idx_ds":4957688,"pit":false,"upstream_km2":2.067146062850952,"source":"terrain-derived D8 drainage candidate","official_watercourse":false,"threshold_upstream_km2":0.25},"geometry":{"type":"LineString","coordinates":[[14.499408,50.982827],[14.499328,50.982865],[14.499257,50.982859],[14.499196,50.982809],[14.499136,50.982758],[14.499065,50.982752],[14.498985,50.982791],[14.498905,50.982829],[14.498834,50.982823],[14.498764,50.982817],[14.498703,50.982766],[14.498632,50.98276],[14.498571,50.98271],[14.49851,50.982659],[14.49844,50.982653],[14.498369,50.982647],[14.498299,50.982641],[14.498219,50.982679],[14.498139,50.982718],[14.498078,50.982667],[14.498017,50.982616],[14.497937,50.982655],[14.497876,50.982604],[14.497815,50.982554],[14.497735,50.982592],[14.497654,50.982631],[14.497574,50.982669],[14.497494,50.982708],[14.497414,50.982746],[14.497334,50.982784],[14.497395,50.982835],[14.497456,50.982886],[14.497375,50.982924],[14.497295,50.982962],[14.497215,50.983001],[14.497135,50.983039],[14.497125,50.983084],[14.497045,50.983122],[14.497036,50.983167],[14.496955,50.983205],[14.496875,50.983244],[14.496795,50.983282],[14.496715,50.983321],[14.496635,50.983359],[14.496564,50.983353],[14.496494,50.983347],[14.496433,50.983296],[14.496442,50.983252],[14.496382,50.983201],[14.496311,50.983195],[14.496231,50.983234],[14.496151,50.983272],[14.496071,50.98331],[14.49599,50.983349],[14.49591,50.983387],[14.49583,50.983426],[14.49576,50.98342],[14.495689,50.983414],[14.495618,50.983408],[14.495548,50.983401],[14.495477,50.983395],[14.495397,50.983434],[14.495327,50.983428],[14.495256,50.983422],[14.495186,50.983416],[14.495115,50.98341],[14.495045,50.983403],[14.494974,50.983397],[14.494903,50.983391],[14.494833,50.983385],[14.494772,50.983335],[14.494702,50.983329],[14.494641,50.983278],[14.49457,50.983272],[14.4945,50.983266],[14.494439,50.983215],[14.494368,50.983209],[14.494298,50.983203],[14.494227,50.983197],[14.494166,50.983146],[14.494096,50.98314],[14.494025,50.983134],[14.493964,50.983084],[14.493903,50.983033],[14.493823,50.983071],[14.493753,50.983065],[14.493672,50.983104],[14.493592,50.983142],[14.493512,50.983181],[14.493432,50.983219],[14.493352,50.983258],[14.493272,50.983296],[14.493201,50.98329],[14.493121,50.983328],[14.493041,50.983367],[14.49298,50.983316],[14.492919,50.983266],[14.492858,50.983215],[14.492788,50.983209],[14.492707,50.983247],[14.492627,50.983286],[14.492557,50.98328],[14.492486,50.983274],[14.492416,50.983268],[14.492335,50.983306],[14.492265,50.9833],[14.492185,50.983338],[14.492175,50.983383],[14.492166,50.983427],[14.492085,50.983466],[14.492076,50.98351],[14.491996,50.983549],[14.491915,50.983587],[14.491835,50.983626],[14.491755,50.983664],[14.491745,50.983709],[14.491736,50.983753],[14.491797,50.983804],[14.491717,50.983842],[14.491636,50.983881],[14.491556,50.983919],[14.491476,50.983958],[14.491406,50.983951],[14.491335,50.983945],[14.491255,50.983984]]}},{"type":"Feature","properties":{"idx":4947605,"idx_ds":4672499,"pit":false,"upstream_km2":1.80893874168396,"source":"terrain-derived D8 drainage candidate","official_watercourse":false,"threshold_upstream_km2":0.25},"geometry":{"type":"LineString","coordinates":[[14.443329,50.980023],[14.44339,50.980074],[14.443451,50.980125],[14.443521,50.980131],[14.443592,50.980137],[14.443662,50.980143],[14.443742,50.980105],[14.443813,50.980111],[14.443874,50.980161],[14.443864,50.980206],[14.443925,50.980256],[14.443986,50.980307],[14.443976,50.980352],[14.444037,50.980402],[14.444098,50.980453],[14.444159,50.980504],[14.444219,50.980554],[14.44421,50.980599],[14.444271,50.980649],[14.444261,50.980694],[14.444251,50.980738],[14.444312,50.980789],[14.444373,50.98084],[14.444363,50.980884],[14.444424,50.980935],[14.444485,50.980985],[14.444546,50.981036],[14.444536,50.98108],[14.444526,50.981125],[14.444587,50.981176],[14.444648,50.981226],[14.444709,50.981277],[14.44478,50.981283],[14.44484,50.981334],[14.444831,50.981378],[14.444821,50.981423],[14.444811,50.981467],[14.444731,50.981506],[14.444651,50.981544],[14.444571,50.981582],[14.444632,50.981633],[14.444622,50.981678],[14.444612,50.981722],[14.444532,50.98176],[14.444452,50.981799],[14.444372,50.981837],[14.444291,50.981876],[14.444282,50.98192],[14.444272,50.981965],[14.444192,50.982003],[14.444112,50.982042],[14.444031,50.98208],[14.443951,50.982118],[14.443871,50.982157],[14.443932,50.982207],[14.443852,50.982246],[14.443772,50.982284],[14.443701,50.982278],[14.44363,50.982272],[14.44355,50.98231],[14.44347,50.982349],[14.44339,50.982387],[14.44331,50.982426],[14.443239,50.98242],[14.443169,50.982413],[14.443088,50.982452],[14.443008,50.98249],[14.442928,50.982529],[14.442848,50.982567],[14.442768,50.982605],[14.442687,50.982644],[14.442607,50.982682],[14.442537,50.982676],[14.442456,50.982715],[14.442396,50.982664],[14.442315,50.982702],[14.442255,50.982652],[14.442184,50.982646],[14.442114,50.982639],[14.442043,50.982633],[14.441963,50.982672],[14.441883,50.98271],[14.441802,50.982749],[14.441722,50.982787],[14.441652,50.982781],[14.441581,50.982775],[14.441501,50.982813],[14.44143,50.982807],[14.44136,50.982801],[14.441299,50.98275],[14.441229,50.982744],[14.441168,50.982694],[14.441097,50.982687],[14.441027,50.982681],[14.440956,50.982675],[14.440876,50.982714],[14.440796,50.982752],[14.440725,50.982746],[14.440645,50.982784],[14.440574,50.982778],[14.440504,50.982772],[14.440424,50.982811],[14.440344,50.982849],[14.440263,50.982887],[14.440183,50.982926],[14.440103,50.982964],[14.440093,50.983009],[14.440013,50.983047],[14.439933,50.983086],[14.439853,50.983124],[14.439782,50.983118],[14.439702,50.983156],[14.439631,50.98315],[14.439571,50.983099],[14.4395,50.983093],[14.439429,50.983087],[14.439349,50.983126],[14.439279,50.98312],[14.439208,50.983113],[14.439128,50.983152],[14.439048,50.98319],[14.439038,50.983235],[14.439028,50.983279],[14.438948,50.983318],[14.438939,50.983362],[14.438858,50.983401],[14.438778,50.983439],[14.438698,50.983477],[14.438618,50.983516],[14.438538,50.983554],[14.438528,50.983599],[14.438589,50.983649],[14.438579,50.983694],[14.43864,50.983745],[14.43863,50.983789],[14.438691,50.98384],[14.438681,50.983884],[14.438742,50.983935],[14.438732,50.983979],[14.438723,50.984024],[14.438713,50.984068],[14.438703,50.984113],[14.438694,50.984157],[14.438684,50.984202],[14.438745,50.984253],[14.438806,50.984303],[14.438867,50.984354],[14.438937,50.98436],[14.439008,50.984366],[14.439068,50.984417],[14.439139,50.984423],[14.43921,50.984429],[14.43928,50.984435],[14.439341,50.984486],[14.439402,50.984536],[14.439463,50.984587],[14.439523,50.984638],[14.439514,50.984682],[14.439575,50.984733],[14.439565,50.984777],[14.439626,50.984828],[14.439616,50.984872],[14.439536,50.984911],[14.439526,50.984955],[14.439446,50.984994]]}},{"type":"Feature","properties":{"idx":5157497,"idx_ds":4957688,"pit":false,"upstream_km2":1.3333066701889038,"source":"terrain-derived D8 drainage candidate","official_watercourse":false,"threshold_upstream_km2":0.25},"geometry":{"type":"LineString","coordinates":[[14.49024,50.980041],[14.49023,50.980086],[14.490221,50.98013],[14.490211,50.980175],[14.490272,50.980226],[14.490333,50.980276],[14.490403,50.980282],[14.490464,50.980333],[14.490455,50.980377],[14.490515,50.980428],[14.490576,50.980479],[14.490637,50.980529],[14.490698,50.98058],[14.490759,50.98063],[14.490749,50.980675],[14.49074,50.980719],[14.49073,50.980764],[14.49072,50.980808],[14.490711,50.980853],[14.490772,50.980904],[14.490762,50.980948],[14.490823,50.980999],[14.490884,50.981049],[14.490945,50.9811],[14.491006,50.981151],[14.491067,50.981201],[14.491127,50.981252],[14.491118,50.981296],[14.491108,50.981341],[14.491099,50.981385],[14.491089,50.98143],[14.491079,50.981474],[14.49107,50.981519],[14.49106,50.981563],[14.491121,50.981614],[14.491182,50.981665],[14.491252,50.981671],[14.491313,50.981721],[14.491374,50.981772],[14.491445,50.981778],[14.491506,50.981829],[14.491576,50.981835],[14.491647,50.981841],[14.491708,50.981891],[14.491778,50.981897],[14.491839,50.981948],[14.4919,50.981999],[14.49189,50.982043],[14.491881,50.982088],[14.491871,50.982132],[14.491861,50.982177],[14.491922,50.982227],[14.491913,50.982272],[14.491903,50.982316],[14.491964,50.982367],[14.491954,50.982411],[14.491945,50.982456],[14.491864,50.982494],[14.491784,50.982533],[14.491714,50.982527],[14.491634,50.982565],[14.491563,50.982559],[14.491483,50.982598],[14.491412,50.982592],[14.491332,50.98263],[14.491262,50.982624],[14.491191,50.982618],[14.491111,50.982656],[14.491031,50.982695],[14.49096,50.982689],[14.49088,50.982727],[14.49081,50.982721],[14.490729,50.982759],[14.490659,50.982753],[14.490579,50.982792],[14.490569,50.982836],[14.490559,50.982881],[14.49062,50.982931],[14.490681,50.982982],[14.490742,50.983033],[14.490803,50.983083],[14.490864,50.983134],[14.490925,50.983184],[14.490986,50.983235],[14.491047,50.983286],[14.491108,50.983336],[14.491168,50.983387],[14.491229,50.983437],[14.49129,50.983488],[14.491351,50.983539],[14.491412,50.983589],[14.491473,50.98364],[14.491463,50.983684],[14.491383,50.983723],[14.491374,50.983767],[14.491293,50.983806],[14.491354,50.983856],[14.491345,50.983901],[14.491264,50.983939],[14.491255,50.983984]]}},{"type":"Feature","properties":{"idx":5025433,"idx_ds":4912583,"pit":false,"upstream_km2":2.049004077911377,"source":"terrain-derived D8 drainage candidate","official_watercourse":false,"threshold_upstream_km2":0.25},"geometry":{"type":"LineString","coordinates":[[14.460926,50.98005],[14.460846,50.980088],[14.460765,50.980127],[14.460756,50.980171],[14.460746,50.980216],[14.460736,50.98026],[14.460727,50.980305],[14.460647,50.980343],[14.460566,50.980382],[14.460486,50.98042],[14.460547,50.980471],[14.460608,50.980521],[14.460669,50.980572],[14.46073,50.980622],[14.4608,50.980629],[14.460871,50.980635],[14.460932,50.980685],[14.460992,50.980736],[14.461053,50.980787],[14.461044,50.980831],[14.460963,50.980869],[14.460883,50.980908],[14.460803,50.980946],[14.460723,50.980985],[14.460713,50.981029],[14.460704,50.981074],[14.460623,50.981112],[14.460543,50.981151],[14.460534,50.981195],[14.460524,50.98124],[14.460514,50.981284],[14.460434,50.981323],[14.460424,50.981367],[14.460415,50.981412],[14.460335,50.98145],[14.460325,50.981495],[14.460315,50.981539],[14.460235,50.981577],[14.460225,50.981622],[14.460145,50.98166],[14.460206,50.981711],[14.460267,50.981762],[14.460328,50.981812],[14.460389,50.981863],[14.460308,50.981901],[14.460299,50.981946],[14.460289,50.98199],[14.46035,50.982041],[14.46034,50.982085],[14.460331,50.98213],[14.460321,50.982175]]}},{"type":"Feature","properties":{"idx":4912583,"idx_ds":4590627,"pit":false,"upstream_km2":2.824206829071045,"source":"terrain-derived D8 drainage candidate","official_watercourse":false,"threshold_upstream_km2":0.25},"geometry":{"type":"LineString","coordinates":[[14.460321,50.982175],[14.460311,50.982219],[14.460231,50.982257],[14.460292,50.982308],[14.460353,50.982359],[14.460414,50.982409],[14.460475,50.98246],[14.460465,50.982504],[14.460526,50.982555],[14.460596,50.982561],[14.460657,50.982612],[14.460718,50.982662],[14.460779,50.982713],[14.460769,50.982758],[14.46076,50.982802],[14.46082,50.982853],[14.460881,50.982903],[14.460942,50.982954],[14.461013,50.98296],[14.461083,50.982966],[14.461144,50.983017],[14.461205,50.983067],[14.461275,50.983073],[14.461346,50.98308],[14.461407,50.98313],[14.461468,50.983181],[14.461529,50.983231],[14.461448,50.98327],[14.461439,50.983314],[14.461429,50.983359],[14.46149,50.983409],[14.46148,50.983454],[14.461541,50.983505],[14.461602,50.983555],[14.461592,50.9836],[14.461653,50.98365],[14.461724,50.983656],[14.461785,50.983707],[14.461775,50.983752],[14.461765,50.983796],[14.461826,50.983847],[14.461817,50.983891],[14.461877,50.983942],[14.461797,50.98398],[14.461858,50.984031],[14.461919,50.984082],[14.461839,50.98412],[14.461829,50.984164],[14.46189,50.984215],[14.461951,50.984266],[14.462012,50.984316],[14.462082,50.984322],[14.462143,50.984373],[14.462214,50.984379],[14.462284,50.984385],[14.462355,50.984391],[14.462416,50.984442],[14.462476,50.984493],[14.462537,50.984543],[14.462608,50.984549],[14.462678,50.984555],[14.462739,50.984606],[14.46281,50.984612],[14.462871,50.984663],[14.462931,50.984713],[14.462992,50.984764],[14.463053,50.984815],[14.463114,50.984865],[14.463175,50.984916],[14.463236,50.984966],[14.463306,50.984972],[14.463367,50.985023],[14.463428,50.985074],[14.463499,50.98508],[14.463569,50.985086],[14.46364,50.985092],[14.463701,50.985143],[14.463761,50.985193],[14.463832,50.985199],[14.463893,50.98525],[14.463954,50.985301],[14.463944,50.985345],[14.463864,50.985384],[14.463784,50.985422],[14.463774,50.985466],[14.463835,50.985517],[14.463825,50.985562],[14.463886,50.985612],[14.463947,50.985663],[14.464008,50.985713],[14.464069,50.985764],[14.464059,50.985809],[14.464049,50.985853],[14.463969,50.985892],[14.46396,50.985936],[14.46402,50.985987],[14.464081,50.986037],[14.464142,50.986088],[14.464203,50.986138],[14.464264,50.986189],[14.464325,50.98624],[14.464386,50.98629],[14.464447,50.986341],[14.464507,50.986392],[14.464568,50.986442],[14.464629,50.986493],[14.4647,50.986499],[14.46477,50.986505],[14.464841,50.986511],[14.464921,50.986473],[14.464982,50.986523],[14.465043,50.986574],[14.465104,50.986625],[14.465164,50.986675],[14.465225,50.986726],[14.465145,50.986764],[14.465206,50.986815],[14.465277,50.986821],[14.465347,50.986827],[14.465418,50.986833],[14.465488,50.986839],[14.465549,50.98689],[14.46561,50.98694],[14.465671,50.986991],[14.465732,50.987042],[14.465812,50.987003],[14.465882,50.987009],[14.465953,50.987015],[14.466014,50.987066],[14.466084,50.987072],[14.466155,50.987078],[14.466225,50.987084],[14.466286,50.987135],[14.466357,50.987141],[14.466427,50.987147],[14.466498,50.987153],[14.466559,50.987204],[14.466629,50.98721],[14.4667,50.987216],[14.466761,50.987267],[14.466831,50.987273],[14.466892,50.987323],[14.466953,50.987374],[14.467023,50.98738],[14.467084,50.987431],[14.467145,50.987481],[14.467206,50.987532],[14.467267,50.987582],[14.467328,50.987633],[14.467389,50.987684],[14.46745,50.987734],[14.46751,50.987785],[14.46743,50.987823],[14.467491,50.987874],[14.467562,50.98788],[14.467623,50.987931],[14.467683,50.987981],[14.467674,50.988026],[14.467735,50.988076],[14.467725,50.988121],[14.467715,50.988165],[14.467776,50.988216],[14.467837,50.988267],[14.467827,50.988311],[14.467888,50.988362],[14.467879,50.988406],[14.467869,50.988451],[14.467859,50.988495],[14.467779,50.988534],[14.46777,50.988578],[14.46776,50.988623],[14.467821,50.988673],[14.467882,50.988724],[14.467943,50.988775],[14.467933,50.988819],[14.467994,50.98887],[14.468055,50.98892],[14.468116,50.988971],[14.468176,50.989022],[14.468237,50.989072]]}},{"type":"Feature","properties":{"idx":4145628,"idx_ds":4138575,"pit":false,"upstream_km2":0.2899472415447235,"source":"terrain-derived D8 drainage candidate","official_watercourse":false,"threshold_upstream_km2":0.25},"geometry":{"type":"LineString","coordinates":[[14.419853,50.993454],[14.419844,50.993499],[14.419834,50.993543],[14.419824,50.993588]]}},{"type":"Feature","properties":{"idx":4957688,"idx_ds":4736591,"pit":false,"upstream_km2":4.239686965942383,"source":"terrain-derived D8 drainage candidate","official_watercourse":false,"threshold_upstream_km2":0.25},"geometry":{"type":"LineString","coordinates":[[14.491255,50.983984],[14.491175,50.984022],[14.491165,50.984067],[14.491155,50.984111],[14.491146,50.984156],[14.491207,50.984206],[14.491268,50.984257],[14.491258,50.984302],[14.491178,50.98434],[14.491098,50.984378],[14.491017,50.984417],[14.490937,50.984455],[14.490857,50.984494],[14.490777,50.984532],[14.490697,50.984571],[14.490758,50.984621],[14.490748,50.984666],[14.490738,50.98471],[14.490658,50.984749],[14.490649,50.984793],[14.490639,50.984838],[14.490559,50.984876],[14.490479,50.984915],[14.490398,50.984953],[14.490389,50.984998],[14.490309,50.985036],[14.490299,50.985081],[14.49036,50.985131],[14.49028,50.98517],[14.49027,50.985214],[14.49026,50.985259],[14.49018,50.985297],[14.490171,50.985342],[14.490161,50.985386],[14.490081,50.985425],[14.490001,50.985463],[14.489921,50.985501],[14.489911,50.985546],[14.489831,50.985584],[14.489821,50.985629],[14.489741,50.985667],[14.489661,50.985706],[14.48959,50.9857],[14.48952,50.985694],[14.48944,50.985732],[14.489359,50.985771],[14.489279,50.985809],[14.489209,50.985803],[14.489138,50.985797],[14.489068,50.985791],[14.488987,50.985829],[14.488907,50.985868],[14.488827,50.985906],[14.488817,50.985951],[14.488808,50.985995],[14.488728,50.986034],[14.488647,50.986072],[14.488638,50.986116],[14.488558,50.986155],[14.488477,50.986193],[14.488397,50.986232],[14.488317,50.98627],[14.488247,50.986264],[14.488176,50.986258],[14.488096,50.986297],[14.488016,50.986335],[14.488006,50.986379],[14.487996,50.986424],[14.487987,50.986469],[14.487907,50.986507],[14.487826,50.986545],[14.487746,50.986584],[14.487666,50.986622],[14.487656,50.986667],[14.487576,50.986705],[14.487496,50.986744],[14.487416,50.986782],[14.487336,50.986821],[14.487256,50.986859],[14.487175,50.986897],[14.487095,50.986936],[14.487025,50.98693],[14.486945,50.986968],[14.486864,50.987007],[14.486794,50.987001],[14.486714,50.987039],[14.486653,50.986988],[14.486592,50.986938],[14.486531,50.986887],[14.48646,50.986881],[14.4864,50.98683],[14.486319,50.986869],[14.486249,50.986863],[14.486169,50.986901],[14.486098,50.986895],[14.486018,50.986934],[14.485947,50.986928],[14.485877,50.986921],[14.485806,50.986915],[14.485726,50.986954],[14.485646,50.986992],[14.485566,50.987031],[14.485486,50.987069],[14.485405,50.987108],[14.485335,50.987101],[14.485264,50.987095],[14.485194,50.987089],[14.485114,50.987128],[14.485034,50.987166],[14.484953,50.987205],[14.484944,50.987249],[14.484864,50.987288],[14.484803,50.987237],[14.484742,50.987186],[14.484671,50.98718],[14.484591,50.987219],[14.484511,50.987257],[14.484431,50.987296],[14.48435,50.987334],[14.484341,50.987379],[14.484261,50.987417],[14.48418,50.987455],[14.4841,50.987494],[14.48402,50.987532],[14.48395,50.987526],[14.483879,50.98752],[14.483799,50.987559],[14.483719,50.987597],[14.483639,50.987635],[14.483568,50.987629],[14.483507,50.987579],[14.483446,50.987528],[14.483376,50.987522],[14.483305,50.987516],[14.483225,50.987554],[14.483164,50.987504],[14.483084,50.987542]]}},{"type":"Feature","properties":{"idx":4138575,"idx_ds":3656873,"pit":false,"upstream_km2":1.2170703411102295,"source":"terrain-derived D8 drainage candidate","official_watercourse":false,"threshold_upstream_km2":0.25},"geometry":{"type":"LineString","coordinates":[[14.419824,50.993588],[14.419885,50.993638],[14.419875,50.993683],[14.419936,50.993734],[14.419997,50.993784],[14.419987,50.993829],[14.420048,50.993879],[14.420039,50.993924],[14.420099,50.993975],[14.42009,50.994019],[14.42008,50.994064],[14.42007,50.994108],[14.420131,50.994159],[14.420121,50.994203],[14.420112,50.994248],[14.420173,50.994298],[14.420163,50.994343],[14.420083,50.994381],[14.420073,50.994426],[14.420063,50.99447],[14.419983,50.994509],[14.420044,50.994559],[14.419964,50.994598],[14.419883,50.994636],[14.419803,50.994675],[14.419723,50.994713],[14.419643,50.994751],[14.419562,50.99479],[14.419482,50.994828],[14.419472,50.994873],[14.419392,50.994911],[14.419453,50.994962],[14.419443,50.995006],[14.419434,50.995051],[14.419424,50.995095],[14.419414,50.99514],[14.419334,50.995178],[14.419254,50.995217],[14.419173,50.995255],[14.419093,50.995293],[14.419083,50.995338],[14.419074,50.995382],[14.419135,50.995433],[14.419125,50.995478],[14.419186,50.995528],[14.419176,50.995573],[14.419166,50.995617],[14.419157,50.995662],[14.419147,50.995706],[14.419208,50.995757],[14.419198,50.995801],[14.419188,50.995846],[14.419179,50.99589],[14.419239,50.995941],[14.419159,50.995979],[14.41922,50.99603],[14.41921,50.996075],[14.419201,50.996119],[14.41912,50.996158],[14.41904,50.996196],[14.41896,50.996234],[14.41895,50.996279],[14.419011,50.996329],[14.419001,50.996374],[14.418992,50.996418],[14.418982,50.996463],[14.418972,50.996508],[14.419033,50.996558],[14.419094,50.996609],[14.419155,50.996659],[14.419216,50.99671],[14.419206,50.996755],[14.419196,50.996799],[14.419186,50.996844],[14.419177,50.996888],[14.419167,50.996933],[14.419157,50.996977],[14.419218,50.997028],[14.419209,50.997072],[14.419199,50.997117],[14.41926,50.997167],[14.41925,50.997212],[14.41924,50.997256],[14.419231,50.997301],[14.419221,50.997346],[14.419282,50.997396],[14.419272,50.997441],[14.419262,50.997485],[14.419323,50.997536],[14.419313,50.99758],[14.419233,50.997619],[14.419153,50.997657],[14.419073,50.997696],[14.418992,50.997734],[14.418983,50.997778],[14.419044,50.997829],[14.418963,50.997867],[14.418954,50.997912],[14.419014,50.997963],[14.419075,50.998013],[14.419136,50.998064],[14.419197,50.998115],[14.419258,50.998165],[14.419328,50.998171],[14.419399,50.998177],[14.41946,50.998228],[14.41953,50.998234],[14.419591,50.998285],[14.419652,50.998335],[14.419722,50.998342],[14.419783,50.998392],[14.419854,50.998398],[14.419915,50.998449],[14.419976,50.9985],[14.420036,50.99855],[14.420097,50.998601],[14.420168,50.998607],[14.420229,50.998658],[14.420309,50.998619],[14.420379,50.998625],[14.42045,50.998632],[14.420521,50.998638],[14.420591,50.998644],[14.420662,50.99865],[14.420732,50.998656],[14.420812,50.998618],[14.420893,50.998579],[14.420963,50.998585],[14.421034,50.998591],[14.421104,50.998598],[14.421175,50.998604],[14.421245,50.99861],[14.421306,50.99866],[14.421377,50.998667],[14.421457,50.998628],[14.421537,50.99859],[14.421608,50.998596],[14.421678,50.998602],[14.421739,50.998653],[14.4218,50.998703],[14.421861,50.998754],[14.421851,50.998798],[14.421912,50.998849],[14.421983,50.998855],[14.422043,50.998906],[14.422104,50.998957],[14.422165,50.999007],[14.422226,50.999058],[14.422216,50.999102],[14.422277,50.999153],[14.422338,50.999204],[14.422399,50.999254],[14.422469,50.99926],[14.42254,50.999266],[14.422601,50.999317],[14.422671,50.999323],[14.422742,50.999329],[14.422803,50.99938],[14.422864,50.999431],[14.422924,50.999481],[14.422985,50.999532],[14.423046,50.999583],[14.423107,50.999633],[14.423168,50.999684],[14.423229,50.999734],[14.423219,50.999779],[14.42328,50.99983],[14.42327,50.999874],[14.423331,50.999925],[14.423401,50.999931],[14.423462,50.999981],[14.423523,51.000032],[14.423594,51.000038],[14.423655,51.000089],[14.423725,51.000095],[14.423786,51.000146],[14.423856,51.000152],[14.423917,51.000202],[14.423978,51.000253],[14.424039,51.000304],[14.4241,51.000354],[14.424161,51.000405],[14.424222,51.000456],[14.424141,51.000494],[14.424061,51.000532],[14.424122,51.000583],[14.424112,51.000628],[14.424173,51.000678],[14.424163,51.000723],[14.424154,51.000767],[14.424144,51.000812],[14.424134,51.000856],[14.424195,51.000907],[14.424185,51.000951],[14.424176,51.000996],[14.424166,51.00104],[14.424227,51.001091],[14.424288,51.001142],[14.424349,51.001192],[14.424409,51.001243],[14.42448,51.001249],[14.42455,51.001255],[14.424621,51.001261],[14.424682,51.001312],[14.424743,51.001363],[14.424733,51.001407],[14.424794,51.001458],[14.424784,51.001502],[14.424775,51.001547],[14.424835,51.001597],[14.424896,51.001648],[14.424957,51.001699],[14.425018,51.001749],[14.425088,51.001755],[14.425149,51.001806],[14.42522,51.001812],[14.425281,51.001863],[14.425351,51.001869],[14.425422,51.001875],[14.425483,51.001926],[14.425544,51.001976],[14.425604,51.002027],[14.425675,51.002033],[14.425745,51.002039],[14.425816,51.002045],[14.425887,51.002051],[14.425957,51.002058],[14.426028,51.002064],[14.426098,51.00207],[14.426169,51.002076],[14.42623,51.002127],[14.42629,51.002177],[14.426361,51.002183],[14.426422,51.002234],[14.426483,51.002285],[14.426553,51.002291],[14.426624,51.002297],[14.426685,51.002347],[14.426755,51.002354],[14.426816,51.002404],[14.426887,51.00241],[14.426957,51.002416],[14.427018,51.002467],[14.427089,51.002473],[14.427149,51.002524],[14.42721,51.002574],[14.427271,51.002625],[14.427342,51.002631],[14.427412,51.002637],[14.427483,51.002643],[14.427553,51.00265],[14.427614,51.0027],[14.427685,51.002706],[14.427746,51.002757],[14.427816,51.002763],[14.427877,51.002814],[14.427938,51.002864],[14.427999,51.002915],[14.42806,51.002966],[14.42813,51.002972],[14.428201,51.002978],[14.428281,51.002939],[14.428361,51.002901],[14.428432,51.002907],[14.428493,51.002958],[14.428563,51.002964],[14.428624,51.003015],[14.428704,51.002976],[14.428785,51.002938],[14.428855,51.002944],[14.428926,51.00295],[14.428996,51.002956],[14.429067,51.002962],[14.429137,51.002968],[14.429198,51.003019],[14.429269,51.003025],[14.42933,51.003076],[14.42939,51.003126],[14.429461,51.003132],[14.429532,51.003139],[14.429602,51.003145],[14.429673,51.003151],[14.429743,51.003157],[14.429814,51.003163],[14.429894,51.003125],[14.429955,51.003175],[14.430035,51.003137],[14.430115,51.003099],[14.430186,51.003105],[14.430256,51.003111],[14.430327,51.003117],[14.430398,51.003123],[14.430468,51.003129],[14.430548,51.003091],[14.430629,51.003052],[14.430709,51.003014],[14.430779,51.00302],[14.43084,51.003071],[14.430901,51.003121],[14.430962,51.003172],[14.431023,51.003223],[14.431093,51.003229],[14.431154,51.003279],[14.431215,51.00333],[14.431276,51.003381],[14.431347,51.003387],[14.431407,51.003437],[14.431468,51.003488],[14.431529,51.003539],[14.43159,51.003589],[14.431651,51.00364],[14.431712,51.00369],[14.431631,51.003729],[14.431622,51.003773],[14.431683,51.003824],[14.431743,51.003875],[14.431804,51.003925],[14.431875,51.003931],[14.431945,51.003938],[14.432026,51.003899],[14.432096,51.003905],[14.432167,51.003911],[14.432237,51.003917],[14.432298,51.003968],[14.432369,51.003974],[14.43243,51.004025],[14.432491,51.004075],[14.432561,51.004082],[14.432632,51.004088],[14.432702,51.004094],[14.432773,51.0041],[14.432843,51.004106],[14.432914,51.004112],[14.432994,51.004074],[14.433065,51.00408],[14.433135,51.004086],[14.433206,51.004092],[14.433267,51.004143],[14.433337,51.004149],[14.433398,51.004199],[14.433469,51.004206],[14.433539,51.004212],[14.433619,51.004173],[14.4337,51.004135],[14.43377,51.004141],[14.433841,51.004147],[14.433902,51.004198],[14.433972,51.004204],[14.434043,51.00421],[14.434113,51.004216],[14.434174,51.004267],[14.434235,51.004317],[14.434296,51.004368],[14.434357,51.004419],[14.434427,51.004425],[14.434498,51.004431],[14.434568,51.004437],[14.434639,51.004443],[14.43471,51.004449],[14.43479,51.004411],[14.43486,51.004417],[14.434941,51.004379],[14.435021,51.00434],[14.435091,51.004346],[14.435172,51.004308],[14.435242,51.004314],[14.435322,51.004276],[14.435393,51.004282],[14.435464,51.004288],[14.435544,51.004249],[14.435614,51.004255],[14.435685,51.004262]]}},{"type":"Feature","properties":{"idx":4681857,"idx_ds":4672499,"pit":false,"upstream_km2":0.2507613003253937,"source":"terrain-derived D8 drainage candidate","official_watercourse":false,"threshold_upstream_km2":0.25},"geometry":{"type":"LineString","coordinates":[[14.43624,50.984534],[14.436321,50.984496],[14.436391,50.984502],[14.436452,50.984553],[14.436523,50.984559],[14.436583,50.984609],[14.436654,50.984616],[14.436734,50.984577],[14.436805,50.984583],[14.436885,50.984545],[14.436955,50.984551],[14.437016,50.984602],[14.437077,50.984652],[14.437157,50.984614],[14.437228,50.98462],[14.437298,50.984626],[14.437369,50.984632],[14.437439,50.984638],[14.43751,50.984644],[14.43758,50.984651],[14.437651,50.984657],[14.437722,50.984663],[14.437792,50.984669],[14.437863,50.984675],[14.437943,50.984637],[14.438004,50.984687],[14.438074,50.984693],[14.438154,50.984655],[14.438235,50.984617],[14.438315,50.984578],[14.438395,50.98454],[14.438466,50.984546],[14.438546,50.984507],[14.438607,50.984558],[14.438667,50.984609],[14.438738,50.984615],[14.438808,50.984621],[14.438869,50.984672],[14.43894,50.984678],[14.43901,50.984684],[14.439071,50.984734],[14.439132,50.984785],[14.439203,50.984791],[14.439263,50.984842],[14.439324,50.984892],[14.439385,50.984943],[14.439446,50.984994]]}},{"type":"Feature","properties":{"idx":4934097,"idx_ds":4793008,"pit":false,"upstream_km2":0.26095759868621826,"source":"terrain-derived D8 drainage candidate","official_watercourse":false,"threshold_upstream_km2":0.25},"geometry":{"type":"LineString","coordinates":[[14.485445,50.983936],[14.485365,50.983975],[14.485285,50.984013],[14.485215,50.984007],[14.485144,50.984001],[14.485064,50.98404],[14.484993,50.984033],[14.484913,50.984072],[14.484843,50.984066],[14.484762,50.984104],[14.484692,50.984098],[14.484612,50.984137],[14.484541,50.98413],[14.484461,50.984169],[14.48439,50.984163],[14.48431,50.984201],[14.48423,50.98424],[14.48416,50.984234],[14.484089,50.984228],[14.484009,50.984266],[14.483938,50.98426],[14.483858,50.984298],[14.483788,50.984292],[14.483717,50.984286],[14.483647,50.98428],[14.483566,50.984318],[14.483496,50.984312],[14.483416,50.984351],[14.483345,50.984345],[14.483265,50.984383],[14.483185,50.984422],[14.483105,50.98446],[14.483025,50.984498],[14.482944,50.984537],[14.482935,50.984581],[14.482855,50.98462],[14.482774,50.984658],[14.482694,50.984697],[14.482685,50.984741],[14.482604,50.98478],[14.482524,50.984818],[14.482444,50.984857],[14.482364,50.984895],[14.482354,50.98494],[14.482345,50.984984],[14.482405,50.985035],[14.482466,50.985085],[14.482527,50.985136],[14.482588,50.985186],[14.482649,50.985237],[14.482639,50.985282],[14.4827,50.985332],[14.482761,50.985383],[14.482752,50.985427],[14.482812,50.985478],[14.482803,50.985522],[14.482864,50.985573],[14.482854,50.985618],[14.482844,50.985662],[14.482835,50.985707],[14.482825,50.985751],[14.482886,50.985802],[14.482947,50.985852],[14.482937,50.985897],[14.482857,50.985935],[14.482847,50.98598],[14.482908,50.98603],[14.482969,50.986081],[14.48296,50.986126],[14.48295,50.98617],[14.48294,50.986215],[14.482931,50.986259],[14.48285,50.986298],[14.482841,50.986342],[14.482831,50.986387],[14.482822,50.986431]]}},{"type":"Feature","properties":{"idx":4672499,"idx_ds":4340959,"pit":false,"upstream_km2":3.116410255432129,"source":"terrain-derived D8 drainage candidate","official_watercourse":false,"threshold_upstream_km2":0.25},"geometry":{"type":"LineString","coordinates":[[14.439446,50.984994],[14.439436,50.985038],[14.439497,50.985089],[14.439487,50.985133],[14.439478,50.985178],[14.439468,50.985222],[14.439458,50.985267],[14.439449,50.985311],[14.439439,50.985356],[14.439429,50.9854],[14.43942,50.985445],[14.439481,50.985496],[14.439541,50.985546],[14.439602,50.985597],[14.439663,50.985647],[14.439724,50.985698],[14.439785,50.985749],[14.439846,50.985799],[14.439836,50.985844],[14.439826,50.985888],[14.439746,50.985927],[14.439666,50.985965],[14.439656,50.98601],[14.439576,50.986048],[14.439496,50.986087],[14.439486,50.986131],[14.439406,50.986169],[14.439467,50.98622],[14.439457,50.986265],[14.439447,50.986309],[14.439438,50.986354],[14.439357,50.986392],[14.439277,50.98643],[14.439197,50.986469],[14.439117,50.986507],[14.439107,50.986552],[14.439027,50.98659],[14.439017,50.986635],[14.439078,50.986685],[14.438998,50.986724],[14.438988,50.986768],[14.438908,50.986807],[14.438898,50.986851],[14.438959,50.986902],[14.438949,50.986946],[14.43901,50.986997],[14.439001,50.987041],[14.43892,50.98708],[14.438911,50.987124],[14.438901,50.987169],[14.438821,50.987207],[14.438741,50.987246],[14.43866,50.987284],[14.43859,50.987278],[14.43851,50.987316],[14.438439,50.98731],[14.438378,50.98726],[14.438308,50.987254],[14.438227,50.987292],[14.438147,50.98733],[14.438067,50.987369],[14.437987,50.987407],[14.437907,50.987446],[14.437897,50.98749],[14.437817,50.987528],[14.437807,50.987573],[14.437727,50.987611],[14.437717,50.987656],[14.437637,50.987694],[14.437557,50.987733],[14.437476,50.987771],[14.437396,50.98781],[14.437387,50.987854],[14.437377,50.987899],[14.437297,50.987937],[14.437216,50.987975],[14.437207,50.98802],[14.437127,50.988058],[14.437046,50.988097],[14.437037,50.988141],[14.436956,50.98818],[14.436947,50.988224],[14.436867,50.988263],[14.436786,50.988301],[14.436706,50.988339],[14.436626,50.988378],[14.436555,50.988372],[14.436485,50.988366],[14.436414,50.988359],[14.436353,50.988309],[14.436283,50.988303],[14.436203,50.988341],[14.436132,50.988335],[14.436052,50.988373],[14.435972,50.988412],[14.435892,50.98845],[14.435821,50.988444],[14.435741,50.988482],[14.43567,50.988476],[14.43559,50.988515],[14.43551,50.988553],[14.43543,50.988592],[14.435349,50.98863],[14.435279,50.988624],[14.435199,50.988662],[14.435118,50.988701],[14.435038,50.988739],[14.434968,50.988733],[14.434887,50.988771],[14.434807,50.98881],[14.434727,50.988848],[14.434717,50.988893],[14.434637,50.988931],[14.434557,50.988969],[14.434477,50.989008],[14.434467,50.989052],[14.434457,50.989097],[14.434377,50.989135],[14.434367,50.98918],[14.434287,50.989218],[14.434277,50.989263],[14.434268,50.989307],[14.434258,50.989352],[14.434248,50.989396],[14.434309,50.989447],[14.4343,50.989491],[14.43429,50.989536],[14.43428,50.98958],[14.43427,50.989625],[14.434261,50.989669],[14.434251,50.989714],[14.434171,50.989752],[14.434161,50.989797],[14.434222,50.989848],[14.434142,50.989886],[14.434203,50.989937],[14.434193,50.989981],[14.434254,50.990032],[14.434244,50.990076],[14.434234,50.990121],[14.434225,50.990165],[14.434215,50.99021],[14.434276,50.99026],[14.434266,50.990305],[14.434257,50.990349],[14.434247,50.990394],[14.434308,50.990445],[14.434298,50.990489],[14.434359,50.99054],[14.434349,50.990584],[14.43441,50.990635],[14.4344,50.990679],[14.434461,50.99073],[14.434451,50.990775],[14.434512,50.990825],[14.434503,50.99087],[14.434563,50.99092],[14.434624,50.990971]]}},{"type":"Feature","properties":{"idx":4898768,"idx_ds":4793008,"pit":false,"upstream_km2":0.2650062143802643,"source":"terrain-derived D8 drainage candidate","official_watercourse":false,"threshold_upstream_km2":0.25},"geometry":{"type":"LineString","coordinates":[[14.480787,50.984215],[14.480707,50.984253],[14.480697,50.984298],[14.480758,50.984348],[14.480819,50.984399],[14.480809,50.984443],[14.480799,50.984488],[14.48079,50.984532],[14.48078,50.984577],[14.480771,50.984621],[14.48069,50.98466],[14.480681,50.984704],[14.480742,50.984755],[14.480802,50.984806],[14.480873,50.984812],[14.480944,50.984818],[14.481024,50.984779],[14.481094,50.984785],[14.481155,50.984836],[14.481216,50.984887],[14.481277,50.984937],[14.481197,50.984976],[14.481187,50.98502],[14.481177,50.985065],[14.481238,50.985115],[14.481299,50.985166],[14.48137,50.985172],[14.48144,50.985178],[14.481511,50.985184],[14.481581,50.98519],[14.481642,50.985241],[14.481703,50.985292],[14.481774,50.985298],[14.481835,50.985348],[14.481825,50.985393],[14.481886,50.985443],[14.481947,50.985494],[14.482008,50.985545],[14.481998,50.985589],[14.482059,50.98564],[14.48212,50.98569],[14.482181,50.985741],[14.482242,50.985792],[14.482302,50.985842],[14.482363,50.985893],[14.482354,50.985937],[14.482415,50.985988],[14.482405,50.986032],[14.482395,50.986077],[14.482456,50.986127],[14.482517,50.986178],[14.482578,50.986229],[14.482639,50.986279],[14.4827,50.98633],[14.482761,50.986381],[14.482822,50.986431]]}},{"type":"Feature","properties":{"idx":4357298,"idx_ds":4369147,"pit":false,"upstream_km2":0.3356311321258545,"source":"terrain-derived D8 drainage candidate","official_watercourse":false,"threshold_upstream_km2":0.25},"geometry":{"type":"LineString","coordinates":[[14.426369,50.989938],[14.42644,50.989944],[14.42651,50.98995],[14.42659,50.989911],[14.426651,50.989962],[14.426712,50.990013],[14.426792,50.989974],[14.426863,50.98998],[14.426924,50.990031],[14.427004,50.989993],[14.427074,50.989999],[14.427145,50.990005],[14.427216,50.990011],[14.427276,50.990062],[14.427347,50.990068],[14.427417,50.990074],[14.427488,50.99008],[14.427558,50.990086],[14.427629,50.990092],[14.4277,50.990098],[14.42777,50.990104],[14.427841,50.990111],[14.427911,50.990117],[14.427991,50.990078],[14.428062,50.990084],[14.428132,50.990091],[14.428203,50.990097],[14.428274,50.990103],[14.428344,50.990109],[14.428415,50.990115],[14.428485,50.990121],[14.428556,50.990127],[14.428626,50.990133],[14.428706,50.990095],[14.428777,50.990101],[14.428838,50.990152],[14.428908,50.990158],[14.428979,50.990164],[14.42904,50.990215],[14.42912,50.990176],[14.42919,50.990182],[14.429261,50.990188],[14.429332,50.990195],[14.429402,50.990201],[14.429463,50.990251],[14.429543,50.990213],[14.429614,50.990219],[14.429684,50.990225],[14.429755,50.990231],[14.429825,50.990237],[14.429896,50.990244],[14.429976,50.990205],[14.430056,50.990167],[14.430136,50.990128],[14.430217,50.99009],[14.430287,50.990096],[14.430358,50.990102],[14.430428,50.990108],[14.430509,50.99007],[14.430589,50.990031],[14.430669,50.989993],[14.43074,50.989999],[14.43081,50.990005],[14.430881,50.990011],[14.430941,50.990062],[14.431012,50.990068],[14.431092,50.99003],[14.431163,50.990036],[14.431224,50.990087],[14.431294,50.990093],[14.431355,50.990143],[14.431425,50.990149],[14.431496,50.990155],[14.431567,50.990162],[14.431637,50.990168],[14.431708,50.990174],[14.431768,50.990224],[14.431839,50.990231],[14.43191,50.990237],[14.43198,50.990243],[14.432051,50.990249],[14.432121,50.990255],[14.432192,50.990261],[14.432262,50.990267],[14.432342,50.990229],[14.432423,50.99019],[14.432493,50.990197],[14.432564,50.990203],[14.432634,50.990209],[14.432705,50.990215],[14.432775,50.990221],[14.432846,50.990227],[14.432916,50.990233],[14.432977,50.990284],[14.433048,50.99029]]}},{"type":"Feature","properties":{"idx":4793008,"idx_ds":4736591,"pit":false,"upstream_km2":0.813136637210846,"source":"terrain-derived D8 drainage candidate","official_watercourse":false,"threshold_upstream_km2":0.25},"geometry":{"type":"LineString","coordinates":[[14.482822,50.986431],[14.482882,50.986482],[14.482873,50.986526],[14.482863,50.986571],[14.482924,50.986621],[14.482985,50.986672],[14.482905,50.98671],[14.482895,50.986755],[14.482885,50.986799],[14.482946,50.98685],[14.483007,50.986901],[14.482998,50.986945],[14.482988,50.98699],[14.482978,50.987034],[14.482969,50.987079],[14.48303,50.987129],[14.48302,50.987174],[14.48294,50.987212],[14.48286,50.987251],[14.48292,50.987301],[14.482911,50.987346],[14.482901,50.98739],[14.482962,50.987441],[14.483023,50.987492],[14.483084,50.987542]]}},{"type":"Feature","properties":{"idx":4604736,"idx_ds":4590627,"pit":false,"upstream_km2":0.28307491540908813,"source":"terrain-derived D8 drainage candidate","official_watercourse":false,"threshold_upstream_km2":0.25},"geometry":{"type":"LineString","coordinates":[[14.468507,50.988823],[14.468497,50.988868],[14.468417,50.988906],[14.468407,50.988951],[14.468327,50.988989],[14.468247,50.989028],[14.468237,50.989072]]}},{"type":"Feature","properties":{"idx":4590627,"idx_ds":4358009,"pit":false,"upstream_km2":3.728767156600952,"source":"terrain-derived D8 drainage candidate","official_watercourse":false,"threshold_upstream_km2":0.25},"geometry":{"type":"LineString","coordinates":[[14.468237,50.989072],[14.468228,50.989117],[14.468218,50.989161],[14.468208,50.989206],[14.468269,50.989256],[14.46833,50.989307],[14.46825,50.989346],[14.46817,50.989384],[14.46816,50.989428],[14.46808,50.989467],[14.468141,50.989517],[14.468131,50.989562],[14.468121,50.989607],[14.468041,50.989645],[14.468102,50.989696],[14.468092,50.98974],[14.468083,50.989785],[14.468073,50.989829],[14.468063,50.989874],[14.468054,50.989918],[14.467974,50.989957],[14.467893,50.989995],[14.467884,50.99004],[14.467945,50.99009],[14.468015,50.990096],[14.468076,50.990147],[14.468137,50.990197],[14.468207,50.990204],[14.468278,50.99021],[14.468349,50.990216],[14.468429,50.990177],[14.468509,50.990139],[14.468589,50.9901],[14.468669,50.990062],[14.46874,50.990068],[14.46881,50.990074],[14.468871,50.990125],[14.468932,50.990175],[14.468923,50.99022],[14.468983,50.990271],[14.469044,50.990321],[14.469035,50.990366],[14.468954,50.990404],[14.468945,50.990449],[14.468865,50.990487],[14.468925,50.990538],[14.468916,50.990582],[14.468906,50.990627],[14.468826,50.990665],[14.468746,50.990704],[14.468666,50.990742],[14.468726,50.990793],[14.468787,50.990843],[14.468848,50.990894],[14.468909,50.990944],[14.468899,50.990989],[14.46896,50.99104],[14.468951,50.991084],[14.469012,50.991135],[14.469072,50.991185],[14.469063,50.99123],[14.468983,50.991268],[14.468902,50.991307],[14.468963,50.991357],[14.468954,50.991402],[14.469015,50.991452],[14.469005,50.991497],[14.469066,50.991548],[14.468986,50.991586],[14.468905,50.991624],[14.468825,50.991663],[14.468816,50.991707],[14.468876,50.991758],[14.468957,50.99172],[14.469027,50.991726],[14.469088,50.991776],[14.469159,50.991782],[14.469219,50.991833],[14.46929,50.991839],[14.469351,50.99189],[14.469421,50.991896],[14.469492,50.991902],[14.469572,50.991863],[14.469643,50.99187],[14.469713,50.991876],[14.469784,50.991882],[14.469845,50.991932],[14.469915,50.991938],[14.469986,50.991945],[14.470047,50.991995],[14.470117,50.992001],[14.470188,50.992007],[14.470258,50.992013],[14.470338,50.991975],[14.470399,50.992026],[14.47048,50.991987],[14.47056,50.991949],[14.470569,50.991904],[14.47065,50.991866],[14.47072,50.991872],[14.470781,50.991923],[14.470861,50.991884],[14.470932,50.99189],[14.470993,50.991941],[14.471063,50.991947],[14.471143,50.991908],[14.471214,50.991915],[14.471294,50.991876],[14.471365,50.991882],[14.471445,50.991844],[14.471515,50.99185],[14.471576,50.991901],[14.471637,50.991951],[14.471698,50.992002],[14.471759,50.992052],[14.471839,50.992014],[14.4719,50.992065],[14.471961,50.992115],[14.472031,50.992121],[14.472102,50.992127],[14.472173,50.992133],[14.472233,50.992184],[14.472304,50.99219],[14.472365,50.992241],[14.472426,50.992291],[14.472487,50.992342],[14.472557,50.992348],[14.472628,50.992354],[14.472708,50.992316],[14.472778,50.992322],[14.472849,50.992328],[14.47291,50.992379],[14.47298,50.992385],[14.473051,50.992391],[14.473122,50.992397],[14.473182,50.992447],[14.473243,50.992498],[14.473314,50.992504],[14.473384,50.99251],[14.473455,50.992516],[14.473516,50.992567],[14.473586,50.992573],[14.473647,50.992624],[14.473718,50.99263],[14.473798,50.992591],[14.473808,50.992547],[14.473817,50.992502],[14.473897,50.992464],[14.473837,50.992413],[14.473917,50.992375],[14.473926,50.99233],[14.474007,50.992292],[14.474077,50.992298],[14.474148,50.992304],[14.474218,50.99231],[14.474289,50.992316],[14.474359,50.992322],[14.47443,50.992328],[14.474491,50.992379],[14.474552,50.99243],[14.474622,50.992436],[14.474683,50.992486],[14.474744,50.992537],[14.474805,50.992587],[14.474795,50.992632],[14.474856,50.992683],[14.474917,50.992733],[14.474907,50.992778],[14.474968,50.992828],[14.475029,50.992879],[14.47509,50.99293],[14.475151,50.99298],[14.475212,50.993031],[14.475202,50.993075],[14.475263,50.993126],[14.475183,50.993164],[14.475173,50.993209],[14.475234,50.993259],[14.475295,50.99331],[14.475285,50.993355],[14.475346,50.993405],[14.475407,50.993456],[14.475478,50.993462],[14.475539,50.993513],[14.475609,50.993519],[14.47567,50.993569],[14.475741,50.993575],[14.475811,50.993581],[14.475872,50.993632],[14.475943,50.993638],[14.476003,50.993689],[14.476064,50.993739],[14.476055,50.993784],[14.476116,50.993834],[14.476176,50.993885],[14.476237,50.993936],[14.476298,50.993986],[14.476359,50.994037],[14.47635,50.994081],[14.47634,50.994126],[14.476401,50.994177],[14.476462,50.994227],[14.476523,50.994278]]}},{"type":"Feature","properties":{"idx":4472556,"idx_ds":4369147,"pit":false,"upstream_km2":0.2517109811306,"source":"terrain-derived D8 drainage candidate","official_watercourse":false,"threshold_upstream_km2":0.25},"geometry":{"type":"LineString","coordinates":[[14.431005,50.988117],[14.431066,50.988168],[14.431127,50.988219],[14.431188,50.988269],[14.431249,50.98832],[14.43131,50.98837],[14.431229,50.988409],[14.43129,50.988459],[14.431351,50.98851],[14.431412,50.988561],[14.431473,50.988611],[14.431534,50.988662],[14.431595,50.988713],[14.431655,50.988763],[14.431716,50.988814],[14.431777,50.988865],[14.431838,50.988915],[14.431899,50.988966],[14.43196,50.989016],[14.43202,50.989067],[14.432011,50.989112],[14.432001,50.989156],[14.431991,50.989201],[14.431982,50.989245],[14.432042,50.989296],[14.432033,50.98934],[14.432094,50.989391],[14.432154,50.989442],[14.432074,50.98948],[14.432135,50.989531],[14.432196,50.989581],[14.432257,50.989632],[14.432318,50.989682],[14.432378,50.989733],[14.432439,50.989784],[14.4325,50.989834],[14.432561,50.989885],[14.432622,50.989936],[14.432683,50.989986],[14.432744,50.990037],[14.432804,50.990088],[14.432865,50.990138],[14.432926,50.990189],[14.432987,50.990239],[14.433048,50.99029]]}},{"type":"Feature","properties":{"idx":4736591,"idx_ds":4614278,"pit":false,"upstream_km2":5.8300323486328125,"source":"terrain-derived D8 drainage candidate","official_watercourse":false,"threshold_upstream_km2":0.25},"geometry":{"type":"LineString","coordinates":[[14.483084,50.987542],[14.483004,50.987581],[14.482924,50.987619],[14.482843,50.987658],[14.482763,50.987696],[14.482683,50.987734],[14.482603,50.987773],[14.482523,50.987811],[14.482442,50.98785],[14.482362,50.987888],[14.482282,50.987927],[14.482202,50.987965],[14.482122,50.988003],[14.482042,50.988042],[14.481961,50.98808],[14.481881,50.988119],[14.481872,50.988163],[14.481932,50.988214],[14.481923,50.988258],[14.481984,50.988309],[14.482054,50.988315],[14.482115,50.988366],[14.482176,50.988416],[14.482237,50.988467],[14.482298,50.988518],[14.482218,50.988556],[14.482137,50.988594],[14.482057,50.988633],[14.481977,50.988671],[14.481907,50.988665],[14.481836,50.988659],[14.481756,50.988698],[14.481746,50.988742],[14.481737,50.988787],[14.481727,50.988831],[14.481647,50.98887],[14.481637,50.988914],[14.481627,50.988959],[14.481618,50.989003],[14.481538,50.989041],[14.481457,50.98908],[14.481377,50.989118],[14.481368,50.989163],[14.481287,50.989201],[14.481207,50.98924],[14.481198,50.989284],[14.481117,50.989323],[14.481037,50.989361],[14.480967,50.989355],[14.480887,50.989393],[14.480806,50.989432],[14.480726,50.98947],[14.480646,50.989509],[14.480566,50.989547],[14.480486,50.989586],[14.480405,50.989624],[14.480325,50.989663],[14.480245,50.989701],[14.480184,50.98965],[14.480114,50.989644],[14.480043,50.989638],[14.479982,50.989588],[14.479912,50.989581],[14.479841,50.989575],[14.47978,50.989525],[14.47971,50.989519],[14.479649,50.989468],[14.479588,50.989417],[14.479527,50.989367],[14.479466,50.989316],[14.479405,50.989266],[14.479335,50.98926],[14.479274,50.989209],[14.479203,50.989203],[14.479133,50.989197],[14.479062,50.989191],[14.478992,50.989185],[14.478911,50.989223],[14.478831,50.989261],[14.478761,50.989255],[14.478681,50.989294],[14.4786,50.989332],[14.47852,50.989371],[14.47844,50.989409],[14.47836,50.989448],[14.47828,50.989486]]}},{"type":"Feature","properties":{"idx":4384201,"idx_ds":4047875,"pit":false,"upstream_km2":3.75726056098938,"source":"terrain-derived D8 drainage candidate","official_watercourse":false,"threshold_upstream_km2":0.25},"geometry":{"type":"LineString","coordinates":[[14.49998,50.995801],[14.4999,50.99584],[14.49982,50.995878],[14.49974,50.995917],[14.499669,50.995911],[14.499598,50.995904],[14.499518,50.995943],[14.499448,50.995937],[14.499368,50.995975],[14.499297,50.995969],[14.499226,50.995963],[14.499146,50.996002],[14.499076,50.995996],[14.499005,50.995989],[14.498935,50.995983],[14.498854,50.996022],[14.498784,50.996016],[14.498704,50.996054],[14.498633,50.996048],[14.498563,50.996042],[14.498492,50.996036],[14.498421,50.99603],[14.498341,50.996068],[14.498271,50.996062],[14.4982,50.996056],[14.49813,50.99605],[14.498059,50.996044],[14.497998,50.995993],[14.497918,50.996032],[14.497847,50.996026],[14.497767,50.996064],[14.497697,50.996058],[14.497617,50.996097],[14.497536,50.996135],[14.497456,50.996173],[14.497376,50.996212],[14.497305,50.996206],[14.497225,50.996244],[14.497155,50.996238],[14.497084,50.996232],[14.497014,50.996226],[14.496933,50.996264],[14.496853,50.996303],[14.496783,50.996297],[14.496702,50.996335],[14.496632,50.996329],[14.496552,50.996368],[14.496472,50.996406],[14.496462,50.996451],[14.496452,50.996495],[14.496372,50.996534],[14.496292,50.996572],[14.496212,50.99661],[14.496132,50.996649],[14.496061,50.996643],[14.49599,50.996637],[14.49592,50.996631],[14.495849,50.996625],[14.495779,50.996619],[14.495708,50.996612],[14.495638,50.996606],[14.495567,50.9966],[14.495497,50.996594],[14.495416,50.996633],[14.495346,50.996627],[14.495266,50.996665],[14.495186,50.996703],[14.495105,50.996742],[14.495035,50.996736],[14.494955,50.996774],[14.494884,50.996768],[14.494814,50.996762],[14.494743,50.996756],[14.494663,50.996795],[14.494592,50.996788],[14.494512,50.996827],[14.494432,50.996865],[14.494352,50.996904],[14.494271,50.996942],[14.494191,50.996981],[14.494111,50.997019],[14.494031,50.997058],[14.494021,50.997102],[14.493941,50.99714],[14.493871,50.997134],[14.4938,50.997128],[14.49372,50.997167],[14.49364,50.997205],[14.493559,50.997244],[14.493479,50.997282],[14.493399,50.997321],[14.493319,50.997359],[14.493309,50.997404],[14.493229,50.997442],[14.493219,50.997486],[14.49321,50.997531],[14.4932,50.997576],[14.493191,50.99762],[14.49311,50.997658],[14.49303,50.997697],[14.49295,50.997735],[14.492879,50.997729],[14.492809,50.997723],[14.492738,50.997717],[14.492668,50.997711],[14.492597,50.997705],[14.492527,50.997699],[14.492446,50.997737],[14.492366,50.997776],[14.492286,50.997814],[14.492276,50.997859],[14.492196,50.997897],[14.492116,50.997936],[14.492036,50.997974],[14.491956,50.998012],[14.491876,50.998051],[14.491795,50.998089],[14.491715,50.998128],[14.491635,50.998166],[14.491625,50.998211],[14.491545,50.998249],[14.491535,50.998294],[14.491455,50.998332],[14.491375,50.998371],[14.491365,50.998415],[14.491356,50.99846],[14.491346,50.998504],[14.491337,50.998549],[14.491327,50.998593],[14.491388,50.998644],[14.491449,50.998694],[14.491439,50.998739],[14.491429,50.998783],[14.491349,50.998822],[14.49134,50.998866],[14.491259,50.998905],[14.491179,50.998943],[14.491099,50.998982],[14.491019,50.99902],[14.490939,50.999059],[14.490929,50.999103],[14.490919,50.999148],[14.490839,50.999186],[14.490759,50.999225],[14.490679,50.999263],[14.490599,50.999301],[14.490518,50.99934],[14.490509,50.999384],[14.490499,50.999429],[14.490419,50.999467],[14.490409,50.999512],[14.49047,50.999562],[14.49039,50.999601],[14.49031,50.999639],[14.49023,50.999678],[14.49015,50.999716],[14.490069,50.999755],[14.489999,50.999749],[14.489919,50.999787],[14.489838,50.999825],[14.489829,50.99987],[14.48989,50.999921],[14.48988,50.999965],[14.4898,51.000004],[14.48979,51.000048],[14.48971,51.000087],[14.48963,51.000125],[14.48962,51.000169],[14.489611,51.000214],[14.48953,51.000252],[14.489521,51.000297],[14.489511,51.000341],[14.489431,51.00038],[14.489351,51.000418],[14.489341,51.000463],[14.489331,51.000507],[14.489251,51.000546],[14.489171,51.000584],[14.489091,51.000623],[14.48902,51.000617],[14.48894,51.000655],[14.48886,51.000694],[14.48878,51.000732],[14.48877,51.000776],[14.48876,51.000821],[14.488751,51.000866],[14.488741,51.00091],[14.488731,51.000955],[14.488722,51.000999],[14.488783,51.00105],[14.488853,51.001056],[14.488924,51.001062],[14.488985,51.001112],[14.489055,51.001119],[14.489126,51.001125],[14.489187,51.001175],[14.489177,51.00122],[14.489168,51.001264],[14.489228,51.001315],[14.489219,51.001359]]}},{"type":"Feature","properties":{"idx":4665960,"idx_ds":4614278,"pit":false,"upstream_km2":0.2500365674495697,"source":"terrain-derived D8 drainage candidate","official_watercourse":false,"threshold_upstream_km2":0.25},"geometry":{"type":"LineString","coordinates":[[14.47567,50.988263],[14.475731,50.988314],[14.475792,50.988364],[14.475853,50.988415],[14.475914,50.988465],[14.475975,50.988516],[14.476036,50.988567],[14.476097,50.988617],[14.476157,50.988668],[14.476218,50.988718],[14.476289,50.988725],[14.47635,50.988775],[14.476411,50.988826],[14.476481,50.988832],[14.476542,50.988882],[14.476603,50.988933],[14.476674,50.988939],[14.476744,50.988945],[14.476815,50.988951],[14.476885,50.988957],[14.476946,50.989008],[14.477017,50.989014],[14.477087,50.98902],[14.477158,50.989026],[14.477219,50.989077],[14.477289,50.989083],[14.47736,50.989089],[14.47743,50.989095],[14.47751,50.989057],[14.477591,50.989018],[14.477671,50.98898],[14.477732,50.98903],[14.477802,50.989037],[14.477863,50.989087],[14.477934,50.989093],[14.478004,50.989099],[14.478075,50.989105],[14.478145,50.989112],[14.478206,50.989162],[14.478267,50.989213],[14.478328,50.989263],[14.478389,50.989314],[14.478379,50.989359],[14.478299,50.989397],[14.478289,50.989441],[14.47828,50.989486]]}},{"type":"Feature","properties":{"idx":4369147,"idx_ds":4340959,"pit":false,"upstream_km2":1.0244628190994263,"source":"terrain-derived D8 drainage candidate","official_watercourse":false,"threshold_upstream_km2":0.25},"geometry":{"type":"LineString","coordinates":[[14.433048,50.99029],[14.433109,50.990341],[14.433179,50.990347],[14.43324,50.990397],[14.433301,50.990448],[14.433362,50.990499],[14.433423,50.990549],[14.433483,50.9906],[14.433544,50.990651],[14.433605,50.990701],[14.433666,50.990752],[14.433746,50.990713],[14.433826,50.990675],[14.433907,50.990637],[14.433987,50.990598],[14.434067,50.99056],[14.434128,50.99061],[14.434189,50.990661],[14.43425,50.990712],[14.43424,50.990756],[14.434301,50.990807],[14.434362,50.990858],[14.434422,50.990908],[14.434483,50.990959],[14.434554,50.990965],[14.434624,50.990971]]}},{"type":"Feature","properties":{"idx":4294079,"idx_ds":4221126,"pit":false,"upstream_km2":0.25698375701904297,"source":"terrain-derived D8 drainage candidate","official_watercourse":false,"threshold_upstream_km2":0.25},"geometry":{"type":"LineString","coordinates":[[14.444306,50.992717],[14.444235,50.992711],[14.444155,50.992749],[14.444085,50.992743],[14.444004,50.992782],[14.443924,50.99282],[14.443854,50.992814],[14.443783,50.992808],[14.443703,50.992846],[14.443623,50.992885],[14.443542,50.992923],[14.443482,50.992872],[14.443401,50.992911],[14.443331,50.992905],[14.44326,50.992899],[14.44319,50.992892],[14.44311,50.992931],[14.443029,50.992969],[14.442959,50.992963],[14.442888,50.992957],[14.442808,50.992995],[14.442737,50.992989],[14.442657,50.993028],[14.442587,50.993022],[14.442516,50.993015],[14.442446,50.993009],[14.442375,50.993003],[14.442305,50.992997],[14.442234,50.992991],[14.442163,50.992985],[14.442093,50.992979],[14.442022,50.992973],[14.441952,50.992967],[14.441872,50.993005],[14.441801,50.992999],[14.441731,50.992993],[14.44166,50.992987],[14.441589,50.992981],[14.441519,50.992974],[14.441458,50.992924],[14.441388,50.992918],[14.441317,50.992912],[14.441246,50.992906],[14.441176,50.992899],[14.441096,50.992938],[14.441035,50.992887],[14.440955,50.992926],[14.440884,50.992919],[14.440814,50.992913],[14.440733,50.992952],[14.440724,50.992996],[14.440643,50.993035],[14.440563,50.993073],[14.440502,50.993022],[14.440432,50.993016],[14.440352,50.993055],[14.440281,50.993049],[14.44021,50.993043],[14.44014,50.993036],[14.44006,50.993075],[14.439989,50.993069],[14.439919,50.993063],[14.439838,50.993101],[14.439758,50.993139],[14.439678,50.993178],[14.439607,50.993172],[14.439527,50.99321],[14.439447,50.993249],[14.439367,50.993287],[14.439287,50.993325],[14.439206,50.993364],[14.439126,50.993402],[14.439046,50.993441],[14.438966,50.993479],[14.438885,50.993517],[14.438946,50.993568],[14.438937,50.993613],[14.438927,50.993657]]}},{"type":"Feature","properties":{"idx":4340959,"idx_ds":4221126,"pit":false,"upstream_km2":4.8372297286987305,"source":"terrain-derived D8 drainage candidate","official_watercourse":false,"threshold_upstream_km2":0.25},"geometry":{"type":"LineString","coordinates":[[14.434624,50.990971],[14.434685,50.991022],[14.434746,50.991072],[14.434807,50.991123],[14.434797,50.991167],[14.434858,50.991218],[14.434919,50.991269],[14.43498,50.991319],[14.43497,50.991364],[14.435031,50.991414],[14.435021,50.991459],[14.435082,50.99151],[14.435072,50.991554],[14.435133,50.991605],[14.435194,50.991655],[14.435255,50.991706],[14.435316,50.991757],[14.435377,50.991807],[14.435437,50.991858],[14.435498,50.991909],[14.435559,50.991959],[14.43562,50.99201],[14.435691,50.992016],[14.435771,50.991977],[14.435851,50.991939],[14.435912,50.99199],[14.435973,50.99204],[14.436034,50.992091],[14.436104,50.992097],[14.436175,50.992103],[14.436235,50.992154],[14.436296,50.992204],[14.436357,50.992255],[14.436428,50.992261],[14.436498,50.992267],[14.436559,50.992318],[14.43662,50.992369],[14.436681,50.992419],[14.436751,50.992425],[14.436822,50.992431],[14.436883,50.992482],[14.436944,50.992533],[14.437004,50.992583],[14.437065,50.992634],[14.437136,50.99264],[14.437197,50.992691],[14.437267,50.992697],[14.437338,50.992703],[14.437399,50.992754],[14.437469,50.99276],[14.43753,50.99281],[14.437601,50.992816],[14.437661,50.992867],[14.437652,50.992912],[14.437713,50.992962],[14.437773,50.993013],[14.437834,50.993063],[14.437905,50.99307],[14.437975,50.993076],[14.438046,50.993082],[14.438107,50.993132],[14.438177,50.993139],[14.438248,50.993145],[14.438318,50.993151],[14.438389,50.993157],[14.43845,50.993207],[14.438511,50.993258],[14.438571,50.993309],[14.438562,50.993353],[14.438623,50.993404],[14.438683,50.993455],[14.438744,50.993505],[14.438805,50.993556],[14.438866,50.993606],[14.438927,50.993657]]}},{"type":"Feature","properties":{"idx":4449392,"idx_ds":3991160,"pit":false,"upstream_km2":0.39650943875312805,"source":"terrain-derived D8 drainage candidate","official_watercourse":false,"threshold_upstream_km2":0.25},"geometry":{"type":"LineString","coordinates":[[14.455314,50.990676],[14.455374,50.990727],[14.455435,50.990777],[14.455506,50.990784],[14.455567,50.990834],[14.455628,50.990885],[14.455688,50.990935],[14.455749,50.990986],[14.45581,50.991037],[14.455871,50.991087],[14.455932,50.991138],[14.455993,50.991189],[14.456054,50.991239],[14.456115,50.99129],[14.456175,50.99134],[14.456236,50.991391],[14.456297,50.991442],[14.456358,50.991492],[14.456419,50.991543],[14.45648,50.991594],[14.456541,50.991644],[14.456601,50.991695],[14.456662,50.991745],[14.456723,50.991796],[14.456784,50.991847],[14.456845,50.991897],[14.456906,50.991948],[14.456967,50.991998],[14.457028,50.992049],[14.457088,50.9921],[14.457149,50.99215],[14.45721,50.992201],[14.457271,50.992252],[14.457332,50.992302],[14.457393,50.992353],[14.457454,50.992403],[14.457515,50.992454],[14.457585,50.99246],[14.457656,50.992466],[14.457726,50.992472],[14.457787,50.992523],[14.457848,50.992574],[14.457838,50.992618],[14.457899,50.992669],[14.45796,50.992719],[14.458021,50.99277],[14.458101,50.992732],[14.458172,50.992738],[14.458252,50.992699],[14.458313,50.99275],[14.458374,50.9928],[14.458434,50.992851],[14.458425,50.992896],[14.458486,50.992946],[14.458476,50.992991],[14.458466,50.993035],[14.458527,50.993086],[14.458588,50.993136],[14.458578,50.993181],[14.458639,50.993232],[14.45863,50.993276],[14.45862,50.993321],[14.45861,50.993365],[14.458601,50.99341],[14.458662,50.99346],[14.458722,50.993511],[14.458803,50.993473],[14.458883,50.993434],[14.458963,50.993396],[14.459043,50.993357],[14.459104,50.993408],[14.459094,50.993452],[14.459085,50.993497],[14.459146,50.993548],[14.459207,50.993598],[14.459197,50.993643],[14.459187,50.993687],[14.459248,50.993738],[14.459309,50.993788],[14.45938,50.993795],[14.45946,50.993756],[14.45954,50.993718],[14.45961,50.993724],[14.459681,50.99373],[14.459742,50.99378],[14.459822,50.993742],[14.459902,50.993704],[14.459973,50.99371],[14.460034,50.99376],[14.460104,50.993766],[14.460165,50.993817],[14.460226,50.993868],[14.460216,50.993912],[14.460277,50.993963],[14.460348,50.993969],[14.460428,50.993931],[14.460508,50.993892],[14.460588,50.993854],[14.460669,50.993815],[14.460739,50.993821],[14.46081,50.993827],[14.460871,50.993878],[14.460941,50.993884],[14.461021,50.993846],[14.461082,50.993896],[14.461073,50.993941],[14.461063,50.993985],[14.460983,50.994024],[14.460902,50.994062],[14.460822,50.994101],[14.460742,50.994139],[14.460662,50.994178],[14.460582,50.994216],[14.460501,50.994254],[14.460562,50.994305],[14.460482,50.994343],[14.460543,50.994394],[14.460533,50.994439],[14.460453,50.994477],[14.460514,50.994528],[14.460575,50.994578],[14.460645,50.994584],[14.460726,50.994546],[14.460796,50.994552],[14.460867,50.994558],[14.460937,50.994564],[14.461008,50.99457],[14.461078,50.994576],[14.461149,50.994582],[14.46121,50.994633],[14.461271,50.994684],[14.461261,50.994728],[14.461251,50.994773],[14.461242,50.994817],[14.461232,50.994862],[14.461222,50.994906],[14.461142,50.994945],[14.461132,50.994989],[14.461123,50.995034],[14.461043,50.995072],[14.461103,50.995123],[14.461164,50.995173],[14.461235,50.995179],[14.461305,50.995186],[14.461376,50.995192],[14.461447,50.995198],[14.461507,50.995248],[14.461568,50.995299],[14.461639,50.995305],[14.461709,50.995311],[14.46177,50.995362],[14.461831,50.995412],[14.461892,50.995463],[14.461963,50.995469],[14.462023,50.99552],[14.462094,50.995526],[14.462155,50.995576],[14.462225,50.995583],[14.462286,50.995633],[14.462347,50.995684],[14.462408,50.995734],[14.462469,50.995785],[14.46253,50.995836],[14.46261,50.995797],[14.462671,50.995848],[14.462741,50.995854],[14.462802,50.995905],[14.462793,50.995949],[14.462854,50.996],[14.462914,50.99605],[14.462975,50.996101],[14.463036,50.996152],[14.463097,50.996202],[14.463168,50.996208],[14.463229,50.996259],[14.463299,50.996265],[14.46336,50.996316],[14.463431,50.996322],[14.463491,50.996372],[14.463552,50.996423],[14.463613,50.996474],[14.463684,50.99648],[14.463745,50.99653],[14.463735,50.996575],[14.463796,50.996625],[14.463786,50.99667],[14.463847,50.996721],[14.463908,50.996771],[14.463969,50.996822],[14.463959,50.996866],[14.46402,50.996917],[14.464081,50.996968],[14.464152,50.996974],[14.464232,50.996935],[14.464312,50.996897],[14.464392,50.996858],[14.464472,50.99682],[14.464553,50.996782],[14.464633,50.996743],[14.464713,50.996705],[14.464784,50.996711],[14.464844,50.996761],[14.464915,50.996767],[14.464985,50.996774],[14.465056,50.99678],[14.465127,50.996786],[14.465197,50.996792],[14.465268,50.996798],[14.465338,50.996804],[14.465409,50.99681],[14.465479,50.996816],[14.46555,50.996822],[14.46562,50.996828],[14.465691,50.996835],[14.465771,50.996796],[14.465832,50.996847],[14.465912,50.996808],[14.465973,50.996859],[14.466044,50.996865],[14.466114,50.996871],[14.466185,50.996877],[14.466246,50.996928],[14.466316,50.996934],[14.466387,50.99694],[14.466457,50.996946],[14.466518,50.996997],[14.466589,50.997003],[14.466659,50.997009],[14.46673,50.997015],[14.4668,50.997021],[14.466861,50.997072],[14.466932,50.997078],[14.467002,50.997084],[14.467073,50.99709],[14.467134,50.997141],[14.467204,50.997147],[14.467275,50.997153],[14.467346,50.997159],[14.467416,50.997165],[14.467477,50.997216],[14.467547,50.997222],[14.467618,50.997228],[14.467689,50.997234],[14.467759,50.99724],[14.46782,50.997291],[14.467891,50.997297],[14.467951,50.997347],[14.468012,50.997398],[14.468073,50.997449],[14.468134,50.997499],[14.468195,50.99755],[14.468256,50.9976],[14.468317,50.997651],[14.468307,50.997695],[14.468368,50.997746],[14.468429,50.997797],[14.468419,50.997841],[14.46848,50.997892],[14.468541,50.997942],[14.468602,50.997993],[14.468663,50.998044],[14.468653,50.998088],[14.468714,50.998139],[14.468775,50.998189],[14.468836,50.99824],[14.468826,50.998285],[14.468887,50.998335],[14.468877,50.99838],[14.468938,50.99843],[14.468999,50.998481],[14.46906,50.998532],[14.469121,50.998582],[14.469182,50.998633],[14.469243,50.998683],[14.469304,50.998734],[14.469294,50.998779],[14.469284,50.998823],[14.469275,50.998868],[14.469336,50.998918],[14.469397,50.998969],[14.469457,50.999019],[14.469377,50.999058],[14.469368,50.999102],[14.469428,50.999153],[14.469489,50.999204],[14.469409,50.999242],[14.4694,50.999286],[14.469319,50.999325],[14.46931,50.999369],[14.469229,50.999408],[14.46922,50.999452],[14.46921,50.999497],[14.4692,50.999541],[14.469191,50.999586],[14.469252,50.999637],[14.469242,50.999681],[14.469232,50.999726],[14.469223,50.99977],[14.469213,50.999815],[14.469133,50.999853],[14.469053,50.999891],[14.468972,50.99993],[14.468892,50.999968],[14.468812,51.000007],[14.468802,51.000051],[14.468722,51.00009],[14.468642,51.000128],[14.468562,51.000167],[14.468482,51.000205],[14.468401,51.000243],[14.468392,51.000288],[14.468311,51.000326],[14.468302,51.000371],[14.468363,51.000421],[14.468353,51.000466],[14.468414,51.000517],[14.468404,51.000561],[14.468395,51.000606],[14.468455,51.000656]]}},{"type":"Feature","properties":{"idx":3501556,"idx_ds":3628685,"pit":false,"upstream_km2":0.3216361999511719,"source":"terrain-derived D8 drainage candidate","official_watercourse":false,"threshold_upstream_km2":0.25},"geometry":{"type":"LineString","coordinates":[[14.424391,51.006276],[14.424471,51.006238],[14.424551,51.006199],[14.424632,51.006161],[14.424712,51.006122],[14.424792,51.006084],[14.424802,51.006039],[14.424812,51.005995],[14.424892,51.005957],[14.424902,51.005912],[14.424982,51.005874],[14.424992,51.005829],[14.425072,51.005791],[14.425152,51.005752],[14.425232,51.005714],[14.425242,51.005669],[14.425322,51.005631],[14.425393,51.005637],[14.425473,51.005599],[14.425544,51.005605],[14.425614,51.005611],[14.425694,51.005573],[14.425765,51.005579],[14.425826,51.005629],[14.425906,51.005591],[14.425977,51.005597],[14.426047,51.005603],[14.426118,51.005609],[14.426188,51.005615],[14.426259,51.005622],[14.426329,51.005628],[14.4264,51.005634],[14.426471,51.00564],[14.426551,51.005602],[14.426621,51.005608],[14.426692,51.005614],[14.426763,51.00562],[14.426833,51.005626],[14.426894,51.005677],[14.426974,51.005638],[14.427045,51.005644],[14.427115,51.00565],[14.427186,51.005657],[14.427266,51.005618],[14.427337,51.005624],[14.427407,51.00563],[14.427478,51.005637],[14.427539,51.005687],[14.427609,51.005693],[14.42768,51.005699],[14.427741,51.00575],[14.427811,51.005756],[14.427882,51.005762],[14.427952,51.005768],[14.428023,51.005775],[14.428084,51.005825],[14.428154,51.005831],[14.428225,51.005837],[14.428295,51.005844],[14.428366,51.00585],[14.428436,51.005856],[14.428507,51.005862],[14.428578,51.005868],[14.428648,51.005874],[14.428728,51.005836],[14.428799,51.005842],[14.428879,51.005803],[14.42895,51.00581],[14.42902,51.005816],[14.429101,51.005777],[14.429171,51.005783],[14.429251,51.005745],[14.429322,51.005751],[14.429402,51.005713],[14.429473,51.005719],[14.429543,51.005725],[14.429624,51.005687],[14.429694,51.005693],[14.429774,51.005654],[14.429855,51.005616],[14.429925,51.005622],[14.429996,51.005628],[14.430076,51.00559],[14.430147,51.005596],[14.430217,51.005602],[14.430297,51.005564],[14.430368,51.00557],[14.430429,51.00562],[14.43049,51.005671],[14.430551,51.005722],[14.430611,51.005772],[14.430672,51.005823],[14.430743,51.005829],[14.430813,51.005835],[14.430884,51.005841],[14.430964,51.005803],[14.431044,51.005764],[14.431105,51.005815],[14.431166,51.005866],[14.431237,51.005872],[14.431317,51.005833],[14.431388,51.005839],[14.431468,51.005801],[14.431538,51.005807],[14.431619,51.005769],[14.431689,51.005775],[14.431769,51.005736],[14.43184,51.005743],[14.43192,51.005704],[14.431991,51.00571],[14.432071,51.005672],[14.432142,51.005678],[14.432222,51.00564],[14.432292,51.005646],[14.432373,51.005607],[14.432453,51.005569],[14.432533,51.005531],[14.432613,51.005492],[14.432684,51.005498],[14.432754,51.005504],[14.432825,51.005511],[14.432905,51.005472],[14.432976,51.005478],[14.433056,51.00544],[14.433127,51.005446],[14.433207,51.005408],[14.433287,51.005369],[14.433297,51.005325],[14.433377,51.005286],[14.433457,51.005248],[14.433538,51.005209],[14.433618,51.005171],[14.433698,51.005133],[14.433778,51.005094],[14.433849,51.0051],[14.433929,51.005062],[14.434009,51.005024],[14.43409,51.004985],[14.43417,51.004947],[14.43425,51.004908],[14.43433,51.00487],[14.434411,51.004832],[14.434491,51.004793],[14.434571,51.004755],[14.434651,51.004716],[14.434712,51.004767],[14.434773,51.004818],[14.434834,51.004868],[14.434895,51.004919],[14.434956,51.004969],[14.435026,51.004976],[14.435097,51.004982],[14.435167,51.004988],[14.435248,51.004949],[14.435318,51.004956],[14.435389,51.004962],[14.435459,51.004968],[14.43554,51.004929],[14.43561,51.004935],[14.435681,51.004942],[14.435751,51.004948],[14.435831,51.004909],[14.435912,51.004871],[14.435992,51.004832],[14.436062,51.004839],[14.436143,51.0048],[14.436204,51.004851],[14.436264,51.004901],[14.436325,51.004952],[14.436386,51.005003],[14.436457,51.005009],[14.436537,51.00497],[14.436608,51.004977],[14.436678,51.004983],[14.436739,51.005033],[14.436819,51.004995],[14.436899,51.004956],[14.43698,51.004918],[14.43705,51.004924],[14.437131,51.004886],[14.437191,51.004936],[14.437262,51.004942]]}},{"type":"Feature","properties":{"idx":4614278,"idx_ds":4358009,"pit":false,"upstream_km2":6.410857200622559,"source":"terrain-derived D8 drainage candidate","official_watercourse":false,"threshold_upstream_km2":0.25},"geometry":{"type":"LineString","coordinates":[[14.47828,50.989486],[14.478199,50.989524],[14.47819,50.989569],[14.478251,50.98962],[14.478312,50.98967],[14.478302,50.989715],[14.478222,50.989753],[14.478212,50.989798],[14.478202,50.989842],[14.478193,50.989887],[14.478183,50.989931],[14.478173,50.989976],[14.478234,50.990026],[14.478295,50.990077],[14.478356,50.990128],[14.478417,50.990178],[14.478497,50.99014],[14.478558,50.99019],[14.478619,50.990241],[14.47868,50.990292],[14.47867,50.990336],[14.478661,50.990381],[14.47858,50.990419],[14.4785,50.990457],[14.47842,50.990496],[14.47841,50.99054],[14.478401,50.990585],[14.478391,50.990629],[14.478311,50.990668],[14.478301,50.990712],[14.478292,50.990757],[14.478211,50.990795],[14.478202,50.99084],[14.478122,50.990878],[14.478112,50.990923],[14.478102,50.990967],[14.478163,50.991018],[14.478154,50.991062],[14.478214,50.991113],[14.478205,50.991158],[14.478125,50.991196],[14.478115,50.991241],[14.478105,50.991285],[14.478096,50.99133],[14.478086,50.991374],[14.478147,50.991425],[14.478137,50.991469],[14.478198,50.99152],[14.478189,50.991564],[14.478249,50.991615],[14.47831,50.991666],[14.478301,50.99171],[14.478291,50.991755],[14.478352,50.991805],[14.478272,50.991844],[14.478333,50.991894],[14.478394,50.991945],[14.478384,50.991989],[14.478374,50.992034],[14.478365,50.992078],[14.478355,50.992123],[14.478275,50.992161],[14.478265,50.992206],[14.478185,50.992244],[14.478175,50.992289],[14.478236,50.992339],[14.478227,50.992384],[14.478146,50.992422],[14.478137,50.992467],[14.478127,50.992511],[14.478117,50.992556],[14.478108,50.9926],[14.478098,50.992645],[14.478088,50.99269],[14.478079,50.992734],[14.478069,50.992779],[14.47806,50.992823],[14.47812,50.992874],[14.478111,50.992918],[14.478172,50.992969],[14.478162,50.993013],[14.478152,50.993058],[14.478143,50.993102],[14.478063,50.993141],[14.478053,50.993185],[14.478043,50.99323],[14.477963,50.993268],[14.477953,50.993313],[14.477944,50.993357],[14.477864,50.993396],[14.477783,50.993434],[14.477703,50.993473],[14.477623,50.993511],[14.477613,50.993556],[14.477604,50.9936],[14.477523,50.993639],[14.477443,50.993677],[14.477504,50.993728],[14.477424,50.993766],[14.477414,50.993811],[14.477334,50.993849],[14.477254,50.993887],[14.477174,50.993926],[14.477103,50.99392],[14.477042,50.993869],[14.476962,50.993908],[14.476892,50.993901],[14.476811,50.99394],[14.476802,50.993984],[14.476722,50.994023],[14.476712,50.994067],[14.476702,50.994112],[14.476622,50.99415],[14.476612,50.994195],[14.476603,50.994239],[14.476523,50.994278]]}},{"type":"Feature","properties":{"idx":3305048,"idx_ds":3450825,"pit":false,"upstream_km2":0.2921965718269348,"source":"terrain-derived D8 drainage candidate","official_watercourse":false,"threshold_upstream_km2":0.25},"geometry":{"type":"LineString","coordinates":[[14.492454,51.015969],[14.492534,51.015931],[14.492544,51.015886],[14.492553,51.015842],[14.492563,51.015797],[14.492643,51.015759],[14.492653,51.015714],[14.492733,51.015676],[14.492813,51.015637],[14.492893,51.015599],[14.492974,51.01556],[14.493054,51.015522],[14.493134,51.015483],[14.493214,51.015445],[14.493294,51.015407],[14.493375,51.015368],[14.493455,51.01533],[14.493465,51.015285],[14.493545,51.015247],[14.493554,51.015202],[14.493635,51.015164],[14.493715,51.015125],[14.493724,51.015081],[14.493664,51.01503],[14.493603,51.01498],[14.493612,51.014935],[14.493622,51.014891],[14.493702,51.014852],[14.493712,51.014808],[14.493721,51.014763],[14.493802,51.014725],[14.493882,51.014686],[14.493891,51.014642],[14.493901,51.014597],[14.493981,51.014559],[14.493991,51.014514],[14.494071,51.014476],[14.494151,51.014437],[14.494161,51.014393],[14.494171,51.014348],[14.49418,51.014304],[14.49419,51.014259],[14.4942,51.014215],[14.49428,51.014176],[14.49436,51.014138],[14.49444,51.014099],[14.49445,51.014055],[14.494459,51.01401],[14.494469,51.013966],[14.494549,51.013927],[14.494559,51.013883],[14.494569,51.013838],[14.494578,51.013794],[14.494588,51.013749],[14.494597,51.013705],[14.494607,51.01366],[14.494617,51.013616],[14.494556,51.013565],[14.494495,51.013515],[14.494434,51.013464],[14.494373,51.013413],[14.494302,51.013407],[14.494232,51.013401],[14.494171,51.013351],[14.49411,51.0133]]}},{"type":"Feature","properties":{"idx":4113824,"idx_ds":4047875,"pit":false,"upstream_km2":0.2539350986480713,"source":"terrain-derived D8 drainage candidate","official_watercourse":false,"threshold_upstream_km2":0.25},"geometry":{"type":"LineString","coordinates":[[14.498026,51.000848],[14.497965,51.000798],[14.497895,51.000792],[14.497824,51.000786],[14.497754,51.00078],[14.497683,51.000773],[14.497612,51.000767],[14.497542,51.000761],[14.497462,51.0008],[14.497401,51.000749],[14.49734,51.000699],[14.497269,51.000692],[14.497199,51.000686],[14.497128,51.00068],[14.497067,51.00063],[14.496997,51.000624],[14.496926,51.000618],[14.496856,51.000611],[14.496795,51.000561],[14.496724,51.000555],[14.496653,51.000549],[14.496583,51.000543],[14.496512,51.000537],[14.496442,51.00053],[14.496371,51.000524],[14.496301,51.000518],[14.49623,51.000512],[14.49616,51.000506],[14.496089,51.0005],[14.496009,51.000539],[14.495938,51.000532],[14.495868,51.000526],[14.495797,51.00052],[14.495727,51.000514],[14.495646,51.000553],[14.495576,51.000547],[14.495505,51.000541],[14.495425,51.000579],[14.495355,51.000573],[14.495284,51.000567],[14.495204,51.000605],[14.495133,51.000599],[14.495063,51.000593],[14.494982,51.000632],[14.494912,51.000625],[14.494841,51.000619],[14.494761,51.000658],[14.494691,51.000652],[14.49462,51.000646],[14.49454,51.000684],[14.494469,51.000678],[14.494399,51.000672],[14.494328,51.000666],[14.494248,51.000704],[14.494168,51.000743],[14.494088,51.000781],[14.494017,51.000775],[14.493947,51.000769],[14.493876,51.000763],[14.493796,51.000801],[14.493725,51.000795],[14.493655,51.000789],[14.493574,51.000828],[14.493504,51.000822],[14.493424,51.00086],[14.493353,51.000854],[14.493283,51.000848],[14.493202,51.000886],[14.493132,51.00088],[14.493061,51.000874],[14.492981,51.000913],[14.492911,51.000907],[14.49283,51.000945],[14.49276,51.000939],[14.492689,51.000933],[14.492609,51.000971],[14.492529,51.00101],[14.492449,51.001048],[14.492388,51.000998],[14.492317,51.000991],[14.492247,51.000985],[14.492186,51.000935],[14.492115,51.000929],[14.492035,51.000967],[14.491964,51.000961],[14.491894,51.000955],[14.491823,51.000949],[14.491753,51.000943],[14.491682,51.000937],[14.491612,51.000931],[14.491541,51.000925],[14.49147,51.000919],[14.49139,51.000957],[14.49132,51.000951],[14.491249,51.000945],[14.491179,51.000939],[14.491108,51.000933],[14.491028,51.000971],[14.490957,51.000965],[14.490877,51.001003],[14.490797,51.001042],[14.490726,51.001036],[14.490646,51.001074],[14.490576,51.001068],[14.490515,51.001018],[14.490435,51.001056],[14.490364,51.00105],[14.490284,51.001088],[14.490213,51.001082],[14.490143,51.001076],[14.490062,51.001115],[14.489982,51.001153],[14.489912,51.001147],[14.489831,51.001185],[14.489761,51.001179],[14.489681,51.001218],[14.48961,51.001212],[14.48953,51.00125],[14.48945,51.001289],[14.489379,51.001282],[14.489299,51.001321],[14.489219,51.001359]]}},{"type":"Feature","properties":{"idx":3453193,"idx_ds":3450825,"pit":false,"upstream_km2":0.2747277319431305,"source":"terrain-derived D8 drainage candidate","official_watercourse":false,"threshold_upstream_km2":0.25},"geometry":{"type":"LineString","coordinates":[[14.495319,51.013359],[14.495258,51.013308],[14.495188,51.013302],[14.495108,51.013341],[14.495037,51.013334],[14.494966,51.013328],[14.494896,51.013322],[14.494825,51.013316],[14.494755,51.01331],[14.494694,51.01326],[14.494623,51.013253],[14.494553,51.013247],[14.494492,51.013197],[14.494431,51.013146],[14.494351,51.013185],[14.49427,51.013223],[14.49419,51.013262],[14.49411,51.0133]]}},{"type":"Feature","properties":{"idx":3870757,"idx_ds":3656873,"pit":false,"upstream_km2":0.29129675030708313,"source":"terrain-derived D8 drainage candidate","official_watercourse":false,"threshold_upstream_km2":0.25},"geometry":{"type":"LineString","coordinates":[[14.432545,50.999862],[14.432536,50.999907],[14.432526,50.999951],[14.432516,50.999996],[14.432506,51.00004],[14.432497,51.000085],[14.432487,51.000129],[14.432548,51.00018],[14.432468,51.000218],[14.432458,51.000263],[14.432448,51.000307],[14.432509,51.000358],[14.43258,51.000364],[14.432641,51.000415],[14.432701,51.000465],[14.432692,51.00051],[14.432682,51.000554],[14.432672,51.000599],[14.432733,51.000649],[14.432794,51.0007],[14.432784,51.000745],[14.432775,51.000789],[14.432836,51.00084],[14.432826,51.000884],[14.432816,51.000929],[14.432807,51.000973],[14.432867,51.001024],[14.432928,51.001075],[14.432989,51.001125],[14.43305,51.001176],[14.43304,51.00122],[14.433101,51.001271],[14.433091,51.001315],[14.433082,51.00136],[14.433143,51.001411],[14.433203,51.001461],[14.433194,51.001506],[14.433255,51.001556],[14.433315,51.001607],[14.433376,51.001658],[14.433367,51.001702],[14.433428,51.001753],[14.433418,51.001797],[14.433408,51.001842],[14.433469,51.001892],[14.43353,51.001943],[14.4336,51.001949],[14.433661,51.002],[14.433722,51.00205],[14.433712,51.002095],[14.433703,51.002139],[14.433764,51.00219],[14.433824,51.002241],[14.433885,51.002291],[14.433956,51.002298],[14.434017,51.002348],[14.434078,51.002399],[14.434068,51.002443],[14.434129,51.002494],[14.43419,51.002545],[14.43425,51.002595],[14.434311,51.002646],[14.434372,51.002696],[14.434433,51.002747],[14.434494,51.002798],[14.434555,51.002848],[14.434616,51.002899],[14.434677,51.00295],[14.434737,51.003],[14.434798,51.003051],[14.434859,51.003101],[14.43492,51.003152],[14.434981,51.003203],[14.435042,51.003253],[14.435103,51.003304],[14.435173,51.00331],[14.435234,51.003361],[14.435305,51.003367],[14.435375,51.003373],[14.435436,51.003424],[14.435507,51.00343],[14.435567,51.00348],[14.435558,51.003525],[14.435548,51.003569],[14.435538,51.003614],[14.435458,51.003652],[14.435448,51.003697],[14.435509,51.003747],[14.4355,51.003792],[14.43549,51.003836],[14.435551,51.003887],[14.435612,51.003938],[14.435672,51.003988],[14.435733,51.004039],[14.435794,51.00409],[14.435855,51.00414],[14.435845,51.004185],[14.435765,51.004223],[14.435685,51.004262]]}},{"type":"Feature","properties":{"idx":4221126,"idx_ds":3802807,"pit":false,"upstream_km2":5.441391944885254,"source":"terrain-derived D8 drainage candidate","official_watercourse":false,"threshold_upstream_km2":0.25},"geometry":{"type":"LineString","coordinates":[[14.438927,50.993657],[14.438988,50.993708],[14.439049,50.993758],[14.438968,50.993797],[14.438888,50.993835],[14.438878,50.99388],[14.438869,50.993924],[14.438859,50.993969],[14.438849,50.994013],[14.43884,50.994058],[14.43883,50.994102],[14.43882,50.994147],[14.438811,50.994191],[14.438801,50.994236],[14.438791,50.99428],[14.438852,50.994331],[14.438842,50.994375],[14.438903,50.994426],[14.438894,50.994471],[14.438955,50.994521],[14.439015,50.994572],[14.439076,50.994622],[14.439137,50.994673],[14.439198,50.994724],[14.439188,50.994768],[14.439179,50.994813],[14.439169,50.994857],[14.43923,50.994908],[14.43922,50.994952],[14.439281,50.995003],[14.439342,50.995054],[14.439403,50.995104],[14.439463,50.995155],[14.439524,50.995206],[14.439585,50.995256],[14.439576,50.995301],[14.439566,50.995345],[14.439627,50.995396],[14.439688,50.995446],[14.439748,50.995497],[14.439809,50.995548],[14.43987,50.995598],[14.43986,50.995643],[14.439921,50.995693],[14.439912,50.995738],[14.439902,50.995783],[14.439892,50.995827],[14.439953,50.995878],[14.440014,50.995928],[14.440075,50.995979],[14.440136,50.99603],[14.440197,50.99608],[14.440257,50.996131],[14.440318,50.996181],[14.440379,50.996232],[14.44045,50.996238],[14.440511,50.996289],[14.440581,50.996295],[14.440652,50.996301],[14.440712,50.996352],[14.440773,50.996402],[14.440834,50.996453],[14.440825,50.996497],[14.440815,50.996542],[14.440876,50.996593],[14.440937,50.996643],[14.440997,50.996694],[14.441058,50.996744],[14.441119,50.996795],[14.44118,50.996846],[14.441241,50.996896],[14.441302,50.996947],[14.441222,50.996985],[14.441212,50.99703],[14.441132,50.997068],[14.441051,50.997107],[14.441042,50.997151],[14.441032,50.997196],[14.441022,50.99724],[14.440942,50.997279],[14.440932,50.997323],[14.440993,50.997374],[14.441054,50.997424],[14.441125,50.997431],[14.441186,50.997481],[14.441256,50.997487],[14.441327,50.997493],[14.441388,50.997544],[14.441448,50.997595],[14.441439,50.997639],[14.4415,50.99769],[14.44149,50.997734],[14.441551,50.997785],[14.441541,50.997829],[14.441602,50.99788],[14.441592,50.997925],[14.441653,50.997975],[14.441643,50.99802],[14.441704,50.99807],[14.441775,50.998076],[14.441836,50.998127],[14.441897,50.998178],[14.441957,50.998228],[14.442018,50.998279],[14.442079,50.99833],[14.442069,50.998374],[14.44206,50.998419],[14.44205,50.998463],[14.44204,50.998508],[14.442031,50.998552],[14.442092,50.998603],[14.442082,50.998647],[14.442072,50.998692],[14.442063,50.998736],[14.442123,50.998787],[14.442184,50.998838],[14.442175,50.998882],[14.442235,50.998933],[14.442226,50.998977],[14.442287,50.999028],[14.442277,50.999072],[14.442338,50.999123],[14.442399,50.999174],[14.442469,50.99918],[14.44254,50.999186],[14.442601,50.999237],[14.44252,50.999275],[14.442511,50.999319],[14.442572,50.99937],[14.442562,50.999415],[14.442623,50.999465],[14.442613,50.99951],[14.442603,50.999554],[14.442664,50.999605],[14.442725,50.999656],[14.442715,50.9997],[14.442706,50.999745],[14.442696,50.999789],[14.442757,50.99984],[14.442747,50.999884],[14.442808,50.999935],[14.442869,50.999985],[14.44293,51.000036],[14.442991,51.000087],[14.443052,51.000137],[14.443113,51.000188],[14.443173,51.000239],[14.443234,51.000289],[14.443295,51.00034],[14.443356,51.00039],[14.443417,51.000441],[14.443478,51.000492],[14.443539,51.000542],[14.443599,51.000593],[14.44367,51.000599],[14.443731,51.00065],[14.443801,51.000656],[14.443862,51.000706],[14.443923,51.000757],[14.443984,51.000808],[14.444055,51.000814],[14.444125,51.00082],[14.444186,51.000871],[14.444257,51.000877],[14.444317,51.000927],[14.444388,51.000933],[14.444459,51.000939],[14.444529,51.000946],[14.44459,51.000996],[14.444661,51.001002],[14.444721,51.001053],[14.444792,51.001059],[14.444853,51.00111],[14.444923,51.001116],[14.444994,51.001122],[14.445055,51.001173],[14.445116,51.001223],[14.445186,51.001229],[14.445247,51.00128],[14.445237,51.001324],[14.445228,51.001369],[14.445218,51.001413],[14.445138,51.001452],[14.445128,51.001496],[14.445118,51.001541],[14.445109,51.001585],[14.445029,51.001624],[14.444948,51.001662],[14.444939,51.001707],[14.444858,51.001745],[14.444849,51.00179],[14.444839,51.001834],[14.444759,51.001873],[14.444749,51.001917],[14.44481,51.001968],[14.4448,51.002012],[14.444791,51.002057],[14.444852,51.002107],[14.444912,51.002158],[14.444983,51.002164],[14.445044,51.002215],[14.445124,51.002176],[14.445185,51.002227],[14.445255,51.002233],[14.445326,51.002239],[14.445406,51.002201],[14.445477,51.002207],[14.445547,51.002213],[14.445618,51.002219],[14.445679,51.00227],[14.445749,51.002276],[14.44582,51.002282],[14.4459,51.002244],[14.445961,51.002294],[14.446032,51.0023],[14.446102,51.002306],[14.446173,51.002312],[14.446243,51.002319],[14.446314,51.002325],[14.446384,51.002331],[14.446445,51.002381],[14.446525,51.002343],[14.446596,51.002349],[14.446657,51.0024],[14.446727,51.002406],[14.446798,51.002412],[14.446869,51.002418],[14.446939,51.002424],[14.44701,51.00243],[14.447071,51.002481],[14.447141,51.002487],[14.447212,51.002493],[14.447272,51.002544],[14.447343,51.00255],[14.447414,51.002556],[14.447484,51.002562],[14.447545,51.002613],[14.447625,51.002574],[14.447696,51.00258],[14.447766,51.002586],[14.447827,51.002637],[14.447898,51.002643],[14.447968,51.002649],[14.448049,51.002611],[14.448119,51.002617],[14.44819,51.002623],[14.44826,51.002629],[14.44834,51.002591],[14.448421,51.002552]]}},{"type":"Feature","properties":{"idx":3450825,"idx_ds":3713803,"pit":false,"upstream_km2":0.7374390959739685,"source":"terrain-derived D8 drainage candidate","official_watercourse":false,"threshold_upstream_km2":0.25},"geometry":{"type":"LineString","coordinates":[[14.49411,51.0133],[14.494049,51.013249],[14.493978,51.013243],[14.493908,51.013237],[14.493847,51.013187],[14.493786,51.013136],[14.493715,51.01313],[14.493654,51.013079],[14.493594,51.013029],[14.493533,51.012978],[14.493472,51.012928],[14.493481,51.012883],[14.493491,51.012838],[14.493571,51.0128],[14.493581,51.012756],[14.493661,51.012717],[14.493671,51.012673],[14.493751,51.012634],[14.49376,51.01259],[14.4937,51.012539],[14.493629,51.012533],[14.493558,51.012527],[14.493497,51.012476],[14.493436,51.012426],[14.493376,51.012375],[14.493315,51.012324],[14.493254,51.012274],[14.493193,51.012223],[14.493132,51.012173],[14.493141,51.012128],[14.493151,51.012084],[14.49309,51.012033],[14.493029,51.011982],[14.492968,51.011932],[14.492907,51.011881],[14.492917,51.011837],[14.492927,51.011792],[14.492866,51.011742],[14.492875,51.011697],[14.492814,51.011646],[14.492824,51.011602],[14.492834,51.011557],[14.492773,51.011507],[14.492712,51.011456],[14.492641,51.01145],[14.492571,51.011444],[14.49251,51.011393],[14.492519,51.011349],[14.492529,51.011304],[14.492468,51.011254],[14.492397,51.011248],[14.492337,51.011197],[14.492276,51.011147],[14.492205,51.01114],[14.492144,51.01109],[14.492083,51.011039],[14.492022,51.010989],[14.491952,51.010983],[14.491891,51.010932],[14.49182,51.010926],[14.49175,51.01092],[14.491679,51.010914],[14.491618,51.010863],[14.491547,51.010857],[14.491477,51.010851],[14.491416,51.0108],[14.491345,51.010794],[14.491275,51.010788],[14.491204,51.010782],[14.491143,51.010732],[14.491073,51.010725],[14.491002,51.010719],[14.490941,51.010669],[14.490871,51.010663],[14.4908,51.010657],[14.49073,51.010651],[14.490659,51.010644],[14.490588,51.010638],[14.490518,51.010632],[14.490457,51.010582],[14.490396,51.010531],[14.490406,51.010487],[14.490345,51.010436],[14.490264,51.010474],[14.490194,51.010468],[14.490133,51.010418],[14.490062,51.010412],[14.489992,51.010406],[14.489921,51.010399],[14.489851,51.010393],[14.48977,51.010432],[14.48969,51.01047],[14.48961,51.010509],[14.489539,51.010503],[14.489469,51.010497],[14.489408,51.010446],[14.489418,51.010401],[14.489357,51.010351],[14.489276,51.010389],[14.489206,51.010383],[14.489126,51.010422],[14.489065,51.010371],[14.488994,51.010365],[14.488924,51.010359],[14.488863,51.010308],[14.488802,51.010258],[14.488741,51.010207],[14.48867,51.010201],[14.4886,51.010195],[14.488529,51.010189],[14.488458,51.010183],[14.488388,51.010177],[14.488317,51.010171],[14.488237,51.010209],[14.488167,51.010203],[14.488096,51.010197],[14.488035,51.010146],[14.487965,51.01014],[14.487894,51.010134],[14.487833,51.010083],[14.487762,51.010077],[14.487702,51.010027],[14.487641,51.009976],[14.48758,51.009926],[14.487509,51.009919],[14.487448,51.009869],[14.487378,51.009863],[14.487297,51.009901],[14.487236,51.009851],[14.487166,51.009845],[14.487105,51.009794],[14.487025,51.009832],[14.486945,51.009871],[14.486864,51.009909],[14.486784,51.009948],[14.486704,51.009986],[14.486643,51.009936],[14.486653,51.009891],[14.486662,51.009846],[14.486601,51.009796],[14.486531,51.00979],[14.48646,51.009784],[14.48639,51.009778],[14.486309,51.009816],[14.486229,51.009854],[14.486149,51.009893],[14.486069,51.009931],[14.485989,51.00997],[14.485918,51.009964],[14.485857,51.009913],[14.485796,51.009863],[14.485876,51.009824],[14.485886,51.00978],[14.485825,51.009729],[14.485835,51.009684],[14.485844,51.00964],[14.485783,51.009589],[14.485713,51.009583],[14.485633,51.009622],[14.485552,51.00966],[14.485472,51.009699],[14.485463,51.009743],[14.485382,51.009781],[14.485312,51.009775],[14.485251,51.009725],[14.48518,51.009719],[14.48511,51.009713],[14.485039,51.009707],[14.484978,51.009656],[14.484917,51.009605],[14.484847,51.009599],[14.484776,51.009593],[14.484706,51.009587],[14.484645,51.009536],[14.484574,51.00953],[14.484513,51.00948],[14.484452,51.009429],[14.484391,51.009379],[14.48433,51.009328],[14.48426,51.009322],[14.484199,51.009271],[14.484128,51.009265],[14.484058,51.009259],[14.483987,51.009253],[14.483917,51.009247],[14.483846,51.009241],[14.483766,51.009279],[14.483705,51.009229],[14.483634,51.009223],[14.483554,51.009261],[14.483484,51.009255],[14.483413,51.009249],[14.483342,51.009243],[14.483281,51.009192],[14.483221,51.009142],[14.48315,51.009135],[14.483089,51.009085],[14.483009,51.009123],[14.482938,51.009117],[14.482868,51.009111],[14.482787,51.00915],[14.482707,51.009188],[14.482627,51.009226],[14.482547,51.009265],[14.482476,51.009259],[14.482406,51.009253],[14.482345,51.009202],[14.482284,51.009152],[14.482213,51.009145],[14.482133,51.009184],[14.482053,51.009222],[14.481973,51.009261],[14.481892,51.009299],[14.481812,51.009338],[14.481732,51.009376],[14.481652,51.009414],[14.481572,51.009453],[14.481491,51.009491],[14.481411,51.00953],[14.481331,51.009568],[14.481251,51.009607],[14.48117,51.009645],[14.48109,51.009684],[14.48101,51.009722],[14.480939,51.009716],[14.480869,51.00971],[14.480798,51.009704],[14.480718,51.009742],[14.480657,51.009692],[14.480587,51.009685],[14.480506,51.009724],[14.480426,51.009762],[14.480356,51.009756],[14.480285,51.00975],[14.480224,51.009699],[14.480234,51.009655],[14.480314,51.009617],[14.480253,51.009566],[14.480263,51.009521],[14.480343,51.009483],[14.480282,51.009432],[14.480211,51.009426],[14.480141,51.00942],[14.48007,51.009414],[14.48,51.009408],[14.479939,51.009357],[14.479878,51.009307],[14.479817,51.009256],[14.479756,51.009206],[14.479695,51.009155],[14.479634,51.009104],[14.479573,51.009054],[14.479512,51.009003],[14.479451,51.008953],[14.479391,51.008902],[14.4794,51.008857],[14.479339,51.008807],[14.479278,51.008756],[14.479217,51.008706],[14.479157,51.008655],[14.479086,51.008649],[14.479025,51.008598],[14.478964,51.008548],[14.478894,51.008542],[14.478833,51.008491],[14.478762,51.008485],[14.478692,51.008479],[14.478631,51.008428],[14.47856,51.008422],[14.478499,51.008372],[14.478438,51.008321],[14.478377,51.00827],[14.478307,51.008264],[14.478236,51.008258],[14.478175,51.008208],[14.478105,51.008201],[14.478044,51.008151],[14.477973,51.008145],[14.477903,51.008139],[14.477832,51.008133],[14.477761,51.008126],[14.477691,51.00812],[14.47762,51.008114],[14.47755,51.008108],[14.477479,51.008102],[14.477409,51.008096],[14.477348,51.008045],[14.477277,51.008039],[14.477207,51.008033],[14.477136,51.008027],[14.477065,51.008021],[14.477005,51.00797],[14.476934,51.007964],[14.476863,51.007958],[14.476793,51.007952],[14.476732,51.007902],[14.476661,51.007896],[14.476591,51.007889],[14.47653,51.007839],[14.476459,51.007833],[14.476398,51.007782],[14.476328,51.007776],[14.476257,51.00777],[14.476187,51.007764],[14.476116,51.007758],[14.476046,51.007752],[14.475985,51.007701],[14.475914,51.007695],[14.475844,51.007689],[14.475783,51.007638],[14.475712,51.007632],[14.475641,51.007626],[14.475571,51.00762],[14.47551,51.007569],[14.475439,51.007563],[14.475369,51.007557],[14.475298,51.007551],[14.475237,51.007501],[14.475167,51.007494],[14.475096,51.007488],[14.475026,51.007482],[14.474965,51.007432],[14.474885,51.00747],[14.474824,51.007419],[14.474753,51.007413],[14.474683,51.007407],[14.474612,51.007401],[14.474541,51.007395],[14.474471,51.007389],[14.4744,51.007383],[14.47433,51.007377],[14.474259,51.007371],[14.474189,51.007365],[14.474118,51.007359],[14.474047,51.007352],[14.473977,51.007346],[14.473906,51.00734],[14.473836,51.007334],[14.473765,51.007328],[14.473704,51.007277],[14.473634,51.007271],[14.473563,51.007265],[14.473493,51.007259],[14.473412,51.007298],[14.473342,51.007292],[14.473281,51.007241],[14.47322,51.00719],[14.473149,51.007184],[14.473079,51.007178],[14.473018,51.007128],[14.472947,51.007121],[14.472877,51.007115],[14.472806,51.007109],[14.472736,51.007103],[14.472665,51.007097],[14.472604,51.007046],[14.472543,51.006996],[14.472473,51.00699],[14.472402,51.006984],[14.472332,51.006978],[14.472261,51.006971],[14.4722,51.006921],[14.472139,51.00687],[14.472069,51.006864],[14.471998,51.006858],[14.471928,51.006852],[14.471867,51.006801],[14.471806,51.006751],[14.471745,51.0067],[14.471754,51.006656],[14.471694,51.006605],[14.471703,51.006561],[14.471642,51.00651],[14.471581,51.006459],[14.471591,51.006415],[14.471601,51.00637],[14.471681,51.006332],[14.47162,51.006281]]}},{"type":"Feature","properties":{"idx":4358009,"idx_ds":3991160,"pit":false,"upstream_km2":10.821320533752441,"source":"terrain-derived D8 drainage candidate","official_watercourse":false,"threshold_upstream_km2":0.25},"geometry":{"type":"LineString","coordinates":[[14.476523,50.994278],[14.476513,50.994322],[14.476503,50.994367],[14.476494,50.994411],[14.476484,50.994456],[14.476545,50.994506],[14.476535,50.994551],[14.476526,50.994595],[14.476516,50.99464],[14.476506,50.994685],[14.476497,50.994729],[14.476487,50.994774],[14.476477,50.994818],[14.476468,50.994863],[14.476458,50.994907],[14.476448,50.994952],[14.476509,50.995002],[14.476429,50.995041],[14.476349,50.995079],[14.476269,50.995118],[14.476188,50.995156],[14.476108,50.995194],[14.476028,50.995233],[14.476018,50.995277],[14.475938,50.995316],[14.475858,50.995354],[14.475848,50.995399],[14.475768,50.995437],[14.475688,50.995476],[14.475608,50.995514],[14.475547,50.995463],[14.475476,50.995457],[14.475396,50.995496],[14.475335,50.995445],[14.475255,50.995484],[14.475175,50.995522],[14.475095,50.99556],[14.475014,50.995599],[14.474944,50.995593],[14.474873,50.995587],[14.474793,50.995625],[14.474713,50.995664],[14.474633,50.995702],[14.474553,50.99574],[14.474482,50.995734],[14.474402,50.995773],[14.474322,50.995811],[14.474241,50.99585],[14.474161,50.995888],[14.474152,50.995933],[14.474071,50.995971],[14.473991,50.996009],[14.473911,50.996048],[14.473831,50.996086],[14.473751,50.996125],[14.473741,50.996169],[14.473731,50.996214],[14.473792,50.996264],[14.473783,50.996309],[14.473773,50.996353],[14.473693,50.996392],[14.473612,50.99643],[14.473532,50.996469],[14.473452,50.996507],[14.473372,50.996546],[14.473292,50.996584],[14.473282,50.996628],[14.473202,50.996667],[14.473122,50.996705],[14.473041,50.996744],[14.472961,50.996782],[14.472881,50.996821],[14.472801,50.996859],[14.472721,50.996897],[14.47264,50.996936],[14.47256,50.996974],[14.47248,50.997013],[14.4724,50.997051],[14.47232,50.99709],[14.472239,50.997128],[14.472159,50.997166],[14.472079,50.997205],[14.471999,50.997243],[14.471919,50.997282],[14.471838,50.99732],[14.471758,50.997359],[14.471819,50.997409],[14.47188,50.99746],[14.471951,50.997466],[14.472021,50.997472],[14.472082,50.997523],[14.472153,50.997529],[14.472223,50.997535],[14.472284,50.997585],[14.472355,50.997592],[14.472425,50.997598],[14.472496,50.997604],[14.472566,50.99761],[14.472627,50.99766],[14.472698,50.997666],[14.472768,50.997673],[14.472829,50.997723],[14.4729,50.997729],[14.472961,50.99778],[14.473021,50.99783],[14.473082,50.997881],[14.473153,50.997887],[14.473214,50.997938],[14.473275,50.997988],[14.473336,50.998039],[14.473326,50.998084],[14.473316,50.998128],[14.473307,50.998173],[14.473297,50.998217],[14.473217,50.998256],[14.473207,50.9983],[14.473197,50.998345],[14.473188,50.998389],[14.473108,50.998428],[14.473027,50.998466],[14.473018,50.99851],[14.473008,50.998555],[14.472998,50.9986],[14.472918,50.998638],[14.472838,50.998676],[14.472758,50.998715],[14.472678,50.998753],[14.472738,50.998804],[14.472799,50.998854],[14.47279,50.998899],[14.47278,50.998943],[14.47277,50.998988],[14.47269,50.999026],[14.47261,50.999065],[14.47253,50.999103],[14.47245,50.999142],[14.472369,50.99918],[14.472289,50.999219],[14.472209,50.999257],[14.472129,50.999295],[14.472049,50.999334],[14.471968,50.999372],[14.471888,50.999411],[14.471808,50.999449],[14.471728,50.999488],[14.471648,50.999526],[14.471567,50.999564],[14.471487,50.999603],[14.471407,50.999641],[14.471327,50.99968],[14.471246,50.999718],[14.471166,50.999757],[14.471086,50.999795],[14.471006,50.999833],[14.470926,50.999872],[14.470855,50.999866],[14.470794,50.999815],[14.470804,50.999771],[14.470884,50.999732],[14.470894,50.999688],[14.470833,50.999637],[14.470772,50.999586],[14.470701,50.99958],[14.470621,50.999619],[14.470541,50.999657],[14.470461,50.999696],[14.470381,50.999734],[14.4703,50.999772],[14.47022,50.999811],[14.47014,50.999849],[14.47006,50.999888],[14.469979,50.999926],[14.469899,50.999965],[14.469819,51.000003],[14.469739,51.000041],[14.469659,51.00008],[14.469578,51.000118],[14.469498,51.000157],[14.469418,51.000195],[14.469338,51.000234],[14.469258,51.000272],[14.469177,51.00031],[14.469097,51.000349],[14.469017,51.000387],[14.468937,51.000426],[14.468857,51.000464],[14.468776,51.000503],[14.468696,51.000541],[14.468616,51.000579],[14.468536,51.000618],[14.468455,51.000656]]}},{"type":"Feature","properties":{"idx":4047875,"idx_ds":3904452,"pit":false,"upstream_km2":5.100895404815674,"source":"terrain-derived D8 drainage candidate","official_watercourse":false,"threshold_upstream_km2":0.25},"geometry":{"type":"LineString","coordinates":[[14.489219,51.001359],[14.489139,51.001398],[14.489129,51.001442],[14.489119,51.001487],[14.48911,51.001531],[14.4891,51.001576],[14.48902,51.001614],[14.48894,51.001653],[14.488869,51.001647],[14.488789,51.001685],[14.488709,51.001724],[14.488699,51.001768],[14.488619,51.001807],[14.488609,51.001851],[14.4886,51.001896],[14.48859,51.00194],[14.48858,51.001985],[14.488641,51.002035],[14.488632,51.00208],[14.488622,51.002124],[14.488612,51.002169],[14.488673,51.002219],[14.488664,51.002264],[14.488725,51.002314],[14.488785,51.002365],[14.488846,51.002416],[14.488907,51.002466],[14.488968,51.002517],[14.488959,51.002561],[14.488949,51.002606],[14.488869,51.002644],[14.488789,51.002683],[14.488779,51.002727],[14.488699,51.002766],[14.488689,51.00281],[14.488679,51.002855],[14.48867,51.002899],[14.48866,51.002944],[14.488651,51.002988],[14.488641,51.003033],[14.488631,51.003077],[14.488692,51.003128],[14.488683,51.003173],[14.488673,51.003217],[14.488663,51.003262],[14.488583,51.0033],[14.488503,51.003338],[14.488493,51.003383],[14.488413,51.003421],[14.488403,51.003466],[14.488323,51.003504],[14.488314,51.003549],[14.488233,51.003587],[14.488224,51.003632],[14.488143,51.00367],[14.488134,51.003715],[14.488054,51.003753],[14.488044,51.003798],[14.487964,51.003836],[14.487954,51.003881],[14.487945,51.003925],[14.487864,51.003964],[14.487784,51.004002]]}},{"type":"Feature","properties":{"idx":3833971,"idx_ds":3904452,"pit":false,"upstream_km2":0.2505861520767212,"source":"terrain-derived D8 drainage candidate","official_watercourse":false,"threshold_upstream_km2":0.25},"geometry":{"type":"LineString","coordinates":[[14.490953,51.005636],[14.490892,51.005585],[14.490831,51.005535],[14.49077,51.005484],[14.490699,51.005478],[14.490638,51.005427],[14.490577,51.005377],[14.490516,51.005326],[14.490455,51.005275],[14.490395,51.005225],[14.490334,51.005174],[14.490263,51.005168],[14.490193,51.005162],[14.490122,51.005156],[14.490061,51.005105],[14.49,51.005055],[14.48993,51.005049],[14.489869,51.004998],[14.489808,51.004948],[14.489747,51.004897],[14.489686,51.004846],[14.489625,51.004796],[14.489564,51.004745],[14.489493,51.004739],[14.489423,51.004733],[14.489352,51.004727],[14.489282,51.004721],[14.489221,51.00467],[14.48915,51.004664],[14.48908,51.004658],[14.489019,51.004607],[14.488948,51.004601],[14.488887,51.004551],[14.488807,51.004589],[14.488737,51.004583],[14.488676,51.004532],[14.488605,51.004526],[14.488534,51.00452],[14.488474,51.00447],[14.488403,51.004464],[14.488342,51.004413],[14.488281,51.004362],[14.48822,51.004312],[14.488159,51.004261],[14.488098,51.004211],[14.488037,51.00416],[14.488047,51.004116],[14.487986,51.004065],[14.487996,51.00402],[14.487935,51.00397],[14.487855,51.004008],[14.487784,51.004002]]}},{"type":"Feature","properties":{"idx":2840601,"idx_ds":3294420,"pit":false,"upstream_km2":0.34302830696105957,"source":"terrain-derived D8 drainage candidate","official_watercourse":false,"threshold_upstream_km2":0.25},"geometry":{"type":"LineString","coordinates":[[14.398799,51.016799],[14.398879,51.016761],[14.398889,51.016716],[14.398899,51.016672],[14.398838,51.016621],[14.398777,51.01657],[14.398716,51.01652],[14.398726,51.016475],[14.398806,51.016437],[14.398745,51.016386],[14.398684,51.016336],[14.398624,51.016285],[14.398633,51.01624],[14.398643,51.016196],[14.398582,51.016145],[14.398521,51.016095],[14.398602,51.016056],[14.398611,51.016012],[14.398621,51.015967],[14.398701,51.015929],[14.398711,51.015884],[14.398721,51.01584],[14.398731,51.015795],[14.398811,51.015757],[14.398891,51.015719],[14.398971,51.01568],[14.399052,51.015642],[14.399061,51.015597],[14.399071,51.015553],[14.399081,51.015508],[14.399161,51.01547],[14.399241,51.015431],[14.399322,51.015393],[14.399261,51.015342],[14.399271,51.015298],[14.399351,51.01526],[14.399431,51.015221],[14.399512,51.015183],[14.399521,51.015138],[14.399602,51.0151],[14.399682,51.015062],[14.399692,51.015017],[14.399772,51.014979],[14.399711,51.014928],[14.399721,51.014883],[14.39966,51.014833],[14.39974,51.014794],[14.39982,51.014756],[14.399901,51.014718],[14.399981,51.014679],[14.400061,51.014641],[14.400071,51.014596],[14.400081,51.014552],[14.400091,51.014507],[14.400171,51.014469],[14.400181,51.014424],[14.400261,51.014386],[14.400341,51.014348],[14.400421,51.014309],[14.400502,51.014271],[14.400582,51.014233],[14.400662,51.014194],[14.400743,51.014156],[14.400823,51.014117],[14.400833,51.014073],[14.400913,51.014035],[14.400993,51.013996],[14.401003,51.013952],[14.401083,51.013913],[14.401163,51.013875],[14.401244,51.013837],[14.401324,51.013798],[14.401404,51.01376],[14.401485,51.013721],[14.401565,51.013683],[14.401645,51.013645],[14.401655,51.0136],[14.401735,51.013562],[14.401745,51.013517],[14.401684,51.013467],[14.401764,51.013428],[14.401845,51.01339],[14.401925,51.013351],[14.402005,51.013313],[14.402015,51.013269],[14.402025,51.013224],[14.402034,51.01318],[14.402044,51.013135],[14.402124,51.013097],[14.402134,51.013052],[14.402073,51.013001],[14.402083,51.012957],[14.402163,51.012919],[14.402173,51.012874],[14.402183,51.01283],[14.402193,51.012785],[14.402132,51.012734],[14.402141,51.01269],[14.402151,51.012645],[14.402161,51.012601],[14.402171,51.012556],[14.402251,51.012518],[14.402331,51.01248],[14.402411,51.012441],[14.402492,51.012403],[14.402572,51.012364],[14.402652,51.012326],[14.402733,51.012288],[14.402813,51.012249],[14.402883,51.012255],[14.402964,51.012217],[14.403044,51.012179],[14.403124,51.01214],[14.403205,51.012102],[14.403285,51.012064],[14.403365,51.012025],[14.403445,51.011987],[14.403516,51.011993],[14.403596,51.011954],[14.403677,51.011916],[14.403757,51.011878],[14.403837,51.011839],[14.403776,51.011789],[14.403857,51.01175],[14.403937,51.011712],[14.403947,51.011667],[14.404027,51.011629],[14.404107,51.011591],[14.404117,51.011546],[14.404197,51.011508],[14.404136,51.011457],[14.404146,51.011413],[14.404085,51.011362],[14.404095,51.011317],[14.404175,51.011279],[14.404255,51.011241],[14.404326,51.011247],[14.404397,51.011253],[14.404477,51.011215],[14.404557,51.011176],[14.404637,51.011138],[14.404647,51.011093],[14.404727,51.011055],[14.404808,51.011017],[14.404888,51.010978],[14.404968,51.01094],[14.405049,51.010901],[14.405129,51.010863],[14.405199,51.010869],[14.40527,51.010875],[14.405341,51.010881],[14.405421,51.010843],[14.405501,51.010805],[14.405562,51.010855],[14.405633,51.010861],[14.405693,51.010912],[14.405774,51.010874],[14.405854,51.010835],[14.405934,51.010797],[14.406005,51.010803],[14.406085,51.010765],[14.406095,51.01072],[14.406104,51.010676],[14.406114,51.010631],[14.406124,51.010587],[14.406134,51.010542],[14.406143,51.010498],[14.406153,51.010453],[14.406233,51.010415],[14.406243,51.01037],[14.406253,51.010326],[14.406262,51.010281],[14.406202,51.01023],[14.406141,51.01018],[14.40608,51.010129],[14.406019,51.010079],[14.406099,51.01004],[14.406109,51.009996],[14.406189,51.009957],[14.406199,51.009913],[14.406209,51.009868],[14.406148,51.009818],[14.406087,51.009767],[14.406097,51.009722],[14.406036,51.009672],[14.406046,51.009627],[14.406055,51.009583],[14.406136,51.009544],[14.406075,51.009494],[14.406085,51.009449],[14.406165,51.009411],[14.406245,51.009372],[14.406255,51.009328],[14.406265,51.009283],[14.406204,51.009233],[14.406284,51.009194],[14.406294,51.00915],[14.406304,51.009105],[14.406243,51.009055],[14.406172,51.009049],[14.406111,51.008998],[14.406121,51.008953],[14.406131,51.008909],[14.40614,51.008864],[14.40608,51.008814],[14.406019,51.008763],[14.405958,51.008712],[14.406038,51.008674]]}},{"type":"Feature","properties":{"idx":3656873,"idx_ds":3628685,"pit":false,"upstream_km2":3.166640043258667,"source":"terrain-derived D8 drainage candidate","official_watercourse":false,"threshold_upstream_km2":0.25},"geometry":{"type":"LineString","coordinates":[[14.435685,51.004262],[14.435746,51.004312],[14.435816,51.004318],[14.435887,51.004324],[14.435948,51.004375],[14.436009,51.004426],[14.435999,51.00447],[14.43606,51.004521],[14.43613,51.004527],[14.436191,51.004578],[14.436252,51.004628],[14.436313,51.004679],[14.436383,51.004685],[14.436454,51.004691],[14.436525,51.004697],[14.436595,51.004703],[14.436666,51.004709],[14.436736,51.004716],[14.436807,51.004722],[14.436877,51.004728],[14.436958,51.004689],[14.437018,51.00474],[14.437079,51.004791],[14.43714,51.004841],[14.437201,51.004892],[14.437262,51.004942]]}},{"type":"Feature","properties":{"idx":3628685,"idx_ds":3687633,"pit":false,"upstream_km2":4.1453704833984375,"source":"terrain-derived D8 drainage candidate","official_watercourse":false,"threshold_upstream_km2":0.25},"geometry":{"type":"LineString","coordinates":[[14.437262,51.004942],[14.437333,51.004949],[14.437393,51.004999],[14.437454,51.00505],[14.437525,51.005056],[14.437595,51.005062],[14.437666,51.005068],[14.437736,51.005074],[14.437807,51.00508],[14.437878,51.005087],[14.437958,51.005048],[14.438028,51.005054],[14.438109,51.005016],[14.438189,51.004977],[14.438269,51.004939],[14.438349,51.004901],[14.43842,51.004907],[14.4385,51.004868],[14.43858,51.00483],[14.438651,51.004836],[14.438722,51.004842],[14.438792,51.004848],[14.438853,51.004899],[14.438924,51.004905],[14.438994,51.004911],[14.439065,51.004917],[14.439126,51.004968],[14.439186,51.005018],[14.439247,51.005069],[14.439318,51.005075],[14.439388,51.005081],[14.439469,51.005043],[14.439539,51.005049],[14.43961,51.005055],[14.439671,51.005106],[14.439751,51.005067],[14.439831,51.005029],[14.439911,51.004991],[14.439921,51.004946],[14.439931,51.004902],[14.440011,51.004863],[14.440091,51.004825],[14.440162,51.004831],[14.440232,51.004837],[14.440303,51.004843],[14.440373,51.004849],[14.440444,51.004855],[14.440524,51.004817],[14.440595,51.004823],[14.440675,51.004785],[14.440746,51.004791],[14.440826,51.004752],[14.440906,51.004714],[14.440967,51.004765],[14.441047,51.004726],[14.441118,51.004732],[14.441188,51.004738],[14.441259,51.004744],[14.441329,51.004751],[14.4414,51.004757],[14.44147,51.004763],[14.441541,51.004769],[14.441621,51.00473],[14.441692,51.004737],[14.441762,51.004743],[14.441843,51.004704],[14.441923,51.004666],[14.441993,51.004672],[14.442074,51.004634],[14.442154,51.004595],[14.442164,51.004551],[14.442173,51.004506],[14.442183,51.004462],[14.442193,51.004417],[14.442273,51.004379],[14.442353,51.00434],[14.442433,51.004302],[14.442504,51.004308],[14.442584,51.00427],[14.442655,51.004276],[14.442735,51.004237],[14.442815,51.004199],[14.442886,51.004205],[14.442956,51.004211],[14.443017,51.004262],[14.443088,51.004268],[14.443149,51.004318],[14.44321,51.004369],[14.44328,51.004375],[14.443351,51.004381],[14.443411,51.004432],[14.443482,51.004438],[14.443553,51.004444],[14.443623,51.00445],[14.443684,51.004501],[14.443745,51.004551],[14.443825,51.004513],[14.443896,51.004519],[14.443966,51.004525],[14.444047,51.004487],[14.444056,51.004442],[14.444136,51.004404],[14.444217,51.004366],[14.444226,51.004321],[14.444307,51.004283],[14.444387,51.004244],[14.444457,51.00425],[14.444538,51.004212],[14.444618,51.004174],[14.444698,51.004135],[14.444769,51.004141],[14.444839,51.004147],[14.44491,51.004153],[14.44499,51.004115],[14.445061,51.004121],[14.445121,51.004172],[14.445192,51.004178],[14.445263,51.004184],[14.445343,51.004146],[14.445413,51.004152],[14.445484,51.004158],[14.445554,51.004164],[14.445615,51.004215],[14.445676,51.004265],[14.445756,51.004227],[14.445837,51.004188],[14.445907,51.004194],[14.445978,51.004201],[14.446048,51.004207],[14.446119,51.004213],[14.446189,51.004219],[14.44627,51.00418],[14.44634,51.004187],[14.446411,51.004193],[14.446472,51.004243],[14.446533,51.004294],[14.446593,51.004345],[14.446664,51.004351],[14.446735,51.004357],[14.446805,51.004363],[14.446885,51.004324],[14.446956,51.004331],[14.447026,51.004337],[14.447107,51.004298],[14.447177,51.004304],[14.447248,51.00431],[14.447318,51.004317],[14.447379,51.004367],[14.44745,51.004373],[14.447511,51.004424],[14.447572,51.004475],[14.447632,51.004525],[14.447703,51.004531],[14.447774,51.004537],[14.447844,51.004543],[14.447905,51.004594],[14.447976,51.0046],[14.448036,51.004651],[14.448107,51.004657],[14.448178,51.004663],[14.448248,51.004669],[14.448319,51.004675],[14.448389,51.004681],[14.44846,51.004687],[14.44853,51.004694],[14.448601,51.0047],[14.448671,51.004706],[14.448732,51.004756],[14.448803,51.004763],[14.448873,51.004769],[14.448944,51.004775],[14.449015,51.004781],[14.449075,51.004831],[14.449146,51.004838],[14.449217,51.004844],[14.449287,51.00485],[14.449358,51.004856],[14.449428,51.004862],[14.449499,51.004868],[14.449569,51.004874],[14.44964,51.00488],[14.44971,51.004886]]}},{"type":"Feature","properties":{"idx":3904452,"idx_ds":3909062,"pit":false,"upstream_km2":5.627189636230469,"source":"terrain-derived D8 drainage candidate","official_watercourse":false,"threshold_upstream_km2":0.25},"geometry":{"type":"LineString","coordinates":[[14.487784,51.004002],[14.487704,51.004041],[14.487624,51.004079],[14.487544,51.004117],[14.487473,51.004111],[14.487393,51.00415],[14.487322,51.004144],[14.487261,51.004093],[14.487181,51.004132],[14.48712,51.004081],[14.487059,51.00403],[14.486989,51.004024],[14.486928,51.003974],[14.486857,51.003968],[14.486787,51.003961],[14.486716,51.003955],[14.486636,51.003994],[14.486556,51.004032],[14.486475,51.004071],[14.486395,51.004109],[14.486315,51.004148],[14.486244,51.004142],[14.486164,51.00418],[14.486084,51.004218],[14.486014,51.004212],[14.485933,51.004251],[14.485863,51.004245],[14.485792,51.004239],[14.485722,51.004232],[14.485651,51.004226],[14.485581,51.00422],[14.48552,51.00417],[14.485449,51.004164],[14.485378,51.004158],[14.485308,51.004151],[14.485247,51.004101],[14.485257,51.004056],[14.485196,51.004006],[14.485125,51.004],[14.485064,51.003949],[14.484994,51.003943],[14.484923,51.003937],[14.484853,51.003931],[14.484782,51.003925],[14.484711,51.003919],[14.484641,51.003913],[14.48457,51.003906],[14.4845,51.0039],[14.484429,51.003894],[14.484359,51.003888],[14.484288,51.003882],[14.484217,51.003876],[14.484147,51.00387],[14.484067,51.003908],[14.483996,51.003902],[14.483926,51.003896],[14.483855,51.00389],[14.483775,51.003929],[14.483704,51.003922],[14.483634,51.003916],[14.483554,51.003955],[14.483544,51.003999],[14.483464,51.004038],[14.483383,51.004076],[14.483313,51.00407],[14.483242,51.004064],[14.483172,51.004058],[14.483111,51.004007],[14.48312,51.003963],[14.483201,51.003924],[14.48314,51.003874],[14.483149,51.003829],[14.483089,51.003779],[14.483028,51.003728],[14.482957,51.003722],[14.482877,51.00376],[14.482816,51.00371],[14.482745,51.003704],[14.482675,51.003698],[14.482604,51.003692],[14.482534,51.003685],[14.482463,51.003679],[14.482393,51.003673],[14.482312,51.003712],[14.482242,51.003706],[14.482171,51.0037],[14.48211,51.003649],[14.48204,51.003643],[14.481979,51.003592],[14.481908,51.003586],[14.481847,51.003536],[14.481767,51.003574],[14.481697,51.003568],[14.481626,51.003562],[14.481565,51.003511],[14.481504,51.003461],[14.481443,51.00341],[14.481373,51.003404],[14.481312,51.003353]]}},{"type":"Feature","properties":{"idx":3440284,"idx_ds":3275652,"pit":false,"upstream_km2":0.2553343176841736,"source":"terrain-derived D8 drainage candidate","official_watercourse":false,"threshold_upstream_km2":0.25},"geometry":{"type":"LineString","coordinates":[[14.413837,51.006539],[14.413757,51.006578],[14.413687,51.006572],[14.413606,51.00661],[14.413526,51.006648],[14.413587,51.006699],[14.413648,51.00675],[14.413709,51.0068],[14.413628,51.006839],[14.413619,51.006883],[14.413609,51.006928],[14.41367,51.006978],[14.41366,51.007023],[14.413721,51.007074],[14.413711,51.007118],[14.413772,51.007169],[14.413833,51.007219],[14.413894,51.00727],[14.413954,51.007321],[14.413945,51.007365],[14.413865,51.007404],[14.413784,51.007442],[14.413704,51.00748],[14.413624,51.007519],[14.413543,51.007557],[14.413463,51.007595],[14.413383,51.007634],[14.413303,51.007672],[14.413222,51.007711],[14.413142,51.007749],[14.413062,51.007787],[14.412982,51.007826],[14.412901,51.007864],[14.412821,51.007903],[14.412741,51.007941],[14.41266,51.007979],[14.41258,51.008018],[14.4125,51.008056],[14.41242,51.008094],[14.412339,51.008133],[14.412269,51.008127],[14.412198,51.008121],[14.412118,51.008159],[14.412038,51.008197],[14.411957,51.008236],[14.411877,51.008274],[14.411807,51.008268],[14.411726,51.008306],[14.411646,51.008345],[14.411566,51.008383],[14.411486,51.008422],[14.411415,51.008415],[14.411344,51.008409],[14.411274,51.008403],[14.411203,51.008397],[14.411123,51.008435],[14.411043,51.008474],[14.410962,51.008512],[14.410882,51.008551],[14.410812,51.008544],[14.410731,51.008583],[14.410661,51.008577],[14.410581,51.008615],[14.41051,51.008609],[14.410449,51.008558],[14.410379,51.008552],[14.410298,51.008591],[14.410228,51.008584],[14.410147,51.008623],[14.410067,51.008661],[14.409987,51.0087],[14.409907,51.008738],[14.409826,51.008776],[14.409756,51.00877],[14.409685,51.008764],[14.409605,51.008803],[14.409595,51.008847],[14.409515,51.008885],[14.409444,51.008879],[14.409364,51.008918],[14.409284,51.008956],[14.409204,51.008994],[14.409123,51.009033],[14.409043,51.009071],[14.408963,51.00911],[14.409024,51.00916],[14.408943,51.009199],[14.408863,51.009237],[14.408783,51.009275]]}},{"type":"Feature","properties":{"idx":4057197,"idx_ds":3909062,"pit":false,"upstream_km2":0.2970696985721588,"source":"terrain-derived D8 drainage candidate","official_watercourse":false,"threshold_upstream_km2":0.25},"geometry":{"type":"LineString","coordinates":[[14.483472,51.000682],[14.483533,51.000733],[14.483594,51.000784],[14.483654,51.000834],[14.483645,51.000879],[14.483565,51.000917],[14.483484,51.000956],[14.483404,51.000994],[14.483324,51.001033],[14.483244,51.001071],[14.483234,51.001115],[14.483295,51.001166],[14.483285,51.001211],[14.483276,51.001255],[14.483266,51.0013],[14.483257,51.001344],[14.483247,51.001389],[14.483167,51.001427],[14.483086,51.001466],[14.483006,51.001504],[14.482926,51.001542],[14.482916,51.001587],[14.482836,51.001625],[14.482756,51.001664],[14.482746,51.001708],[14.482807,51.001759],[14.482727,51.001797],[14.482717,51.001842],[14.482708,51.001886],[14.482698,51.001931],[14.482689,51.001975],[14.482608,51.002014],[14.482528,51.002052],[14.482518,51.002097],[14.482509,51.002141],[14.482429,51.00218],[14.482419,51.002224],[14.482409,51.002269],[14.482329,51.002307],[14.482319,51.002352],[14.482239,51.00239],[14.48223,51.002435],[14.482149,51.002473],[14.482069,51.002512],[14.481989,51.00255],[14.48205,51.002601],[14.482111,51.002651],[14.482172,51.002702],[14.482233,51.002752],[14.482294,51.002803],[14.482284,51.002848],[14.482274,51.002892],[14.482265,51.002937],[14.482184,51.002975],[14.482104,51.003014],[14.482024,51.003052],[14.481944,51.00309],[14.481864,51.003129],[14.481783,51.003167],[14.481703,51.003206],[14.481623,51.003244],[14.481543,51.003283],[14.481463,51.003321],[14.481392,51.003315],[14.481312,51.003353]]}},{"type":"Feature","properties":{"idx":3181675,"idx_ds":3275652,"pit":false,"upstream_km2":0.2520855665206909,"source":"terrain-derived D8 drainage candidate","official_watercourse":false,"threshold_upstream_km2":0.25},"geometry":{"type":"LineString","coordinates":[[14.41284,51.011442],[14.412769,51.011436],[14.412708,51.011385],[14.412638,51.011379],[14.412567,51.011373],[14.412497,51.011367],[14.412436,51.011316],[14.412365,51.01131],[14.412295,51.011304],[14.412224,51.011298],[14.412153,51.011292],[14.412083,51.011286],[14.412022,51.011235],[14.411961,51.011184],[14.411891,51.011178],[14.41183,51.011128],[14.411769,51.011077],[14.411698,51.011071],[14.411637,51.01102],[14.411577,51.01097],[14.411516,51.010919],[14.411455,51.010868],[14.411384,51.010862],[14.411314,51.010856],[14.411243,51.01085],[14.411182,51.010799],[14.411112,51.010793],[14.411051,51.010742],[14.41098,51.010736],[14.4109,51.010775],[14.410839,51.010724],[14.410769,51.010718],[14.410698,51.010712],[14.410628,51.010706],[14.410567,51.010655],[14.410496,51.010649],[14.410435,51.010598],[14.410374,51.010548],[14.410314,51.010497],[14.410323,51.010452],[14.410333,51.010408],[14.410413,51.01037],[14.410423,51.010325],[14.410362,51.010274],[14.410372,51.01023],[14.410382,51.010185],[14.410391,51.010141],[14.410331,51.01009],[14.41027,51.01004],[14.410199,51.010033],[14.410129,51.010027],[14.410068,51.009977],[14.410007,51.009926],[14.409936,51.00992],[14.409875,51.009869],[14.409805,51.009863],[14.409744,51.009812],[14.409683,51.009762],[14.409622,51.009711],[14.409562,51.009661],[14.409481,51.009699],[14.409411,51.009693],[14.40935,51.009642],[14.40936,51.009598],[14.409299,51.009547],[14.409308,51.009503],[14.409248,51.009452],[14.409187,51.009401],[14.409116,51.009395],[14.409046,51.009389],[14.408975,51.009383],[14.408914,51.009332],[14.408853,51.009282],[14.408783,51.009275]]}},{"type":"Feature","properties":{"idx":3925070,"idx_ds":3802807,"pit":false,"upstream_km2":0.34595248103141785,"source":"terrain-derived D8 drainage candidate","official_watercourse":false,"threshold_upstream_km2":0.25},"geometry":{"type":"LineString","coordinates":[[14.4497,51.000305],[14.44969,51.000349],[14.449751,51.0004],[14.449742,51.000444],[14.449732,51.000489],[14.449722,51.000533],[14.449783,51.000584],[14.449773,51.000629],[14.449764,51.000673],[14.449754,51.000718],[14.449744,51.000762],[14.449664,51.0008],[14.449654,51.000845],[14.449574,51.000883],[14.449565,51.000928],[14.449555,51.000972],[14.449545,51.001017],[14.449465,51.001055],[14.449526,51.001106],[14.449587,51.001157],[14.449506,51.001195],[14.449497,51.00124],[14.449487,51.001284],[14.449407,51.001322],[14.449327,51.001361],[14.449246,51.001399],[14.449166,51.001438],[14.449086,51.001476],[14.449076,51.001521],[14.449067,51.001565],[14.449127,51.001616],[14.449188,51.001666],[14.449179,51.001711],[14.44924,51.001762],[14.44923,51.001806],[14.44915,51.001844],[14.449069,51.001883],[14.44906,51.001927],[14.44898,51.001966],[14.448899,51.002004],[14.448819,51.002043],[14.448809,51.002087],[14.448729,51.002126],[14.448649,51.002164],[14.448639,51.002208],[14.44863,51.002253],[14.448549,51.002291],[14.44854,51.002336],[14.44853,51.00238],[14.44845,51.002419],[14.44837,51.002457],[14.44836,51.002502],[14.448421,51.002552]]}},{"type":"Feature","properties":{"idx":3909062,"idx_ds":3713803,"pit":false,"upstream_km2":6.307652473449707,"source":"terrain-derived D8 drainage candidate","official_watercourse":false,"threshold_upstream_km2":0.25},"geometry":{"type":"LineString","coordinates":[[14.481312,51.003353],[14.481251,51.003303],[14.48118,51.003297],[14.4811,51.003335],[14.48102,51.003373],[14.48101,51.003418],[14.48093,51.003456],[14.48086,51.00345],[14.480779,51.003489],[14.480709,51.003483],[14.480629,51.003521],[14.480548,51.00356],[14.480539,51.003604],[14.480458,51.003643],[14.480449,51.003687],[14.480369,51.003725],[14.480288,51.003764],[14.480208,51.003802],[14.480128,51.003841],[14.480048,51.003879],[14.479987,51.003829],[14.479997,51.003784],[14.479936,51.003733],[14.479875,51.003683],[14.479804,51.003677],[14.479743,51.003626],[14.479663,51.003665],[14.479583,51.003703],[14.479512,51.003697],[14.479432,51.003735],[14.479352,51.003774],[14.479272,51.003812],[14.479191,51.003851],[14.479111,51.003889],[14.479102,51.003934],[14.479021,51.003972],[14.478941,51.004011],[14.478861,51.004049],[14.478851,51.004093],[14.478771,51.004132],[14.478691,51.00417],[14.47862,51.004164],[14.47854,51.004203],[14.47847,51.004197],[14.478399,51.00419],[14.478328,51.004184],[14.478248,51.004223],[14.478178,51.004217],[14.478117,51.004166],[14.478046,51.00416],[14.477966,51.004198],[14.477886,51.004237],[14.477806,51.004275],[14.477725,51.004314],[14.477655,51.004308],[14.477575,51.004346],[14.477504,51.00434],[14.477433,51.004334],[14.477373,51.004283],[14.477302,51.004277],[14.477241,51.004227],[14.477171,51.004221],[14.47711,51.00417],[14.477039,51.004164],[14.476968,51.004158],[14.476898,51.004152],[14.476837,51.004101],[14.476757,51.004139],[14.476686,51.004133],[14.476606,51.004172],[14.476526,51.00421],[14.476516,51.004255],[14.476577,51.004305],[14.476497,51.004344],[14.476487,51.004388],[14.476407,51.004427],[14.476336,51.004421],[14.476256,51.004459],[14.476186,51.004453],[14.476115,51.004447],[14.476045,51.004441],[14.475974,51.004435],[14.475903,51.004429],[14.475843,51.004378],[14.475772,51.004372],[14.475701,51.004366],[14.475631,51.00436],[14.475551,51.004398],[14.47548,51.004392],[14.475409,51.004386],[14.475339,51.00438],[14.475259,51.004418],[14.475188,51.004412],[14.475108,51.004451],[14.475028,51.004489],[14.475018,51.004534],[14.475008,51.004578],[14.474928,51.004617],[14.474848,51.004655],[14.474768,51.004693],[14.474688,51.004732],[14.474617,51.004726],[14.474537,51.004764],[14.474466,51.004758],[14.474396,51.004752],[14.474325,51.004746],[14.474245,51.004784],[14.474165,51.004823],[14.474084,51.004861],[14.474004,51.0049],[14.473995,51.004944],[14.474056,51.004995],[14.474046,51.005039],[14.474036,51.005084],[14.473956,51.005122],[14.473876,51.005161],[14.473796,51.005199],[14.473715,51.005238],[14.473645,51.005231],[14.473584,51.005181],[14.473513,51.005175],[14.473443,51.005169],[14.473372,51.005163],[14.473292,51.005201],[14.473212,51.005239],[14.473202,51.005284],[14.473122,51.005322],[14.473042,51.005361],[14.473032,51.005405],[14.472952,51.005444],[14.472872,51.005482],[14.472791,51.005521],[14.472711,51.005559],[14.472631,51.005597],[14.472551,51.005636],[14.472612,51.005687],[14.472673,51.005737],[14.472592,51.005776],[14.472512,51.005814],[14.472432,51.005852],[14.472352,51.005891],[14.472271,51.005929],[14.472191,51.005968],[14.472111,51.006006],[14.472101,51.006051],[14.472021,51.006089],[14.471941,51.006127],[14.471861,51.006166],[14.47178,51.006204],[14.4717,51.006243],[14.47162,51.006281]]}},{"type":"Feature","properties":{"idx":3991160,"idx_ds":3692624,"pit":false,"upstream_km2":13.25185489654541,"source":"terrain-derived D8 drainage candidate","official_watercourse":false,"threshold_upstream_km2":0.25},"geometry":{"type":"LineString","coordinates":[[14.468455,51.000656],[14.468446,51.000701],[14.468366,51.000739],[14.468356,51.000784],[14.468346,51.000828],[14.468337,51.000873],[14.468327,51.000917],[14.468317,51.000962],[14.468308,51.001006],[14.468369,51.001057],[14.468359,51.001101],[14.468349,51.001146],[14.46834,51.00119],[14.468259,51.001229],[14.468179,51.001267],[14.468118,51.001217],[14.468038,51.001255],[14.467958,51.001294],[14.467878,51.001332],[14.467797,51.00137],[14.467717,51.001409],[14.467637,51.001447],[14.467557,51.001486],[14.467477,51.001524],[14.467396,51.001563],[14.467387,51.001607],[14.467306,51.001645],[14.467297,51.00169],[14.467287,51.001735],[14.467277,51.001779],[14.467268,51.001824],[14.467329,51.001874],[14.467319,51.001919],[14.467239,51.001957],[14.467229,51.002002],[14.46729,51.002052],[14.46728,51.002097],[14.467341,51.002147],[14.467412,51.002153],[14.467482,51.00216],[14.467553,51.002166],[14.467633,51.002127],[14.467704,51.002133],[14.467774,51.002139],[14.467855,51.002101],[14.467925,51.002107],[14.467996,51.002113],[14.468066,51.002119],[14.468146,51.002081],[14.468227,51.002042],[14.468297,51.002049],[14.468368,51.002055],[14.468438,51.002061],[14.468499,51.002111],[14.46856,51.002162],[14.468621,51.002213],[14.468701,51.002174],[14.468772,51.00218],[14.468833,51.002231],[14.468903,51.002237],[14.468974,51.002243],[14.469035,51.002294],[14.469025,51.002338],[14.469015,51.002383],[14.468935,51.002421],[14.468925,51.002466],[14.468916,51.00251],[14.468906,51.002555],[14.468897,51.002599],[14.468887,51.002644],[14.468877,51.002688],[14.468797,51.002727],[14.468787,51.002771],[14.468778,51.002816],[14.468768,51.00286],[14.468829,51.002911],[14.468819,51.002955],[14.468739,51.002994],[14.468729,51.003038],[14.46879,51.003089],[14.468781,51.003133],[14.468771,51.003178],[14.468761,51.003222],[14.468752,51.003267],[14.468813,51.003318],[14.468732,51.003356],[14.468723,51.003401],[14.468784,51.003451],[14.468774,51.003496],[14.468835,51.003546],[14.468825,51.003591],[14.468886,51.003641],[14.468947,51.003692],[14.469008,51.003743],[14.469069,51.003793],[14.46913,51.003844],[14.469191,51.003894],[14.469181,51.003939],[14.469171,51.003984],[14.469232,51.004034],[14.469222,51.004079],[14.469213,51.004123],[14.469274,51.004174],[14.469194,51.004212],[14.469184,51.004257],[14.469245,51.004307],[14.469235,51.004352],[14.469155,51.00439],[14.469075,51.004429],[14.469065,51.004473],[14.469055,51.004518],[14.469046,51.004562],[14.469036,51.004607],[14.468956,51.004645],[14.468876,51.004684],[14.468795,51.004722],[14.468856,51.004773],[14.468917,51.004823],[14.468988,51.004829],[14.469058,51.004835],[14.469129,51.004842],[14.469209,51.004803],[14.46927,51.004854],[14.469331,51.004904],[14.469321,51.004949],[14.469312,51.004993],[14.469302,51.005038],[14.469363,51.005089],[14.469424,51.005139],[14.469414,51.005184],[14.469475,51.005234],[14.469465,51.005279],[14.469456,51.005323],[14.469446,51.005368],[14.469507,51.005418],[14.469577,51.005425],[14.469648,51.005431],[14.469728,51.005392],[14.469789,51.005443],[14.46985,51.005493],[14.469911,51.005544],[14.469972,51.005595],[14.470033,51.005645],[14.470094,51.005696],[14.470155,51.005746],[14.470225,51.005753],[14.470286,51.005803],[14.470347,51.005854],[14.470337,51.005898],[14.470328,51.005943],[14.470247,51.005981],[14.470238,51.006026],[14.470158,51.006064],[14.470218,51.006115],[14.470209,51.006159],[14.470199,51.006204],[14.470189,51.006248],[14.47018,51.006293],[14.47017,51.006337],[14.470231,51.006388],[14.470221,51.006433],[14.470212,51.006477],[14.470202,51.006522],[14.470122,51.00656]]}},{"type":"Feature","properties":{"idx":3802807,"idx_ds":3687633,"pit":false,"upstream_km2":6.623612403869629,"source":"terrain-derived D8 drainage candidate","official_watercourse":false,"threshold_upstream_km2":0.25},"geometry":{"type":"LineString","coordinates":[[14.448421,51.002552],[14.448482,51.002603],[14.448552,51.002609],[14.448623,51.002615],[14.448684,51.002666],[14.448674,51.00271],[14.448664,51.002755],[14.448725,51.002806],[14.448715,51.00285],[14.448706,51.002895],[14.448767,51.002945],[14.448686,51.002984],[14.448747,51.003034],[14.448808,51.003085],[14.448869,51.003135],[14.44893,51.003186],[14.448991,51.003237],[14.448981,51.003281],[14.449042,51.003332],[14.449103,51.003382],[14.449164,51.003433],[14.449154,51.003478],[14.449144,51.003522],[14.449135,51.003567],[14.449054,51.003605],[14.449045,51.00365],[14.449035,51.003694],[14.448955,51.003733],[14.448945,51.003777],[14.448936,51.003822],[14.448996,51.003872],[14.449057,51.003923],[14.449118,51.003973],[14.449179,51.004024],[14.44924,51.004075],[14.449301,51.004125],[14.449221,51.004164],[14.449211,51.004208],[14.449201,51.004253],[14.449262,51.004303],[14.449323,51.004354],[14.449384,51.004405],[14.449374,51.004449],[14.449365,51.004494],[14.449284,51.004532],[14.449345,51.004583],[14.449406,51.004633],[14.449467,51.004684],[14.449528,51.004735],[14.449589,51.004785],[14.44965,51.004836],[14.44971,51.004886]]}},{"type":"Feature","properties":{"idx":3275652,"idx_ds":3294420,"pit":false,"upstream_km2":1.0369582176208496,"source":"terrain-derived D8 drainage candidate","official_watercourse":false,"threshold_upstream_km2":0.25},"geometry":{"type":"LineString","coordinates":[[14.408783,51.009275],[14.408712,51.009269],[14.408632,51.009308],[14.408561,51.009302],[14.408491,51.009295],[14.408411,51.009334],[14.40833,51.009372],[14.408269,51.009322],[14.408209,51.009271],[14.408148,51.00922],[14.408157,51.009176],[14.408097,51.009125],[14.408036,51.009074],[14.407965,51.009068],[14.407885,51.009107],[14.407814,51.009101],[14.407744,51.009094],[14.407683,51.009044],[14.407612,51.009038],[14.407552,51.008987],[14.407481,51.008981],[14.40741,51.008975],[14.40733,51.009013],[14.407269,51.008962],[14.407279,51.008918],[14.407289,51.008873],[14.407369,51.008835],[14.407379,51.008791],[14.407318,51.00874],[14.407247,51.008734],[14.407167,51.008772],[14.407087,51.008811],[14.407016,51.008804],[14.406946,51.008798],[14.406875,51.008792],[14.406814,51.008742],[14.406753,51.008691],[14.406683,51.008685],[14.406612,51.008679],[14.406542,51.008672],[14.406471,51.008666],[14.40641,51.008616],[14.40634,51.00861],[14.406269,51.008603],[14.406189,51.008642],[14.406118,51.008636],[14.406038,51.008674]]}},{"type":"Feature","properties":{"idx":3294420,"idx_ds":3686813,"pit":false,"upstream_km2":2.753804922103882,"source":"terrain-derived D8 drainage candidate","official_watercourse":false,"threshold_upstream_km2":0.25},"geometry":{"type":"LineString","coordinates":[[14.406038,51.008674],[14.405977,51.008623],[14.405907,51.008617],[14.405836,51.008611],[14.405766,51.008605],[14.405695,51.008599],[14.405634,51.008548],[14.405573,51.008498],[14.405513,51.008447],[14.405452,51.008396],[14.405391,51.008346],[14.40533,51.008295],[14.405269,51.008244],[14.405199,51.008238],[14.405128,51.008232],[14.405058,51.008226],[14.404987,51.00822],[14.404916,51.008214],[14.404856,51.008163],[14.404785,51.008157],[14.404705,51.008195],[14.404624,51.008234],[14.404564,51.008183],[14.404493,51.008177],[14.404423,51.008171],[14.404342,51.008209],[14.404262,51.008248],[14.404182,51.008286],[14.404101,51.008324],[14.404021,51.008363],[14.403951,51.008357],[14.40388,51.00835],[14.403809,51.008344],[14.403749,51.008294],[14.403688,51.008243],[14.403698,51.008199],[14.403707,51.008154],[14.403788,51.008116],[14.403797,51.008071],[14.403736,51.00802],[14.403676,51.00797],[14.403615,51.007919],[14.403554,51.007869],[14.403493,51.007818],[14.403432,51.007767],[14.403362,51.007761],[14.403301,51.00771],[14.40323,51.007704],[14.40316,51.007698],[14.403089,51.007692],[14.403019,51.007686],[14.402948,51.00768],[14.402877,51.007674],[14.402817,51.007623],[14.402756,51.007572],[14.402695,51.007522],[14.402624,51.007516],[14.402544,51.007554],[14.402464,51.007592],[14.402384,51.007631],[14.402303,51.007669],[14.402242,51.007618],[14.402182,51.007568],[14.402111,51.007562],[14.40205,51.007511],[14.40198,51.007505],[14.401909,51.007499],[14.401829,51.007537],[14.401758,51.007531],[14.401688,51.007525],[14.401617,51.007519],[14.401547,51.007513],[14.401466,51.007551],[14.401406,51.0075],[14.401325,51.007539],[14.401255,51.007533],[14.401174,51.007571],[14.401114,51.00752],[14.401033,51.007559],[14.400963,51.007553],[14.400892,51.007546],[14.400822,51.00754],[14.400751,51.007534],[14.400681,51.007528],[14.4006,51.007566],[14.400539,51.007516],[14.400479,51.007465],[14.400408,51.007459],[14.400337,51.007453],[14.400277,51.007402],[14.400196,51.007441],[14.400126,51.007434],[14.400055,51.007428],[14.399985,51.007422],[14.399914,51.007416],[14.399844,51.00741],[14.399783,51.007359],[14.399712,51.007353],[14.399651,51.007302],[14.399591,51.007252],[14.39952,51.007246],[14.399449,51.00724],[14.399389,51.007189],[14.399318,51.007183],[14.399247,51.007177],[14.399187,51.007126],[14.399116,51.00712],[14.399046,51.007114],[14.398965,51.007152],[14.398885,51.00719],[14.398805,51.007229],[14.398724,51.007267],[14.398644,51.007306],[14.398583,51.007255],[14.398522,51.007204],[14.398462,51.007154],[14.398391,51.007147],[14.398321,51.007141],[14.39826,51.007091],[14.398199,51.00704],[14.398209,51.006996],[14.398148,51.006945],[14.398087,51.006894],[14.398026,51.006844],[14.397956,51.006837],[14.397885,51.006831],[14.397824,51.006781],[14.397754,51.006775],[14.397693,51.006724],[14.397622,51.006718],[14.397561,51.006667],[14.397501,51.006616],[14.39744,51.006566],[14.397379,51.006515],[14.397389,51.006471],[14.397398,51.006426],[14.397479,51.006388],[14.397559,51.006349],[14.397639,51.006311],[14.397649,51.006266],[14.397659,51.006222],[14.397598,51.006171],[14.397537,51.006121],[14.397476,51.00607],[14.397415,51.006019],[14.397355,51.005969],[14.397294,51.005918],[14.397233,51.005867],[14.397172,51.005817],[14.397182,51.005772],[14.397121,51.005722],[14.39706,51.005671],[14.39699,51.005665],[14.396909,51.005703],[14.396839,51.005697],[14.396778,51.005646],[14.396717,51.005596],[14.396727,51.005551],[14.396666,51.005501],[14.396605,51.00545],[14.396615,51.005405],[14.396554,51.005355],[14.396483,51.005349],[14.396423,51.005298],[14.396362,51.005247],[14.396301,51.005197],[14.39623,51.005191],[14.39617,51.00514],[14.396109,51.005089],[14.396029,51.005128],[14.395968,51.005077],[14.395907,51.005026],[14.395917,51.004982],[14.395856,51.004931],[14.395776,51.00497],[14.395715,51.004919],[14.395644,51.004913],[14.395583,51.004862],[14.395593,51.004818],[14.395673,51.004779],[14.395683,51.004735],[14.395693,51.00469],[14.395702,51.004646],[14.395642,51.004595],[14.395651,51.004551],[14.395591,51.0045],[14.39553,51.004449],[14.395469,51.004399],[14.395479,51.004354],[14.395418,51.004303],[14.395338,51.004342],[14.395257,51.00438],[14.395196,51.004329],[14.395136,51.004279],[14.395075,51.004228],[14.395155,51.00419],[14.395165,51.004145],[14.395175,51.004101],[14.395184,51.004056],[14.395123,51.004006],[14.395133,51.003961],[14.395072,51.00391],[14.395153,51.003872],[14.395092,51.003821],[14.395102,51.003777],[14.395182,51.003739],[14.395192,51.003694],[14.395131,51.003643],[14.39507,51.003593],[14.39508,51.003548],[14.395019,51.003498],[14.394958,51.003447],[14.394887,51.003441],[14.394817,51.003435],[14.394756,51.003384],[14.394695,51.003333],[14.394634,51.003283],[14.394574,51.003232],[14.394513,51.003181],[14.394452,51.003131],[14.394381,51.003125],[14.394311,51.003118],[14.39425,51.003068],[14.394189,51.003017],[14.394128,51.002967],[14.394068,51.002916],[14.394148,51.002877],[14.394228,51.002839],[14.394308,51.002801],[14.394389,51.002762],[14.394398,51.002718],[14.394408,51.002673],[14.394418,51.002629],[14.394357,51.002578],[14.394296,51.002528],[14.394235,51.002477],[14.394175,51.002426],[14.394114,51.002376],[14.394053,51.002325],[14.393992,51.002274],[14.393931,51.002224],[14.393871,51.002173],[14.39381,51.002122],[14.393749,51.002072],[14.393759,51.002027],[14.393698,51.001976],[14.393708,51.001932],[14.393647,51.001881],[14.393586,51.001831],[14.393596,51.001786],[14.393676,51.001748],[14.393615,51.001697],[14.393554,51.001646],[14.393564,51.001602],[14.393503,51.001551],[14.393442,51.001501],[14.393372,51.001495],[14.393301,51.001488],[14.393221,51.001527],[14.393141,51.001565],[14.39307,51.001559],[14.393009,51.001508],[14.392939,51.001502],[14.392868,51.001496],[14.392788,51.001534],[14.392727,51.001484],[14.392737,51.001439],[14.392747,51.001395],[14.392686,51.001344],[14.392625,51.001293],[14.392545,51.001332],[14.392484,51.001281],[14.392494,51.001237],[14.392574,51.001198],[14.392584,51.001154],[14.392523,51.001103],[14.392533,51.001059],[14.392472,51.001008],[14.392411,51.000957],[14.392421,51.000913],[14.39243,51.000868],[14.39244,51.000824],[14.39245,51.000779],[14.39246,51.000735],[14.392469,51.00069],[14.392479,51.000646],[14.392489,51.000601],[14.392498,51.000557],[14.392438,51.000506],[14.392447,51.000462],[14.392457,51.000417],[14.392396,51.000366],[14.392335,51.000316],[14.392275,51.000265],[14.392204,51.000259],[14.392143,51.000208],[14.392083,51.000158],[14.392092,51.000113],[14.392102,51.000069],[14.392041,51.000018],[14.39198,50.999967],[14.39192,50.999917],[14.391859,50.999866]]}},{"type":"Feature","properties":{"idx":3687633,"idx_ds":3464469,"pit":false,"upstream_km2":11.42013931274414,"source":"terrain-derived D8 drainage candidate","official_watercourse":false,"threshold_upstream_km2":0.25},"geometry":{"type":"LineString","coordinates":[[14.44971,51.004886],[14.449781,51.004893],[14.449852,51.004899],[14.449922,51.004905],[14.449993,51.004911],[14.450054,51.004961],[14.450124,51.004968],[14.450195,51.004974],[14.450265,51.00498],[14.450336,51.004986],[14.450397,51.005037],[14.450467,51.005043],[14.450528,51.005093],[14.450599,51.005099],[14.450669,51.005105],[14.45074,51.005112],[14.450801,51.005162],[14.450862,51.005213],[14.450942,51.005174],[14.451022,51.005136],[14.451093,51.005142],[14.451153,51.005193],[14.451224,51.005199],[14.451295,51.005205],[14.451355,51.005256],[14.451426,51.005262],[14.451497,51.005268],[14.451577,51.005229],[14.451647,51.005235],[14.451718,51.005242],[14.451789,51.005248],[14.451859,51.005254],[14.45193,51.00526],[14.451991,51.00531],[14.452051,51.005361],[14.452112,51.005412],[14.452173,51.005462],[14.452093,51.005501],[14.452013,51.005539],[14.452003,51.005584],[14.452064,51.005634],[14.452134,51.00564],[14.452205,51.005646],[14.452276,51.005653],[14.452336,51.005703],[14.452397,51.005754],[14.452388,51.005798],[14.452378,51.005843],[14.452368,51.005887],[14.452288,51.005926],[14.452349,51.005976],[14.452339,51.006021],[14.4524,51.006072],[14.45232,51.00611],[14.45224,51.006148],[14.45223,51.006193],[14.452291,51.006244],[14.452362,51.00625],[14.452432,51.006256],[14.452512,51.006217],[14.452583,51.006223],[14.452653,51.00623],[14.452734,51.006191],[14.452814,51.006153],[14.452884,51.006159],[14.452945,51.006209],[14.453006,51.00626],[14.453077,51.006266],[14.453157,51.006228],[14.453237,51.006189],[14.453318,51.006151],[14.453398,51.006112],[14.453478,51.006074],[14.453549,51.00608],[14.453619,51.006086],[14.45369,51.006092],[14.45377,51.006054],[14.45384,51.00606],[14.453901,51.006111],[14.453962,51.006161],[14.453953,51.006206],[14.454013,51.006256],[14.454074,51.006307],[14.454155,51.006269],[14.454225,51.006275],[14.454305,51.006236],[14.454376,51.006242],[14.454437,51.006293],[14.454507,51.006299],[14.454568,51.00635],[14.454639,51.006356],[14.454709,51.006362],[14.45477,51.006413],[14.454841,51.006419],[14.454911,51.006425],[14.454972,51.006475],[14.455043,51.006482],[14.455104,51.006532],[14.455094,51.006577],[14.455155,51.006627],[14.455075,51.006666],[14.455065,51.00671],[14.455126,51.006761],[14.455196,51.006767],[14.455267,51.006773],[14.455328,51.006824],[14.455389,51.006874],[14.455309,51.006913],[14.455228,51.006951],[14.455289,51.007002],[14.45535,51.007052],[14.455421,51.007058],[14.455482,51.007109],[14.455562,51.007071],[14.455642,51.007032],[14.455713,51.007038],[14.455774,51.007089],[14.455764,51.007134],[14.455825,51.007184],[14.455886,51.007235],[14.455947,51.007285],[14.456007,51.007336],[14.455998,51.00738],[14.455988,51.007425],[14.456049,51.007476],[14.45612,51.007482],[14.45618,51.007532],[14.456241,51.007583],[14.456302,51.007634],[14.456373,51.00764],[14.456443,51.007646],[14.456504,51.007696],[14.456565,51.007747],[14.456626,51.007798],[14.456687,51.007848],[14.456748,51.007899],[14.456809,51.00795],[14.45687,51.008],[14.45694,51.008006],[14.457001,51.008057],[14.457062,51.008107],[14.457132,51.008114],[14.457193,51.008164],[14.457264,51.00817],[14.457335,51.008176],[14.457395,51.008227],[14.457466,51.008233],[14.457537,51.008239],[14.457597,51.00829],[14.457668,51.008296],[14.457739,51.008302],[14.457799,51.008353],[14.45787,51.008359],[14.457931,51.008409],[14.458001,51.008415],[14.458062,51.008466],[14.458133,51.008472],[14.458194,51.008523],[14.458255,51.008573],[14.458316,51.008624],[14.458377,51.008675],[14.458437,51.008725],[14.458498,51.008776],[14.458569,51.008782],[14.45863,51.008833],[14.458691,51.008883],[14.458752,51.008934],[14.458822,51.00894],[14.458883,51.008991],[14.458954,51.008997],[14.459034,51.008958],[14.459104,51.008964],[14.459175,51.00897],[14.459255,51.008932],[14.459326,51.008938],[14.459396,51.008944],[14.459467,51.00895],[14.459547,51.008912],[14.459627,51.008873],[14.459708,51.008835],[14.459778,51.008841],[14.459858,51.008803],[14.459929,51.008809],[14.46,51.008815],[14.46007,51.008821],[14.460141,51.008827],[14.460211,51.008833],[14.460282,51.008839],[14.460343,51.00889],[14.460404,51.008941],[14.460474,51.008947],[14.460535,51.008997],[14.460606,51.009003],[14.460667,51.009054],[14.460737,51.00906],[14.460808,51.009066],[14.460869,51.009117],[14.460939,51.009123],[14.46101,51.009129],[14.46108,51.009135],[14.461151,51.009141],[14.461221,51.009147],[14.461292,51.009153],[14.461353,51.009204],[14.461423,51.00921],[14.461494,51.009216],[14.461565,51.009222],[14.461625,51.009273],[14.461696,51.009279],[14.461767,51.009285],[14.461837,51.009291],[14.461898,51.009342],[14.461969,51.009348],[14.46203,51.009399],[14.46209,51.009449],[14.462151,51.0095],[14.462212,51.00955],[14.462203,51.009595],[14.462193,51.009639],[14.462183,51.009684],[14.462174,51.009728],[14.462164,51.009773],[14.462154,51.009818],[14.462074,51.009856],[14.461994,51.009894],[14.461984,51.009939],[14.461904,51.009977],[14.461824,51.010016],[14.461814,51.01006],[14.461734,51.010099],[14.461653,51.010137],[14.461573,51.010176],[14.461564,51.01022]]}},{"type":"Feature","properties":{"idx":3000945,"idx_ds":3111536,"pit":false,"upstream_km2":0.26005810499191284,"source":"terrain-derived D8 drainage candidate","official_watercourse":false,"threshold_upstream_km2":0.25},"geometry":{"type":"LineString","coordinates":[[14.433051,51.016688],[14.433122,51.016694],[14.433192,51.0167],[14.433263,51.016706],[14.433343,51.016668],[14.433414,51.016674],[14.433484,51.01668],[14.433565,51.016642],[14.433635,51.016648],[14.433706,51.016654],[14.433786,51.016615],[14.433857,51.016621],[14.433937,51.016583],[14.434017,51.016545],[14.434088,51.016551],[14.434158,51.016557],[14.434229,51.016563],[14.434309,51.016525],[14.43439,51.016486],[14.43447,51.016448],[14.43455,51.016409],[14.434611,51.01646],[14.434691,51.016422],[14.434762,51.016428],[14.434832,51.016434],[14.434903,51.01644],[14.434974,51.016446],[14.435054,51.016408],[14.435124,51.016414],[14.435195,51.01642],[14.435275,51.016381],[14.435346,51.016388],[14.435426,51.016349],[14.435497,51.016355],[14.435567,51.016361],[14.435647,51.016323],[14.435718,51.016329],[14.435798,51.016291],[14.435879,51.016252],[14.435949,51.016258],[14.436029,51.01622],[14.43611,51.016182],[14.43619,51.016143],[14.43626,51.016149],[14.436331,51.016155],[14.436411,51.016117],[14.436482,51.016123],[14.436552,51.016129],[14.436623,51.016135],[14.436703,51.016097],[14.436774,51.016103],[14.436854,51.016065],[14.436925,51.016071],[14.436995,51.016077],[14.437066,51.016083],[14.437146,51.016045],[14.437217,51.016051],[14.437297,51.016012],[14.437377,51.015974],[14.437448,51.01598],[14.437528,51.015942],[14.437608,51.015903],[14.437679,51.015909],[14.437749,51.015915],[14.43783,51.015877],[14.43791,51.015839],[14.43799,51.0158],[14.438071,51.015762],[14.438141,51.015768],[14.438221,51.01573],[14.438302,51.015691],[14.438363,51.015742],[14.438423,51.015792],[14.438494,51.015799],[14.438574,51.01576],[14.438654,51.015722],[14.438664,51.015677],[14.438674,51.015633],[14.438754,51.015594],[14.438834,51.015556],[14.438905,51.015562],[14.438976,51.015568],[14.439046,51.015574],[14.439126,51.015536],[14.439207,51.015497],[14.439287,51.015459],[14.439357,51.015465],[14.439428,51.015471],[14.439508,51.015433],[14.439569,51.015483],[14.439649,51.015445],[14.43973,51.015407],[14.43981,51.015368],[14.43989,51.01533],[14.43997,51.015291],[14.440051,51.015253],[14.44006,51.015208],[14.440141,51.01517]]}},{"type":"Feature","properties":{"idx":3412907,"idx_ds":3577382,"pit":false,"upstream_km2":0.25051119923591614,"source":"terrain-derived D8 drainage candidate","official_watercourse":false,"threshold_upstream_km2":0.25},"geometry":{"type":"LineString","coordinates":[[14.472642,51.012175],[14.472581,51.012124],[14.472511,51.012118],[14.47245,51.012067],[14.472389,51.012017],[14.472328,51.011966],[14.472267,51.011915],[14.472196,51.011909],[14.472136,51.011859],[14.472075,51.011808],[14.471994,51.011847],[14.471934,51.011796],[14.471863,51.01179],[14.471802,51.011739],[14.471741,51.011689],[14.471821,51.01165],[14.471902,51.011612],[14.471911,51.011567],[14.471921,51.011523],[14.471931,51.011478],[14.47187,51.011428],[14.471879,51.011383],[14.471818,51.011332],[14.471828,51.011288],[14.471767,51.011237],[14.471777,51.011193],[14.471786,51.011148],[14.471796,51.011104],[14.471806,51.011059],[14.471745,51.011009],[14.471754,51.010964],[14.471694,51.010914],[14.471633,51.010863],[14.471572,51.010812],[14.471581,51.010768],[14.47152,51.010717],[14.47146,51.010667],[14.471399,51.010616],[14.471338,51.010565],[14.471277,51.010515],[14.471197,51.010553],[14.471126,51.010547],[14.471046,51.010586],[14.470975,51.010579],[14.470895,51.010618],[14.470815,51.010656],[14.470754,51.010606],[14.470693,51.010555],[14.470632,51.010504],[14.470571,51.010454],[14.47051,51.010403],[14.470449,51.010353],[14.470459,51.010308],[14.470398,51.010257],[14.470337,51.010207],[14.470267,51.010201],[14.470186,51.010239],[14.470116,51.010233],[14.470045,51.010227],[14.469975,51.010221],[14.469914,51.01017],[14.469843,51.010164],[14.469782,51.010114],[14.469721,51.010063],[14.469802,51.010025],[14.469811,51.00998],[14.46975,51.009929],[14.46976,51.009885],[14.469699,51.009834],[14.469629,51.009828],[14.469558,51.009822],[14.469478,51.009861],[14.469397,51.009899],[14.469317,51.009937],[14.469247,51.009931],[14.469186,51.009881],[14.469115,51.009875],[14.469054,51.009824],[14.468974,51.009862],[14.468904,51.009856],[14.468843,51.009806],[14.468852,51.009761],[14.468933,51.009723],[14.468942,51.009678],[14.468881,51.009628],[14.46882,51.009577],[14.46875,51.009571],[14.468689,51.00952],[14.468618,51.009514],[14.468548,51.009508],[14.468477,51.009502],[14.468407,51.009496],[14.468336,51.00949],[14.468265,51.009484],[14.468195,51.009478],[14.468115,51.009516],[14.468044,51.00951],[14.467964,51.009548],[14.467884,51.009587],[14.467803,51.009625],[14.467723,51.009664],[14.467643,51.009702],[14.467563,51.009741],[14.467483,51.009779],[14.467412,51.009773],[14.467351,51.009722],[14.46729,51.009672],[14.467229,51.009621],[14.467168,51.00957],[14.467107,51.00952],[14.467117,51.009475],[14.467056,51.009425],[14.467066,51.00938],[14.467005,51.00933],[14.467015,51.009285],[14.467024,51.00924],[14.466963,51.00919],[14.466973,51.009145],[14.466983,51.009101],[14.466992,51.009056],[14.467002,51.009012],[14.467012,51.008967],[14.467021,51.008923],[14.467102,51.008884],[14.467041,51.008834],[14.46698,51.008783],[14.466919,51.008732],[14.466858,51.008682],[14.466797,51.008631],[14.466877,51.008593],[14.466887,51.008548],[14.466826,51.008498],[14.466755,51.008492],[14.466685,51.008486],[14.466614,51.008479]]}},{"type":"Feature","properties":{"idx":3713803,"idx_ds":3692624,"pit":false,"upstream_km2":8.86713981628418,"source":"terrain-derived D8 drainage candidate","official_watercourse":false,"threshold_upstream_km2":0.25},"geometry":{"type":"LineString","coordinates":[[14.47162,51.006281],[14.471559,51.006231],[14.471489,51.006225],[14.471418,51.006218],[14.471338,51.006257],[14.471258,51.006295],[14.471177,51.006334],[14.471107,51.006328],[14.471027,51.006366],[14.470956,51.00636],[14.470876,51.006398],[14.470796,51.006437],[14.470725,51.006431],[14.470654,51.006425],[14.470574,51.006463],[14.470565,51.006508],[14.470555,51.006552],[14.470475,51.00659],[14.470414,51.00654],[14.470334,51.006578],[14.470263,51.006572],[14.470192,51.006566],[14.470122,51.00656]]}},{"type":"Feature","properties":{"idx":3149147,"idx_ds":3111536,"pit":false,"upstream_km2":0.25048622488975525,"source":"terrain-derived D8 drainage candidate","official_watercourse":false,"threshold_upstream_km2":0.25},"geometry":{"type":"LineString","coordinates":[[14.439943,51.014427],[14.440013,51.014433],[14.440074,51.014484],[14.440135,51.014535],[14.440196,51.014585],[14.440257,51.014636],[14.440247,51.01468],[14.440238,51.014725],[14.440157,51.014763],[14.440077,51.014802],[14.440138,51.014852],[14.440199,51.014903],[14.44026,51.014954],[14.44025,51.014998],[14.44017,51.015037],[14.44009,51.015075],[14.440009,51.015113],[14.44007,51.015164],[14.440141,51.01517]]}},{"type":"Feature","properties":{"idx":3692624,"idx_ds":3577382,"pit":false,"upstream_km2":22.48175811767578,"source":"terrain-derived D8 drainage candidate","official_watercourse":false,"threshold_upstream_km2":0.25},"geometry":{"type":"LineString","coordinates":[[14.470122,51.00656],[14.470051,51.006554],[14.469971,51.006592],[14.469901,51.006586],[14.46982,51.006625],[14.46975,51.006619],[14.469679,51.006613],[14.469599,51.006651],[14.469519,51.006689],[14.469439,51.006728],[14.469358,51.006766],[14.469278,51.006805],[14.469198,51.006843],[14.469118,51.006881],[14.469037,51.00692],[14.468957,51.006958],[14.468877,51.006997],[14.468797,51.007035],[14.468787,51.00708],[14.468777,51.007124],[14.468697,51.007163],[14.468617,51.007201],[14.468607,51.007246],[14.468527,51.007284],[14.468447,51.007322],[14.468437,51.007367],[14.468357,51.007405],[14.468347,51.00745],[14.468267,51.007488],[14.468187,51.007527],[14.468107,51.007565],[14.468026,51.007604],[14.468017,51.007648],[14.468007,51.007693],[14.467927,51.007731],[14.467847,51.007769],[14.467766,51.007808],[14.467686,51.007846],[14.467606,51.007885],[14.467596,51.007929],[14.467516,51.007968],[14.467506,51.008012],[14.467426,51.008051],[14.467346,51.008089],[14.467266,51.008128],[14.467186,51.008166],[14.467105,51.008204],[14.467025,51.008243],[14.466945,51.008281],[14.466935,51.008326],[14.466855,51.008364],[14.466775,51.008403],[14.466695,51.008441],[14.466614,51.008479]]}},{"type":"Feature","properties":{"idx":3111536,"idx_ds":3184533,"pit":false,"upstream_km2":0.9881255030632019,"source":"terrain-derived D8 drainage candidate","official_watercourse":false,"threshold_upstream_km2":0.25},"geometry":{"type":"LineString","coordinates":[[14.440141,51.01517],[14.440221,51.015132],[14.440301,51.015093],[14.440381,51.015055],[14.440462,51.015016],[14.440542,51.014978],[14.440622,51.01494],[14.440703,51.014901],[14.440783,51.014863],[14.440863,51.014824],[14.440943,51.014786],[14.441024,51.014748],[14.441084,51.014798],[14.441165,51.01476],[14.441226,51.01481],[14.441286,51.014861],[14.441277,51.014906],[14.441338,51.014956],[14.441408,51.014962],[14.441469,51.015013],[14.441549,51.014975],[14.44163,51.014936],[14.44171,51.014898],[14.44179,51.014859],[14.441861,51.014865],[14.441922,51.014916],[14.441912,51.014961],[14.441902,51.015005],[14.441893,51.01505],[14.441883,51.015094],[14.441944,51.015145],[14.442014,51.015151],[14.442095,51.015112],[14.442175,51.015074],[14.442255,51.015036],[14.442326,51.015042],[14.442406,51.015003],[14.442486,51.014965],[14.442566,51.014927],[14.442647,51.014888],[14.442656,51.014844],[14.442737,51.014805],[14.442746,51.014761],[14.442827,51.014722],[14.442907,51.014684],[14.442977,51.01469],[14.443038,51.014741],[14.443099,51.014791],[14.44316,51.014842],[14.443221,51.014892],[14.443292,51.014899],[14.443362,51.014905],[14.443423,51.014955],[14.443484,51.015006],[14.443545,51.015057],[14.443615,51.015063],[14.443676,51.015113],[14.443747,51.015119],[14.443817,51.015126],[14.443888,51.015132],[14.443968,51.015093],[14.444039,51.015099],[14.4441,51.01515],[14.44418,51.015112],[14.444251,51.015118],[14.444321,51.015124],[14.444392,51.01513],[14.444462,51.015136],[14.444542,51.015098],[14.444613,51.015104],[14.444684,51.01511],[14.444754,51.015116],[14.444834,51.015078],[14.444905,51.015084],[14.444976,51.01509],[14.445046,51.015096],[14.445117,51.015102],[14.445197,51.015064],[14.445268,51.01507],[14.445338,51.015076],[14.445418,51.015037],[14.445489,51.015043],[14.44556,51.01505],[14.44563,51.015056],[14.44571,51.015017],[14.445781,51.015023],[14.445852,51.015029],[14.445922,51.015036],[14.445993,51.015042],[14.446063,51.015048],[14.446144,51.015009],[14.446214,51.015015],[14.446285,51.015022],[14.446355,51.015028],[14.446435,51.014989],[14.446506,51.014995],[14.446577,51.015002],[14.446638,51.015052],[14.446718,51.015014],[14.446798,51.014975],[14.446869,51.014981],[14.446939,51.014988],[14.44701,51.014994],[14.44709,51.014955],[14.447161,51.014961],[14.447241,51.014923],[14.447311,51.014929],[14.447382,51.014935],[14.447453,51.014941],[14.447533,51.014903],[14.447603,51.014909],[14.447684,51.014871],[14.447754,51.014877],[14.447834,51.014838],[14.447915,51.0148],[14.447985,51.014806],[14.448066,51.014768],[14.448146,51.014729],[14.448226,51.014691],[14.448306,51.014652],[14.448387,51.014614],[14.448467,51.014575],[14.448547,51.014537],[14.448627,51.014499]]}},{"type":"Feature","properties":{"idx":3346681,"idx_ds":3184533,"pit":false,"upstream_km2":0.25193578004837036,"source":"terrain-derived D8 drainage candidate","official_watercourse":false,"threshold_upstream_km2":0.25},"geometry":{"type":"LineString","coordinates":[[14.444285,51.010993],[14.444275,51.011038],[14.444265,51.011082],[14.444326,51.011133],[14.444407,51.011095],[14.444468,51.011145],[14.444528,51.011196],[14.444589,51.011246],[14.44465,51.011297],[14.444711,51.011348],[14.444701,51.011392],[14.444762,51.011443],[14.444823,51.011493],[14.444884,51.011544],[14.444955,51.01155],[14.445015,51.011601],[14.445076,51.011651],[14.445137,51.011702],[14.445128,51.011747],[14.445118,51.011791],[14.445179,51.011842],[14.44524,51.011892],[14.445301,51.011943],[14.445361,51.011994],[14.445422,51.012044],[14.445483,51.012095],[14.445544,51.012145],[14.445464,51.012184],[14.445384,51.012222],[14.445303,51.012261],[14.445294,51.012305],[14.445284,51.01235],[14.445345,51.0124],[14.445335,51.012445],[14.445396,51.012496],[14.445386,51.01254],[14.445377,51.012585],[14.445438,51.012635],[14.445428,51.01268],[14.445418,51.012724],[14.445409,51.012769],[14.445469,51.012819],[14.44546,51.012864],[14.44545,51.012908],[14.445511,51.012959],[14.445501,51.013004],[14.445492,51.013048],[14.445482,51.013093],[14.445472,51.013137],[14.445533,51.013188],[14.445594,51.013238],[14.445674,51.0132],[14.445754,51.013162],[14.445835,51.013123],[14.445915,51.013085],[14.445986,51.013091],[14.446046,51.013141],[14.446107,51.013192],[14.446178,51.013198],[14.446239,51.013249],[14.446309,51.013255],[14.44637,51.013306],[14.446431,51.013356],[14.446492,51.013407],[14.446553,51.013457],[14.446624,51.013463],[14.446684,51.013514],[14.446755,51.01352],[14.446816,51.013571],[14.446877,51.013621],[14.446938,51.013672],[14.447008,51.013678],[14.447069,51.013729],[14.44714,51.013735],[14.447201,51.013786],[14.447261,51.013836],[14.447322,51.013887],[14.447393,51.013893],[14.447463,51.013899],[14.447524,51.01395],[14.447585,51.014],[14.447656,51.014006],[14.447717,51.014057],[14.447778,51.014108],[14.447848,51.014114],[14.447909,51.014164],[14.44798,51.01417],[14.448041,51.014221],[14.448101,51.014272],[14.448172,51.014278],[14.448233,51.014328],[14.448303,51.014335],[14.448374,51.014341],[14.448445,51.014347],[14.448506,51.014397],[14.448566,51.014448],[14.448627,51.014499]]}},{"type":"Feature","properties":{"idx":3577382,"idx_ds":3464469,"pit":false,"upstream_km2":23.444503784179688,"source":"terrain-derived D8 drainage candidate","official_watercourse":false,"threshold_upstream_km2":0.25},"geometry":{"type":"LineString","coordinates":[[14.466614,51.008479],[14.466534,51.008518],[14.466463,51.008512],[14.466383,51.00855],[14.466313,51.008544],[14.466242,51.008538],[14.466162,51.008576],[14.466082,51.008615],[14.466001,51.008653],[14.465921,51.008692],[14.465841,51.00873],[14.465761,51.008769],[14.465681,51.008807],[14.4656,51.008845],[14.46552,51.008884],[14.46544,51.008922],[14.465369,51.008916],[14.465289,51.008955],[14.465209,51.008993],[14.465138,51.008987],[14.465058,51.009025],[14.464978,51.009064],[14.464898,51.009102],[14.464827,51.009096],[14.464747,51.009134],[14.464676,51.009128],[14.464596,51.009167],[14.464516,51.009205],[14.464445,51.009199],[14.464365,51.009238],[14.464285,51.009276],[14.464204,51.009314],[14.464124,51.009353],[14.464044,51.009391],[14.463964,51.00943],[14.463893,51.009424],[14.463813,51.009462],[14.463742,51.009456],[14.463662,51.009494],[14.463582,51.009533],[14.463502,51.009571],[14.463431,51.009565],[14.463351,51.009603],[14.46328,51.009597],[14.4632,51.009636],[14.46312,51.009674],[14.46311,51.009719],[14.46303,51.009757],[14.46295,51.009796],[14.46294,51.00984],[14.46286,51.009879],[14.46285,51.009923],[14.46277,51.009961],[14.46269,51.01],[14.46261,51.010038],[14.462529,51.010077],[14.462449,51.010115],[14.462369,51.010154],[14.462289,51.010192],[14.462218,51.010186],[14.462147,51.01018],[14.462067,51.010218],[14.461997,51.010212],[14.461926,51.010206],[14.461846,51.010244],[14.461775,51.010238],[14.461705,51.010232],[14.461634,51.010226],[14.461564,51.01022]]}},{"type":"Feature","properties":{"idx":4702611,"idx_ds":4055756,"pit":false,"upstream_km2":0.26500630378723145,"source":"terrain-derived D8 drainage candidate","official_watercourse":false,"threshold_upstream_km2":0.25},"geometry":{"type":"LineString","coordinates":[[14.407766,50.981654],[14.407696,50.981648],[14.407625,50.981642],[14.407555,50.981636],[14.407484,50.98163],[14.407414,50.981624],[14.407343,50.981618],[14.407273,50.981611],[14.407202,50.981605],[14.407132,50.981599],[14.407071,50.981549],[14.407,50.981542],[14.406939,50.981492],[14.406879,50.981441],[14.406818,50.98139],[14.406757,50.98134],[14.406687,50.981334],[14.406626,50.981283],[14.406555,50.981277],[14.406485,50.981271],[14.406414,50.981265],[14.406344,50.981259],[14.406283,50.981208],[14.406212,50.981202],[14.406132,50.98124],[14.406071,50.981189],[14.406001,50.981183],[14.40593,50.981177],[14.40585,50.981216],[14.40578,50.981209],[14.405709,50.981203],[14.405639,50.981197],[14.405568,50.981191],[14.405497,50.981185],[14.405427,50.981179],[14.405356,50.981173],[14.405286,50.981167],[14.405215,50.98116],[14.405135,50.981199],[14.405065,50.981193],[14.404984,50.981231],[14.404914,50.981225],[14.404843,50.981219],[14.404773,50.981213],[14.404693,50.981251],[14.404622,50.981245],[14.404542,50.981283],[14.404471,50.981277],[14.404401,50.981271],[14.40433,50.981265],[14.40426,50.981259],[14.40418,50.981297],[14.404109,50.981291],[14.404039,50.981285],[14.403958,50.981323],[14.403888,50.981317],[14.403817,50.981311],[14.403747,50.981305],[14.403676,50.981299],[14.403596,50.981337],[14.403526,50.981331],[14.403455,50.981325],[14.403384,50.981319],[14.403314,50.981313],[14.403234,50.981351],[14.403153,50.981389],[14.403073,50.981428],[14.402993,50.981466],[14.402913,50.981504],[14.402833,50.981543],[14.402752,50.981581],[14.402672,50.98162],[14.402592,50.981658],[14.402512,50.981696],[14.402431,50.981735],[14.402361,50.981729],[14.402281,50.981767],[14.40221,50.981761],[14.40213,50.981799],[14.402059,50.981793],[14.401979,50.981832],[14.401909,50.981825],[14.401838,50.981819],[14.401758,50.981858],[14.401687,50.981851],[14.401607,50.98189],[14.401527,50.981928],[14.401447,50.981967],[14.401437,50.982011],[14.401357,50.98205],[14.401347,50.982094],[14.401267,50.982132],[14.401186,50.982171],[14.401106,50.982209],[14.401026,50.982248],[14.400946,50.982286],[14.400866,50.982324],[14.400785,50.982363],[14.400715,50.982357],[14.400635,50.982395],[14.400554,50.982433],[14.400474,50.982472],[14.400394,50.98251],[14.400333,50.982459],[14.400272,50.982409],[14.400192,50.982447],[14.400112,50.982486],[14.400032,50.982524],[14.399951,50.982562],[14.399942,50.982607],[14.399932,50.982651],[14.399852,50.98269],[14.399842,50.982734],[14.399762,50.982773],[14.399681,50.982811],[14.399601,50.982849],[14.399521,50.982888],[14.399441,50.982926],[14.399431,50.982971],[14.399421,50.983015],[14.399341,50.983054],[14.399261,50.983092],[14.399181,50.98313],[14.3991,50.983169],[14.39902,50.983207],[14.39894,50.983245],[14.39886,50.983284],[14.398779,50.983322],[14.398699,50.983361],[14.398619,50.983399],[14.398539,50.983437],[14.398458,50.983476],[14.398378,50.983514],[14.398298,50.983552],[14.398218,50.983591],[14.398147,50.983585],[14.398067,50.983623],[14.397987,50.983661],[14.397906,50.9837],[14.397826,50.983738],[14.397746,50.983777],[14.397666,50.983815],[14.397585,50.983853],[14.397505,50.983892],[14.397425,50.98393],[14.397345,50.983968],[14.397264,50.984007],[14.397325,50.984057],[14.397316,50.984102],[14.397235,50.98414],[14.397226,50.984185],[14.397145,50.984223],[14.397065,50.984262],[14.396985,50.9843],[14.396905,50.984338],[14.396824,50.984377],[14.396744,50.984415],[14.396664,50.984454],[14.396584,50.984492],[14.396503,50.98453],[14.396423,50.984569],[14.396353,50.984563],[14.396282,50.984556],[14.396202,50.984595],[14.396122,50.984633],[14.396112,50.984678],[14.396102,50.984722],[14.396092,50.984767],[14.396083,50.984811],[14.396002,50.98485],[14.395993,50.984894],[14.395983,50.984939],[14.395903,50.984977],[14.395893,50.985021],[14.395813,50.98506],[14.395733,50.985098],[14.395723,50.985143],[14.395713,50.985187],[14.395633,50.985226],[14.395553,50.985264],[14.395482,50.985258],[14.395402,50.985296],[14.395322,50.985335],[14.395241,50.985373],[14.395161,50.985411],[14.395081,50.98545],[14.395001,50.985488],[14.39492,50.985526],[14.39484,50.985565],[14.39476,50.985603],[14.39468,50.985642],[14.394599,50.98568],[14.394519,50.985718],[14.394439,50.985757],[14.394359,50.985795],[14.394278,50.985834],[14.394198,50.985872],[14.394118,50.98591],[14.394108,50.985955],[14.394028,50.985993],[14.393948,50.986032],[14.393867,50.98607],[14.393787,50.986108],[14.393777,50.986153],[14.393697,50.986191],[14.393617,50.98623],[14.393607,50.986274],[14.393527,50.986312],[14.393517,50.986357],[14.393437,50.986395],[14.393357,50.986434],[14.393277,50.986472],[14.393196,50.98651],[14.393116,50.986549],[14.393046,50.986543],[14.392975,50.986537],[14.392904,50.98653],[14.392834,50.986524],[14.392754,50.986563],[14.392673,50.986601],[14.392593,50.986639],[14.392523,50.986633],[14.392442,50.986672],[14.392362,50.98671],[14.392282,50.986748],[14.392211,50.986742],[14.392141,50.986736],[14.392061,50.986774],[14.39198,50.986813],[14.3919,50.986851],[14.39182,50.98689],[14.39174,50.986928],[14.391669,50.986922],[14.391599,50.986916],[14.391518,50.986954],[14.391438,50.986992],[14.391428,50.987037],[14.391419,50.987081],[14.391338,50.98712],[14.391258,50.987158],[14.391178,50.987197],[14.391107,50.98719],[14.391027,50.987229],[14.390957,50.987223],[14.390896,50.987172],[14.390825,50.987166],[14.390755,50.98716],[14.390694,50.987109],[14.390633,50.987058],[14.390563,50.987052],[14.390482,50.987091],[14.390412,50.987084],[14.390341,50.987078],[14.39028,50.987028],[14.39021,50.987022],[14.390139,50.987015],[14.390059,50.987054],[14.390049,50.987098],[14.39011,50.987149],[14.39003,50.987187],[14.38995,50.987226],[14.390011,50.987276],[14.390001,50.987321],[14.390062,50.987372],[14.389981,50.98741],[14.389901,50.987448],[14.389821,50.987487],[14.389882,50.987537],[14.389942,50.987588],[14.389862,50.987626],[14.389782,50.987665],[14.389772,50.987709],[14.389692,50.987748],[14.389612,50.987786],[14.389531,50.987824],[14.389451,50.987863],[14.389512,50.987913],[14.389502,50.987958],[14.389422,50.987996],[14.389412,50.988041],[14.389403,50.988085],[14.389322,50.988124],[14.389242,50.988162],[14.389162,50.9882],[14.389081,50.988239],[14.389001,50.988277],[14.388921,50.988315],[14.388841,50.988354],[14.38877,50.988348],[14.38869,50.988386],[14.38868,50.988431],[14.3886,50.988469],[14.38859,50.988513],[14.38851,50.988552],[14.3885,50.988596],[14.38842,50.988635],[14.38834,50.988673],[14.38833,50.988718],[14.38825,50.988756],[14.388169,50.988794],[14.388089,50.988833],[14.388079,50.988877],[14.387999,50.988916],[14.387919,50.988954],[14.387839,50.988992],[14.387758,50.989031],[14.387678,50.989069],[14.387598,50.989107],[14.387518,50.989146],[14.387437,50.989184],[14.387357,50.989223],[14.387277,50.989261],[14.387197,50.989299],[14.387116,50.989338],[14.387107,50.989382],[14.387026,50.989421],[14.387017,50.989465],[14.387007,50.98951],[14.386927,50.989548],[14.386846,50.989586],[14.386837,50.989631],[14.386756,50.989669],[14.386676,50.989708],[14.386596,50.989746],[14.386516,50.989784],[14.386435,50.989823],[14.386355,50.989861],[14.386275,50.989899],[14.386195,50.989938],[14.386114,50.989976],[14.386034,50.990015],[14.385954,50.990053],[14.385944,50.990097],[14.385864,50.990136],[14.385854,50.99018],[14.385774,50.990219],[14.385694,50.990257],[14.385684,50.990302],[14.385674,50.990346],[14.385594,50.990384],[14.385514,50.990423],[14.385433,50.990461],[14.385353,50.9905],[14.385273,50.990538],[14.385192,50.990576],[14.385132,50.990526],[14.385061,50.990519],[14.384991,50.990513],[14.38491,50.990552],[14.38483,50.99059],[14.38475,50.990628],[14.38467,50.990667],[14.384589,50.990705],[14.384519,50.990699],[14.384458,50.990648],[14.384387,50.990642],[14.384317,50.990636],[14.384246,50.99063],[14.384176,50.990624],[14.384105,50.990618],[14.384025,50.990656],[14.383945,50.990694],[14.383865,50.990733],[14.383784,50.990771],[14.383775,50.990816],[14.383694,50.990854],[14.383614,50.990892],[14.383534,50.990931],[14.383453,50.990969],[14.383383,50.990963],[14.383322,50.990912],[14.383252,50.990906],[14.383181,50.9909],[14.383111,50.990894],[14.38303,50.990932],[14.38295,50.990971],[14.38287,50.991009],[14.382789,50.991047],[14.382709,50.991086],[14.382699,50.99113],[14.38269,50.991175],[14.382609,50.991213],[14.3826,50.991258],[14.38259,50.991302],[14.38251,50.991341],[14.382429,50.991379],[14.382349,50.991417],[14.382269,50.991456],[14.382189,50.991494],[14.382108,50.991532],[14.382169,50.991583],[14.382159,50.991628],[14.382079,50.991666],[14.381999,50.991704],[14.38206,50.991755],[14.381979,50.991793],[14.381899,50.991832],[14.381819,50.99187]]}},{"type":"Feature","properties":{"idx":2106887,"idx_ds":2562803,"pit":false,"upstream_km2":0.26313185691833496,"source":"terrain-derived D8 drainage candidate","official_watercourse":false,"threshold_upstream_km2":0.25},"geometry":{"type":"LineString","coordinates":[[14.381504,51.029447],[14.381443,51.029396],[14.381373,51.02939],[14.381312,51.029339],[14.381251,51.029289],[14.381181,51.029282],[14.38111,51.029276],[14.381049,51.029226],[14.380988,51.029175],[14.380918,51.029169],[14.380847,51.029163],[14.380776,51.029156],[14.380716,51.029106],[14.380635,51.029144],[14.380565,51.029138],[14.380494,51.029132],[14.380424,51.029126],[14.380363,51.029075],[14.380292,51.029069],[14.380222,51.029063],[14.380151,51.029057],[14.38008,51.02905],[14.38001,51.029044],[14.379939,51.029038],[14.379869,51.029032],[14.379798,51.029026],[14.379727,51.02902],[14.379657,51.029014],[14.379586,51.029007],[14.379516,51.029001],[14.379445,51.028995],[14.379375,51.028989],[14.379304,51.028983],[14.379243,51.028932],[14.379173,51.028926],[14.379112,51.028875],[14.379051,51.028825],[14.37898,51.028819],[14.37891,51.028812],[14.378839,51.028806],[14.378759,51.028845],[14.378688,51.028839],[14.378618,51.028832],[14.378547,51.028826],[14.378486,51.028776],[14.378425,51.028725],[14.378355,51.028719],[14.378294,51.028668],[14.378233,51.028617],[14.378172,51.028567],[14.378111,51.028516],[14.378051,51.028465],[14.37799,51.028415],[14.377929,51.028364],[14.377858,51.028358],[14.377797,51.028307],[14.377737,51.028257],[14.377676,51.028206],[14.377615,51.028155],[14.377554,51.028105],[14.377493,51.028054],[14.377432,51.028003],[14.377372,51.027953],[14.377311,51.027902],[14.37725,51.027851],[14.377189,51.027801],[14.377128,51.02775],[14.377067,51.027699],[14.377007,51.027649],[14.376946,51.027598],[14.376885,51.027547],[14.376824,51.027497],[14.376763,51.027446],[14.376702,51.027395],[14.376642,51.027345],[14.376581,51.027294],[14.37652,51.027243],[14.376459,51.027193],[14.376389,51.027187],[14.376328,51.027136],[14.376267,51.027085],[14.376206,51.027035],[14.376216,51.02699],[14.376226,51.026946],[14.376165,51.026895],[14.376104,51.026844],[14.376043,51.026794],[14.375982,51.026743],[14.375992,51.026699],[14.375931,51.026648],[14.375941,51.026603],[14.375951,51.026559],[14.37589,51.026508],[14.375829,51.026458],[14.375839,51.026413],[14.375848,51.026368],[14.375788,51.026318],[14.375727,51.026267],[14.375666,51.026217],[14.375605,51.026166],[14.375544,51.026115],[14.375474,51.026109],[14.375413,51.026058],[14.375352,51.026008],[14.375291,51.025957],[14.375301,51.025913],[14.375311,51.025868],[14.375321,51.025824],[14.37526,51.025773],[14.375199,51.025722],[14.375209,51.025678],[14.375218,51.025633],[14.375158,51.025583],[14.375167,51.025538],[14.375106,51.025487],[14.375116,51.025443],[14.375055,51.025392],[14.375065,51.025348],[14.375004,51.025297],[14.374943,51.025246],[14.374883,51.025196],[14.374963,51.025157],[14.374973,51.025113],[14.374982,51.025068],[14.374922,51.025018],[14.374861,51.024967],[14.374871,51.024922],[14.374951,51.024884],[14.375031,51.024846],[14.375041,51.024801],[14.37498,51.024751],[14.374919,51.0247],[14.374858,51.024649],[14.374788,51.024643],[14.374727,51.024592],[14.374737,51.024548],[14.374676,51.024497],[14.374615,51.024447],[14.374625,51.024402],[14.374635,51.024358],[14.374644,51.024313],[14.374654,51.024269],[14.374735,51.02423],[14.374815,51.024192],[14.374895,51.024153],[14.374975,51.024115],[14.375056,51.024077],[14.375136,51.024038],[14.375146,51.023994],[14.375226,51.023956],[14.375236,51.023911],[14.375316,51.023873],[14.375397,51.023834],[14.375336,51.023784],[14.375346,51.023739],[14.375285,51.023688],[14.375294,51.023644],[14.375304,51.023599],[14.375385,51.023561],[14.375465,51.023523],[14.375545,51.023484],[14.375555,51.02344],[14.375635,51.023401],[14.375716,51.023363],[14.375796,51.023325],[14.375867,51.023331],[14.375947,51.023293],[14.376027,51.023254],[14.376108,51.023216],[14.376178,51.023222],[14.376258,51.023184],[14.376339,51.023145],[14.376419,51.023107],[14.376429,51.023062],[14.376509,51.023024],[14.376519,51.022979],[14.376599,51.022941],[14.37668,51.022903],[14.376689,51.022858],[14.37677,51.02282],[14.376779,51.022775],[14.37686,51.022737],[14.37694,51.022699],[14.37702,51.02266],[14.377101,51.022622],[14.377181,51.022584],[14.377191,51.022539],[14.377271,51.022501],[14.377351,51.022462],[14.377432,51.022424],[14.377512,51.022386],[14.377592,51.022347],[14.377673,51.022309],[14.377753,51.02227],[14.377763,51.022226],[14.377702,51.022175],[14.377712,51.022131],[14.377792,51.022092],[14.377731,51.022042],[14.377741,51.021997],[14.377751,51.021953],[14.377831,51.021914],[14.377902,51.021921],[14.377972,51.021927],[14.378043,51.021933],[14.378123,51.021894],[14.378194,51.021901],[14.378274,51.021862],[14.378284,51.021818],[14.378223,51.021767],[14.378162,51.021716],[14.378091,51.02171],[14.378031,51.02166],[14.37797,51.021609],[14.377899,51.021603],[14.377829,51.021597],[14.377758,51.021591],[14.377687,51.021584],[14.377627,51.021534],[14.377566,51.021483],[14.377495,51.021477],[14.377434,51.021426],[14.377364,51.02142],[14.377303,51.021369],[14.377232,51.021363],[14.377172,51.021313],[14.377101,51.021306],[14.37703,51.0213],[14.37697,51.02125],[14.376909,51.021199],[14.376848,51.021148],[14.376777,51.021142],[14.376717,51.021092],[14.376656,51.021041],[14.376585,51.021035],[14.376524,51.020984],[14.376454,51.020978],[14.376393,51.020927],[14.376332,51.020877],[14.376271,51.020826],[14.376211,51.020775],[14.376291,51.020737],[14.376371,51.020699],[14.376451,51.02066],[14.376532,51.020622],[14.376612,51.020583],[14.376692,51.020545],[14.376773,51.020507],[14.376853,51.020468],[14.376933,51.02043],[14.377014,51.020392],[14.377094,51.020353],[14.377104,51.020309],[14.377114,51.020264],[14.377123,51.02022],[14.377133,51.020175],[14.377072,51.020125],[14.377011,51.020074],[14.377021,51.020029],[14.37696,51.019979],[14.3769,51.019928],[14.376829,51.019922],[14.376768,51.019871],[14.376707,51.019821],[14.376637,51.019814],[14.376576,51.019764],[14.376515,51.019713],[14.376525,51.019669],[14.376605,51.01963],[14.376615,51.019586],[14.376695,51.019547],[14.376705,51.019503],[14.376785,51.019465],[14.376795,51.01942],[14.376734,51.019369],[14.376664,51.019363],[14.376593,51.019357],[14.376513,51.019395],[14.376503,51.01944],[14.376423,51.019478],[14.376342,51.019517],[14.376333,51.019561],[14.376252,51.0196],[14.376172,51.019638],[14.376092,51.019676],[14.376011,51.019715],[14.375931,51.019753],[14.375851,51.019791],[14.37579,51.019741],[14.375719,51.019735],[14.375649,51.019728],[14.375578,51.019722],[14.375508,51.019716],[14.375437,51.01971],[14.375366,51.019704],[14.375296,51.019698],[14.375225,51.019691],[14.375155,51.019685],[14.375084,51.019679],[14.375014,51.019673],[14.374943,51.019667],[14.374872,51.019661],[14.374802,51.019655],[14.374722,51.019693],[14.374651,51.019687],[14.37459,51.019636],[14.37452,51.01963],[14.374439,51.019668],[14.374369,51.019662],[14.374288,51.019701],[14.374218,51.019694],[14.374147,51.019688],[14.374077,51.019682],[14.373996,51.01972],[14.373926,51.019714],[14.373855,51.019708],[14.373775,51.019747],[14.373704,51.01974],[14.373634,51.019734],[14.373563,51.019728],[14.373493,51.019722],[14.373412,51.01976],[14.373342,51.019754],[14.373271,51.019748],[14.373201,51.019742],[14.37312,51.01978],[14.37305,51.019774],[14.372979,51.019768],[14.372909,51.019762],[14.372838,51.019756],[14.372767,51.019749],[14.372687,51.019788],[14.372616,51.019782],[14.372546,51.019776],[14.372475,51.019769],[14.372395,51.019808],[14.372324,51.019802],[14.372254,51.019795],[14.372174,51.019834],[14.372103,51.019828],[14.372032,51.019821],[14.371962,51.019815],[14.371891,51.019809],[14.371811,51.019848],[14.37174,51.019841],[14.37167,51.019835],[14.371599,51.019829],[14.371529,51.019823],[14.371458,51.019817],[14.371378,51.019855],[14.371307,51.019849],[14.371237,51.019843],[14.371166,51.019837],[14.371095,51.019831],[14.371035,51.01978],[14.370964,51.019774],[14.370903,51.019723],[14.370833,51.019717]]}},{"type":"Feature","properties":{"idx":2562803,"idx_ds":3108022,"pit":false,"upstream_km2":2.71002197265625,"source":"terrain-derived D8 drainage candidate","official_watercourse":false,"threshold_upstream_km2":0.25},"geometry":{"type":"LineString","coordinates":[[14.370833,51.019717],[14.370772,51.019666],[14.370701,51.01966],[14.37064,51.019609],[14.37058,51.019559],[14.370509,51.019553],[14.370448,51.019502],[14.370387,51.019451],[14.370327,51.019401],[14.370256,51.019394],[14.370195,51.019344],[14.370134,51.019293],[14.370064,51.019287],[14.370003,51.019236],[14.369942,51.019186],[14.369881,51.019135],[14.369821,51.019084],[14.36975,51.019078],[14.369689,51.019027],[14.369628,51.018977],[14.369568,51.018926],[14.369507,51.018876],[14.369446,51.018825],[14.369456,51.01878],[14.369465,51.018736],[14.369405,51.018685],[14.369344,51.018634],[14.369354,51.01859],[14.369363,51.018545],[14.369373,51.018501],[14.369312,51.01845],[14.369322,51.018406],[14.369261,51.018355],[14.369271,51.018311],[14.369351,51.018272],[14.369291,51.018222],[14.36923,51.018171],[14.36931,51.018133],[14.36932,51.018088],[14.369259,51.018037],[14.369269,51.017993],[14.369278,51.017948],[14.369288,51.017904],[14.369298,51.017859],[14.369237,51.017809],[14.369247,51.017764],[14.369257,51.01772],[14.369266,51.017675],[14.369276,51.017631],[14.369215,51.01758],[14.369155,51.017529],[14.369094,51.017479],[14.369033,51.017428],[14.369113,51.01739],[14.369194,51.017351],[14.369133,51.017301],[14.369072,51.01725],[14.369082,51.017205],[14.369021,51.017155],[14.36896,51.017104],[14.368899,51.017053],[14.368838,51.017003],[14.368778,51.016952],[14.368717,51.016901],[14.368656,51.016851],[14.368595,51.0168],[14.368525,51.016794],[14.368464,51.016743],[14.368403,51.016693],[14.368413,51.016648],[14.368352,51.016597],[14.368362,51.016553],[14.368301,51.016502],[14.36824,51.016452],[14.368179,51.016401],[14.368109,51.016395],[14.368038,51.016389],[14.367958,51.016427],[14.367897,51.016376],[14.367827,51.01637],[14.367756,51.016364],[14.367685,51.016358],[14.367625,51.016307],[14.367564,51.016257],[14.367503,51.016206],[14.367432,51.0162],[14.367362,51.016194],[14.367301,51.016143],[14.36724,51.016092],[14.36717,51.016086],[14.367099,51.01608],[14.367029,51.016074],[14.366958,51.016068],[14.366887,51.016061],[14.366827,51.016011],[14.366756,51.016005],[14.366676,51.016043],[14.366605,51.016037],[14.366544,51.015986],[14.366464,51.016025],[14.366384,51.016063],[14.366303,51.016101],[14.366243,51.016051],[14.366182,51.016],[14.366191,51.015955],[14.366272,51.015917],[14.366282,51.015873],[14.366291,51.015828],[14.366231,51.015777],[14.36617,51.015727],[14.366109,51.015676],[14.366119,51.015632],[14.366058,51.015581],[14.366068,51.015536],[14.366077,51.015492],[14.366158,51.015453],[14.366167,51.015409],[14.366107,51.015358],[14.366116,51.015314],[14.366126,51.015269],[14.366136,51.015225],[14.366146,51.01518],[14.366155,51.015136],[14.366095,51.015085],[14.366104,51.015041],[14.366044,51.01499],[14.365983,51.014939],[14.365912,51.014933],[14.365851,51.014882],[14.365932,51.014844],[14.365871,51.014793],[14.36581,51.014743],[14.36582,51.014698],[14.36583,51.014654],[14.365839,51.014609],[14.365849,51.014565],[14.365788,51.014514],[14.365798,51.01447],[14.365808,51.014425],[14.365747,51.014374],[14.365757,51.01433],[14.365767,51.014285],[14.365706,51.014235],[14.365716,51.01419],[14.365655,51.014139],[14.365584,51.014133],[14.365514,51.014127],[14.365443,51.014121],[14.365372,51.014115],[14.365312,51.014064],[14.365251,51.014014],[14.36518,51.014007],[14.36511,51.014001],[14.365049,51.013951],[14.364978,51.013944],[14.364918,51.013894],[14.364847,51.013888],[14.364786,51.013837],[14.364725,51.013786],[14.364655,51.01378],[14.364594,51.013729],[14.364523,51.013723],[14.364443,51.013762],[14.364373,51.013755],[14.364302,51.013749],[14.364241,51.013699],[14.364171,51.013692],[14.36409,51.013731],[14.36401,51.013769],[14.36393,51.013808],[14.363849,51.013846],[14.363779,51.01384],[14.363699,51.013878],[14.363628,51.013872],[14.363557,51.013866],[14.363487,51.01386],[14.363416,51.013853],[14.363346,51.013847],[14.363285,51.013797],[14.363214,51.01379],[14.363144,51.013784],[14.363063,51.013823],[14.363003,51.013772],[14.363012,51.013727],[14.362952,51.013677],[14.362891,51.013626],[14.36283,51.013575],[14.362759,51.013569],[14.362699,51.013519],[14.362638,51.013468],[14.362577,51.013417],[14.362587,51.013373],[14.362526,51.013322],[14.362536,51.013278],[14.362475,51.013227],[14.362414,51.013176],[14.362424,51.013132],[14.362363,51.013081],[14.362293,51.013075],[14.362232,51.013024],[14.362242,51.01298],[14.362181,51.012929],[14.36212,51.012878],[14.362049,51.012872],[14.361989,51.012822],[14.361928,51.012771],[14.361867,51.01272],[14.361806,51.01267],[14.361816,51.012625],[14.361826,51.012581],[14.361906,51.012542],[14.361845,51.012492],[14.361784,51.012441],[14.361714,51.012435],[14.361653,51.012384],[14.361583,51.012378],[14.361512,51.012372],[14.361451,51.012321],[14.36139,51.01227],[14.36132,51.012264],[14.361259,51.012214],[14.361188,51.012207],[14.361118,51.012201],[14.361057,51.012151],[14.361067,51.012106],[14.361006,51.012055],[14.360936,51.012049],[14.360865,51.012043],[14.360794,51.012037],[14.360724,51.012031],[14.360653,51.012025],[14.360573,51.012063],[14.360502,51.012057],[14.360432,51.012051],[14.360352,51.012089],[14.360281,51.012083],[14.36021,51.012077],[14.36014,51.012071],[14.360069,51.012064],[14.359999,51.012058],[14.359928,51.012052],[14.359867,51.012001],[14.359797,51.011995],[14.359726,51.011989],[14.359656,51.011983],[14.359595,51.011932],[14.359524,51.011926],[14.359464,51.011875],[14.359393,51.011869],[14.359313,51.011908],[14.359232,51.011946],[14.359152,51.011984],[14.359072,51.012023],[14.358991,51.012061],[14.358921,51.012055],[14.358841,51.012093],[14.35877,51.012087],[14.35869,51.012125],[14.358619,51.012119],[14.358539,51.012158],[14.358458,51.012196],[14.358378,51.012234],[14.358308,51.012228],[14.358247,51.012177],[14.358186,51.012127],[14.358125,51.012076],[14.358064,51.012025],[14.358074,51.011981],[14.358154,51.011943],[14.358235,51.011904],[14.358315,51.011866],[14.358395,51.011828],[14.358405,51.011783],[14.358344,51.011732],[14.358354,51.011688],[14.358364,51.011643],[14.358444,51.011605],[14.358525,51.011567],[14.358605,51.011528],[14.358685,51.01149],[14.358766,51.011452],[14.358775,51.011407],[14.358856,51.011369],[14.358795,51.011318],[14.358805,51.011274],[14.358744,51.011223],[14.358683,51.011172],[14.358693,51.011128],[14.358632,51.011077],[14.358571,51.011026],[14.358501,51.01102],[14.35844,51.01097],[14.35845,51.010925],[14.358459,51.010881],[14.35854,51.010842],[14.358479,51.010792],[14.358559,51.010753],[14.35864,51.010715],[14.358579,51.010664],[14.358589,51.01062],[14.358598,51.010575],[14.358537,51.010524],[14.358618,51.010486],[14.358698,51.010448],[14.358778,51.010409],[14.358718,51.010359],[14.358657,51.010308],[14.358586,51.010302],[14.358516,51.010296],[14.358455,51.010245],[14.358465,51.010201],[14.358474,51.010156],[14.358484,51.010112],[14.358565,51.010073],[14.358645,51.010035],[14.358725,51.009996],[14.358735,51.009952],[14.358745,51.009907],[14.358755,51.009863],[14.358764,51.009818],[14.358703,51.009768],[14.358713,51.009723],[14.358723,51.009679],[14.358662,51.009628],[14.358672,51.009584],[14.358682,51.009539],[14.358621,51.009488],[14.358631,51.009444],[14.35857,51.009393],[14.35858,51.009349],[14.358589,51.009304],[14.358529,51.009254],[14.358538,51.009209],[14.358548,51.009164],[14.358558,51.00912],[14.358497,51.009069],[14.358507,51.009025],[14.358446,51.008974],[14.358385,51.008923],[14.358325,51.008873],[14.358334,51.008828],[14.358415,51.00879],[14.358354,51.008739],[14.358364,51.008695],[14.358373,51.00865],[14.358383,51.008606],[14.358393,51.008561],[14.358332,51.008511],[14.358271,51.00846],[14.358281,51.008415],[14.35822,51.008365],[14.35816,51.008314],[14.358169,51.00827],[14.358108,51.008219],[14.358048,51.008168],[14.358057,51.008124],[14.358067,51.008079]]}},{"type":"Feature","properties":{"idx":3108022,"idx_ds":3108022,"pit":true,"upstream_km2":8.323615074157715,"source":"terrain-derived D8 drainage candidate","official_watercourse":false,"threshold_upstream_km2":0.25},"geometry":{"type":"LineString","coordinates":[[14.358067,51.008079],[14.358067,51.008079]]}},{"type":"Feature","properties":{"idx":3482171,"idx_ds":3613907,"pit":false,"upstream_km2":0.2500864565372467,"source":"terrain-derived D8 drainage candidate","official_watercourse":false,"threshold_upstream_km2":0.25},"geometry":{"type":"LineString","coordinates":[[14.383605,51.003094],[14.383685,51.003055],[14.383765,51.003017],[14.383836,51.003023],[14.383916,51.002985],[14.383986,51.002991],[14.384057,51.002997],[14.384137,51.002959],[14.384208,51.002965],[14.384288,51.002926],[14.384359,51.002933],[14.384439,51.002894],[14.38451,51.0029],[14.38459,51.002862],[14.38466,51.002868],[14.384741,51.00283],[14.384811,51.002836],[14.384882,51.002842],[14.384952,51.002848],[14.385033,51.00281],[14.385103,51.002816],[14.385174,51.002822],[14.385244,51.002828],[14.385324,51.00279],[14.385395,51.002796],[14.385466,51.002802],[14.385536,51.002808],[14.385616,51.00277],[14.385687,51.002776],[14.385758,51.002782],[14.385838,51.002744],[14.385908,51.00275],[14.385989,51.002712],[14.386059,51.002718],[14.38613,51.002724],[14.38621,51.002685],[14.38629,51.002647],[14.386371,51.002609],[14.386451,51.00257],[14.386531,51.002532],[14.386611,51.002494],[14.386692,51.002455],[14.386772,51.002417],[14.386852,51.002379],[14.386933,51.00234],[14.387013,51.002302],[14.387093,51.002263],[14.387173,51.002225],[14.387254,51.002187],[14.387334,51.002148],[14.387414,51.00211],[14.387424,51.002065],[14.387504,51.002027],[14.387514,51.001983],[14.387594,51.001944],[14.387675,51.001906],[14.387755,51.001867],[14.387835,51.001829],[14.387915,51.001791],[14.387996,51.001752],[14.388076,51.001714],[14.388156,51.001676],[14.388237,51.001637],[14.388317,51.001599],[14.388387,51.001605],[14.388458,51.001611],[14.388538,51.001573],[14.388618,51.001534],[14.388689,51.001541],[14.388769,51.001502],[14.38885,51.001464],[14.38893,51.001425],[14.389,51.001432],[14.389081,51.001393],[14.389161,51.001355],[14.389171,51.00131],[14.389251,51.001272],[14.389331,51.001234],[14.389412,51.001195],[14.389492,51.001157],[14.389562,51.001163],[14.389643,51.001125],[14.389713,51.001131],[14.389793,51.001092]]}},{"type":"Feature","properties":{"idx":3470495,"idx_ds":3613907,"pit":false,"upstream_km2":0.2616070806980133,"source":"terrain-derived D8 drainage candidate","official_watercourse":false,"threshold_upstream_km2":0.25},"geometry":{"type":"LineString","coordinates":[[14.389129,51.003801],[14.389209,51.003763],[14.38928,51.003769],[14.389351,51.003775],[14.389431,51.003737],[14.389501,51.003743],[14.389572,51.003749],[14.389642,51.003755],[14.389713,51.003762],[14.389793,51.003723],[14.389864,51.003729],[14.389934,51.003736],[14.390005,51.003742],[14.390076,51.003748],[14.390146,51.003754],[14.390217,51.00376],[14.390297,51.003722],[14.390377,51.003683],[14.390457,51.003645],[14.390538,51.003607],[14.390618,51.003568],[14.390698,51.00353],[14.390708,51.003485],[14.390647,51.003435],[14.390727,51.003396],[14.390667,51.003346],[14.390606,51.003295],[14.390545,51.003244],[14.390484,51.003194],[14.390423,51.003143],[14.390363,51.003092],[14.390302,51.003042],[14.390241,51.002991],[14.39018,51.00294],[14.390119,51.00289],[14.390059,51.002839],[14.389998,51.002788],[14.389937,51.002738],[14.389876,51.002687],[14.389815,51.002636],[14.389754,51.002586],[14.389694,51.002535],[14.389633,51.002485],[14.389572,51.002434],[14.389511,51.002383],[14.38945,51.002333],[14.38939,51.002282],[14.38947,51.002244],[14.38948,51.002199],[14.38956,51.002161],[14.38957,51.002116],[14.38965,51.002078],[14.389589,51.002027],[14.389599,51.001983],[14.389679,51.001944],[14.389689,51.0019],[14.389699,51.001855],[14.389779,51.001817],[14.389789,51.001772],[14.389798,51.001728],[14.389879,51.001689],[14.389818,51.001639],[14.389827,51.001594],[14.389837,51.00155],[14.389847,51.001505],[14.389857,51.001461],[14.389866,51.001416],[14.389876,51.001372],[14.389886,51.001327],[14.389896,51.001283],[14.389905,51.001238],[14.389845,51.001188],[14.389784,51.001137],[14.389793,51.001092]]}},{"type":"Feature","properties":{"idx":3137920,"idx_ds":2683939,"pit":false,"upstream_km2":0.25440990924835205,"source":"terrain-derived D8 drainage candidate","official_watercourse":false,"threshold_upstream_km2":0.25},"geometry":{"type":"LineString","coordinates":[[14.477159,51.017871],[14.477088,51.017864],[14.477018,51.017858],[14.476947,51.017852],[14.476876,51.017846],[14.476806,51.01784],[14.476745,51.01779],[14.476684,51.017739],[14.476604,51.017777],[14.476524,51.017816],[14.476443,51.017854],[14.476373,51.017848],[14.476302,51.017842],[14.476232,51.017836],[14.476161,51.01783],[14.476081,51.017868],[14.47602,51.017818],[14.475949,51.017812],[14.475879,51.017805],[14.475808,51.017799],[14.475728,51.017838],[14.475657,51.017832],[14.475596,51.017781],[14.475535,51.017731],[14.475465,51.017724],[14.475394,51.017718],[14.475324,51.017712],[14.475253,51.017706],[14.475182,51.0177],[14.475112,51.017694],[14.475041,51.017688],[14.474961,51.017726],[14.474891,51.01772],[14.47483,51.01767],[14.474769,51.017619],[14.474698,51.017613],[14.474627,51.017607],[14.474567,51.017556],[14.474496,51.01755],[14.474425,51.017544],[14.474355,51.017538],[14.474284,51.017532],[14.474214,51.017526],[14.474153,51.017475],[14.474082,51.017469],[14.474012,51.017463],[14.473931,51.017501],[14.473861,51.017495],[14.473781,51.017534],[14.47371,51.017528],[14.473639,51.017522],[14.473559,51.01756],[14.473489,51.017554],[14.473418,51.017548],[14.473338,51.017586],[14.473267,51.01758],[14.473187,51.017619],[14.473116,51.017612],[14.473036,51.017651],[14.472966,51.017645],[14.472895,51.017639],[14.472824,51.017633],[14.472754,51.017627],[14.472693,51.017576],[14.472632,51.017525],[14.472642,51.017481],[14.472581,51.01743],[14.4725,51.017469],[14.47242,51.017507],[14.472411,51.017552],[14.472401,51.017596],[14.472321,51.017635],[14.47225,51.017628],[14.47217,51.017667],[14.472099,51.017661],[14.472029,51.017655],[14.471968,51.017604],[14.471897,51.017598],[14.471827,51.017592],[14.471756,51.017586],[14.471685,51.01758],[14.471615,51.017574],[14.471544,51.017568],[14.471474,51.017561],[14.471393,51.0176],[14.471313,51.017638],[14.471243,51.017632],[14.471172,51.017626],[14.471101,51.01762],[14.471021,51.017658],[14.470951,51.017652],[14.47088,51.017646],[14.4708,51.017685],[14.470729,51.017679],[14.470649,51.017717],[14.470578,51.017711],[14.470498,51.017749],[14.470428,51.017743],[14.470357,51.017737],[14.470286,51.017731],[14.470216,51.017725],[14.470136,51.017763],[14.470055,51.017802],[14.469975,51.01784],[14.469895,51.017879],[14.469815,51.017917],[14.469734,51.017956],[14.469654,51.017994],[14.469574,51.018032],[14.469494,51.018071],[14.469423,51.018065],[14.469353,51.018059],[14.469292,51.018008],[14.469221,51.018002],[14.469141,51.01804],[14.469061,51.018079],[14.46899,51.018073],[14.46891,51.018111],[14.468829,51.01815],[14.468759,51.018143],[14.468679,51.018182],[14.468608,51.018176],[14.468528,51.018214],[14.468457,51.018208],[14.468377,51.018246],[14.468297,51.018285],[14.468358,51.018336],[14.468277,51.018374],[14.468197,51.018412],[14.468117,51.018451],[14.468037,51.018489],[14.467956,51.018528],[14.467886,51.018522],[14.467815,51.018515],[14.467735,51.018554],[14.467655,51.018592],[14.467575,51.018631],[14.467504,51.018625],[14.467433,51.018619],[14.467353,51.018657],[14.467273,51.018695],[14.467193,51.018734],[14.467122,51.018728],[14.467052,51.018722],[14.466971,51.01876],[14.466891,51.018798],[14.466811,51.018837],[14.46674,51.018831],[14.46667,51.018825],[14.466589,51.018863],[14.466509,51.018902],[14.466439,51.018895],[14.466358,51.018934],[14.466288,51.018928],[14.466217,51.018922],[14.466147,51.018916],[14.466066,51.018954],[14.465986,51.018992],[14.465916,51.018986],[14.465845,51.01898],[14.465765,51.019019],[14.465704,51.018968],[14.465624,51.019006],[14.465543,51.019045],[14.465463,51.019083],[14.465392,51.019077],[14.465322,51.019071],[14.465251,51.019065],[14.465171,51.019103],[14.4651,51.019097],[14.46504,51.019047],[14.464969,51.019041],[14.464889,51.019079],[14.464818,51.019073],[14.464738,51.019111],[14.464658,51.01915],[14.464587,51.019144],[14.464526,51.019093],[14.464446,51.019132],[14.464385,51.019081],[14.464314,51.019075],[14.464234,51.019113],[14.464154,51.019152],[14.464083,51.019146],[14.464013,51.019139],[14.463933,51.019178],[14.463872,51.019127],[14.463791,51.019166],[14.463711,51.019204],[14.463631,51.019243],[14.463551,51.019281],[14.46348,51.019275],[14.463409,51.019269],[14.463349,51.019218],[14.463278,51.019212],[14.463198,51.01925],[14.463127,51.019244],[14.463047,51.019283],[14.462967,51.019321],[14.462886,51.01936],[14.462806,51.019398],[14.462745,51.019347],[14.462675,51.019341],[14.462594,51.01938],[14.462524,51.019374],[14.462444,51.019412],[14.462363,51.019451],[14.462354,51.019495],[14.462273,51.019533],[14.462193,51.019572],[14.462113,51.01961],[14.462033,51.019649],[14.461962,51.019643],[14.461891,51.019637],[14.461811,51.019675],[14.461741,51.019669],[14.46166,51.019707],[14.46159,51.019701],[14.461519,51.019695],[14.461449,51.019689],[14.461378,51.019683],[14.461298,51.019721],[14.461218,51.01976],[14.461137,51.019798],[14.461128,51.019843],[14.461047,51.019881],[14.460967,51.01992],[14.460887,51.019958],[14.460807,51.019996],[14.460797,51.020041],[14.460787,51.020085],[14.460707,51.020124],[14.460697,51.020168],[14.460758,51.020219],[14.460819,51.02027],[14.46088,51.02032],[14.4608,51.020359],[14.46079,51.020403],[14.46071,51.020442],[14.4607,51.020486],[14.46062,51.020524],[14.460681,51.020575],[14.460601,51.020614],[14.46052,51.020652],[14.46044,51.02069],[14.460431,51.020735],[14.460491,51.020785],[14.460411,51.020824],[14.460331,51.020862],[14.460321,51.020907],[14.460312,51.020951],[14.460302,51.020996],[14.460292,51.02104],[14.460283,51.021085],[14.460202,51.021123],[14.460193,51.021168],[14.460183,51.021212],[14.460244,51.021263],[14.460305,51.021314],[14.460295,51.021358],[14.460285,51.021403],[14.460276,51.021447],[14.460196,51.021486],[14.460256,51.021536],[14.460247,51.021581],[14.460237,51.021625],[14.460227,51.02167],[14.460218,51.021714],[14.460208,51.021759],[14.460198,51.021803],[14.460259,51.021854],[14.460179,51.021892],[14.46024,51.021943],[14.46023,51.021987],[14.460221,51.022032],[14.460211,51.022077],[14.460201,51.022121],[14.460262,51.022172],[14.460253,51.022216],[14.460243,51.022261],[14.460304,51.022311],[14.460294,51.022356],[14.460284,51.0224],[14.460275,51.022445],[14.460265,51.022489],[14.460326,51.02254],[14.460316,51.022584],[14.460236,51.022623],[14.460297,51.022674],[14.460287,51.022718],[14.460207,51.022756],[14.460197,51.022801],[14.460117,51.022839],[14.460108,51.022884],[14.460098,51.022928],[14.460088,51.022973],[14.460079,51.023017],[14.460069,51.023062],[14.460059,51.023107],[14.46005,51.023151],[14.459969,51.023189],[14.45996,51.023234],[14.45995,51.023278],[14.45994,51.023323],[14.460001,51.023374],[14.459921,51.023412],[14.459911,51.023457],[14.459831,51.023495],[14.459821,51.023539],[14.459812,51.023584],[14.459802,51.023629],[14.459722,51.023667],[14.459712,51.023711],[14.459773,51.023762],[14.459763,51.023807],[14.459754,51.023851],[14.459744,51.023896],[14.459734,51.02394],[14.459725,51.023985],[14.459715,51.024029],[14.459705,51.024074],[14.459696,51.024118],[14.459686,51.024163],[14.459676,51.024207],[14.459596,51.024246],[14.459586,51.02429],[14.459577,51.024335],[14.459567,51.024379],[14.459557,51.024424],[14.459477,51.024462],[14.459397,51.024501],[14.459317,51.024539],[14.459236,51.024577],[14.459156,51.024616],[14.459076,51.024654],[14.458995,51.024693],[14.458915,51.024731],[14.458835,51.02477],[14.458896,51.02482],[14.458816,51.024859],[14.458735,51.024897],[14.458655,51.024935],[14.458575,51.024974],[14.458495,51.025012]]}},{"type":"Feature","properties":{"idx":3464469,"idx_ds":3224604,"pit":false,"upstream_km2":35.89799880981445,"source":"terrain-derived D8 drainage candidate","official_watercourse":false,"threshold_upstream_km2":0.25},"geometry":{"type":"LineString","coordinates":[[14.461564,51.01022],[14.461483,51.010258],[14.461413,51.010252],[14.461333,51.010291],[14.461252,51.010329],[14.461172,51.010368],[14.461092,51.010406],[14.461012,51.010444],[14.461002,51.010489],[14.460922,51.010527],[14.460841,51.010566],[14.460761,51.010604],[14.460752,51.010649],[14.460671,51.010687],[14.460591,51.010726],[14.460581,51.01077],[14.460501,51.010809],[14.460421,51.010847],[14.460341,51.010885],[14.460331,51.01093],[14.460251,51.010968],[14.46018,51.010962],[14.4601,51.011001],[14.46002,51.011039],[14.459949,51.011033],[14.459869,51.011071],[14.459798,51.011065],[14.459728,51.011059],[14.459648,51.011098],[14.459577,51.011091],[14.459506,51.011085],[14.459436,51.011079],[14.459365,51.011073],[14.459285,51.011112],[14.459215,51.011105],[14.459144,51.011099],[14.459073,51.011093],[14.459003,51.011087],[14.458932,51.011081],[14.458852,51.01112],[14.458781,51.011113],[14.458701,51.011152],[14.458631,51.011146],[14.45855,51.011184],[14.458541,51.011229],[14.45846,51.011267],[14.458451,51.011312],[14.458371,51.01135],[14.458361,51.011395],[14.458351,51.011439],[14.458342,51.011484],[14.458261,51.011522],[14.458252,51.011567],[14.458242,51.011611],[14.458162,51.011649],[14.458152,51.011694],[14.458142,51.011738],[14.458133,51.011783],[14.458053,51.011821],[14.457972,51.01186],[14.457892,51.011898],[14.457812,51.011937],[14.457732,51.011975],[14.457651,51.012014],[14.457571,51.012052],[14.457491,51.01209],[14.457411,51.012129],[14.45733,51.012167],[14.45725,51.012206],[14.45717,51.012244],[14.45709,51.012282],[14.457009,51.012321],[14.456929,51.012359],[14.456919,51.012404],[14.456839,51.012442],[14.456759,51.012481],[14.456749,51.012525],[14.456669,51.012564],[14.456659,51.012608],[14.456579,51.012646],[14.456499,51.012685],[14.456489,51.012729],[14.45648,51.012774],[14.456399,51.012812],[14.456319,51.012851],[14.456309,51.012895],[14.456229,51.012934],[14.456149,51.012972],[14.456069,51.013011],[14.455988,51.013049],[14.455908,51.013087],[14.455828,51.013126],[14.455748,51.013164],[14.455667,51.013203],[14.455587,51.013241],[14.455578,51.013286],[14.455568,51.01333],[14.455629,51.013381],[14.455619,51.013425],[14.45568,51.013476],[14.45576,51.013437],[14.45584,51.013399],[14.455911,51.013405],[14.455972,51.013456],[14.455962,51.0135],[14.456023,51.013551],[14.456014,51.013595],[14.456004,51.01364],[14.456065,51.013691],[14.456126,51.013741],[14.456187,51.013792],[14.456257,51.013798],[14.456318,51.013848],[14.456379,51.013899],[14.456369,51.013944],[14.456289,51.013982],[14.456209,51.01402],[14.456129,51.014059],[14.456119,51.014103],[14.456109,51.014148],[14.45617,51.014199],[14.45616,51.014243],[14.456151,51.014288],[14.45607,51.014326],[14.456131,51.014377]]}},{"type":"Feature","properties":{"idx":3184533,"idx_ds":3224604,"pit":false,"upstream_km2":1.735413670539856,"source":"terrain-derived D8 drainage candidate","official_watercourse":false,"threshold_upstream_km2":0.25},"geometry":{"type":"LineString","coordinates":[[14.448627,51.014499],[14.448698,51.014505],[14.448768,51.014511],[14.448839,51.014517],[14.4489,51.014568],[14.44897,51.014574],[14.449041,51.01458],[14.449121,51.014541],[14.449182,51.014592],[14.449253,51.014598],[14.449323,51.014604],[14.449394,51.01461],[14.449464,51.014616],[14.449545,51.014578],[14.449615,51.014584],[14.449676,51.014635],[14.449747,51.014641],[14.449817,51.014647],[14.449898,51.014609],[14.449968,51.014615],[14.450039,51.014621],[14.4501,51.014671],[14.45017,51.014677],[14.450241,51.014684],[14.450311,51.01469],[14.450382,51.014696],[14.450453,51.014702],[14.450523,51.014708],[14.450594,51.014714],[14.450664,51.01472],[14.450735,51.014726],[14.450805,51.014732],[14.450876,51.014739],[14.450947,51.014745],[14.451017,51.014751],[14.451078,51.014801],[14.451149,51.014807],[14.451219,51.014814],[14.451299,51.014775],[14.45137,51.014781],[14.451441,51.014787],[14.451521,51.014749],[14.451601,51.014711],[14.451611,51.014666],[14.45162,51.014621],[14.45163,51.014577],[14.45171,51.014539],[14.451781,51.014545],[14.451851,51.014551],[14.451932,51.014512],[14.452002,51.014518],[14.452063,51.014569],[14.452134,51.014575],[14.452214,51.014537],[14.452285,51.014543],[14.452365,51.014504],[14.452445,51.014466],[14.452516,51.014472],[14.452596,51.014434],[14.452666,51.01444],[14.452747,51.014401],[14.452817,51.014408],[14.452898,51.014369],[14.452968,51.014375],[14.453039,51.014381],[14.453109,51.014387],[14.45318,51.014394],[14.45326,51.014355],[14.45334,51.014317],[14.453411,51.014323],[14.453472,51.014373],[14.453552,51.014335],[14.453623,51.014341],[14.453693,51.014347],[14.453764,51.014353],[14.453825,51.014404],[14.453886,51.014455],[14.453966,51.014416],[14.454046,51.014378],[14.454126,51.014339],[14.454207,51.014301],[14.454287,51.014262],[14.454367,51.014224],[14.454447,51.014186],[14.454528,51.014147],[14.454608,51.014109],[14.454688,51.01407],[14.454768,51.014032],[14.454849,51.013994],[14.454929,51.013955],[14.455009,51.013917],[14.455089,51.013878],[14.45517,51.01384],[14.45525,51.013801],[14.45533,51.013763],[14.455401,51.013769],[14.455471,51.013775],[14.455532,51.013826],[14.455612,51.013787],[14.455683,51.013794],[14.455753,51.0138],[14.455824,51.013806],[14.455885,51.013856],[14.455946,51.013907],[14.455866,51.013945],[14.455785,51.013984],[14.455776,51.014028],[14.455837,51.014079],[14.455756,51.014117],[14.455817,51.014168],[14.455878,51.014219],[14.455939,51.014269],[14.456,51.01432],[14.456061,51.01437],[14.456131,51.014377]]}},{"type":"Feature","properties":{"idx":2614743,"idx_ds":2537096,"pit":false,"upstream_km2":0.2508362829685211,"source":"terrain-derived D8 drainage candidate","official_watercourse":false,"threshold_upstream_km2":0.25},"geometry":{"type":"LineString","coordinates":[[14.386432,51.020078],[14.386371,51.020027],[14.3863,51.020021],[14.38623,51.020015],[14.386159,51.020009],[14.386089,51.020003],[14.386028,51.019952],[14.385957,51.019946],[14.385887,51.01994],[14.385806,51.019978],[14.385736,51.019972],[14.385665,51.019966],[14.385595,51.01996],[14.385514,51.019998],[14.385434,51.020036],[14.385354,51.020075],[14.385283,51.020069],[14.385203,51.020107],[14.385132,51.020101],[14.385052,51.020139],[14.384972,51.020177],[14.384901,51.020171],[14.384831,51.020165],[14.38475,51.020204],[14.38467,51.020242],[14.38459,51.02028],[14.384519,51.020274],[14.384439,51.020313],[14.384358,51.020351],[14.384298,51.0203],[14.384217,51.020339],[14.384147,51.020332],[14.384066,51.020371],[14.383996,51.020365],[14.383915,51.020403],[14.383835,51.020441],[14.383755,51.02048],[14.383684,51.020474],[14.383614,51.020467],[14.383543,51.020461],[14.383463,51.0205],[14.383382,51.020538],[14.383302,51.020576],[14.383222,51.020615],[14.383142,51.020653],[14.383061,51.020692],[14.382981,51.02073],[14.382971,51.020774],[14.382891,51.020813],[14.38281,51.020851],[14.38273,51.02089],[14.38266,51.020883],[14.382589,51.020877],[14.382509,51.020916],[14.382428,51.020954],[14.382358,51.020948],[14.382278,51.020986],[14.382207,51.02098],[14.382127,51.021018],[14.382056,51.021012],[14.381985,51.021006],[14.381905,51.021044],[14.381825,51.021083],[14.381745,51.021121],[14.381664,51.02116],[14.381594,51.021153]]}},{"type":"Feature","properties":{"idx":3613907,"idx_ds":3686813,"pit":false,"upstream_km2":0.8566966652870178,"source":"terrain-derived D8 drainage candidate","official_watercourse":false,"threshold_upstream_km2":0.25},"geometry":{"type":"LineString","coordinates":[[14.389793,51.001092],[14.389874,51.001054],[14.389954,51.001016],[14.390034,51.000977],[14.390115,51.000939],[14.390195,51.0009],[14.390275,51.000862],[14.390355,51.000824],[14.390436,51.000785],[14.390516,51.000747],[14.390596,51.000709],[14.390667,51.000715],[14.390747,51.000676],[14.390827,51.000638],[14.390908,51.0006],[14.390988,51.000561],[14.391068,51.000523],[14.391078,51.000478],[14.391158,51.00044],[14.391097,51.000389],[14.391107,51.000345],[14.391117,51.0003],[14.391197,51.000262],[14.391258,51.000313],[14.391338,51.000274],[14.391418,51.000236],[14.391499,51.000197],[14.391579,51.000159],[14.391659,51.000121],[14.391669,51.000076],[14.391749,51.000038],[14.39183,50.999999],[14.39191,50.999961],[14.391849,50.99991],[14.391859,50.999866]]}},{"type":"Feature","properties":{"idx":2478378,"idx_ds":2537096,"pit":false,"upstream_km2":0.2768018841743469,"source":"terrain-derived D8 drainage candidate","official_watercourse":false,"threshold_upstream_km2":0.25},"geometry":{"type":"LineString","coordinates":[[14.385373,51.022616],[14.385312,51.022566],[14.385251,51.022515],[14.38519,51.022465],[14.38513,51.022414],[14.385069,51.022363],[14.385008,51.022313],[14.384947,51.022262],[14.384876,51.022256],[14.384806,51.02225],[14.384726,51.022288],[14.384665,51.022237],[14.384604,51.022187],[14.384543,51.022136],[14.384482,51.022085],[14.384492,51.022041],[14.384431,51.02199],[14.384441,51.021946],[14.38438,51.021895],[14.384319,51.021844],[14.384258,51.021794],[14.384198,51.021743],[14.384137,51.021692],[14.384056,51.021731],[14.383986,51.021725],[14.383905,51.021763],[14.383845,51.021712],[14.383774,51.021706],[14.383703,51.0217],[14.383633,51.021694],[14.383553,51.021732],[14.383543,51.021777],[14.383533,51.021821],[14.383453,51.02186],[14.383372,51.021898],[14.383292,51.021936],[14.383231,51.021886],[14.38317,51.021835],[14.38311,51.021784],[14.383039,51.021778],[14.382969,51.021772],[14.382898,51.021766],[14.382837,51.021715],[14.382767,51.021709],[14.382696,51.021703],[14.382635,51.021652],[14.382555,51.021691],[14.382494,51.02164],[14.382433,51.021589],[14.382363,51.021583],[14.382292,51.021577],[14.382231,51.021526],[14.382161,51.02152],[14.3821,51.02147],[14.382039,51.021419],[14.381968,51.021413],[14.381908,51.021362],[14.381847,51.021312],[14.381776,51.021305],[14.381715,51.021255],[14.381654,51.021204],[14.381594,51.021153]]}},{"type":"Feature","properties":{"idx":2892713,"idx_ds":2554536,"pit":false,"upstream_km2":0.3513008952140808,"source":"terrain-derived D8 drainage candidate","official_watercourse":false,"threshold_upstream_km2":0.25},"geometry":{"type":"LineString","coordinates":[[14.426536,51.018209],[14.426597,51.01826],[14.426667,51.018266],[14.426728,51.018317],[14.426789,51.018367],[14.42685,51.018418],[14.426911,51.018469],[14.426972,51.018519],[14.427033,51.01857],[14.427093,51.018621],[14.427154,51.018671],[14.427215,51.018722],[14.427135,51.01876],[14.427125,51.018805],[14.427115,51.018849],[14.427176,51.0189],[14.427237,51.018951],[14.427298,51.019001],[14.427359,51.019052],[14.42742,51.019102],[14.427481,51.019153],[14.427542,51.019204],[14.427602,51.019254],[14.427663,51.019305],[14.427734,51.019311],[14.427795,51.019362],[14.427856,51.019412],[14.427917,51.019463],[14.427977,51.019514],[14.428038,51.019564],[14.428099,51.019615],[14.42816,51.019666],[14.428221,51.019716],[14.428282,51.019767],[14.428343,51.019817],[14.428404,51.019868],[14.428474,51.019874],[14.428535,51.019925],[14.428596,51.019975],[14.428676,51.019937],[14.428747,51.019943],[14.428817,51.019949],[14.428888,51.019955],[14.428949,51.020006],[14.42901,51.020057],[14.429071,51.020107],[14.429141,51.020113],[14.429212,51.02012],[14.429273,51.02017],[14.429333,51.020221],[14.429394,51.020271],[14.429455,51.020322],[14.429516,51.020373],[14.429577,51.020423],[14.429638,51.020474],[14.429699,51.020525],[14.42976,51.020575],[14.429821,51.020626],[14.429811,51.02067],[14.429731,51.020709],[14.429721,51.020753],[14.429711,51.020798],[14.429772,51.020848],[14.429833,51.020899],[14.429894,51.02095],[14.429955,51.021],[14.430016,51.021051],[14.430076,51.021102],[14.430137,51.021152],[14.430198,51.021203],[14.430189,51.021247],[14.430249,51.021298],[14.43024,51.021343],[14.430301,51.021393],[14.430361,51.021444],[14.430352,51.021488],[14.430413,51.021539],[14.430474,51.02159],[14.430534,51.02164],[14.430595,51.021691],[14.430666,51.021697],[14.430727,51.021748],[14.430788,51.021798],[14.430849,51.021849],[14.430909,51.0219],[14.43097,51.02195],[14.43089,51.021989],[14.43088,51.022033],[14.430871,51.022078],[14.430932,51.022128],[14.430992,51.022179],[14.431053,51.022229],[14.431114,51.02228],[14.431175,51.022331],[14.431236,51.022381],[14.431297,51.022432],[14.431358,51.022483],[14.431428,51.022489],[14.431489,51.022539],[14.43156,51.022545],[14.431621,51.022596],[14.431682,51.022647],[14.431742,51.022697],[14.431813,51.022703],[14.431874,51.022754],[14.431944,51.02276],[14.432005,51.022811],[14.432066,51.022862],[14.432137,51.022868],[14.432198,51.022918],[14.432259,51.022969],[14.432319,51.02302],[14.43239,51.023026],[14.432461,51.023032],[14.432531,51.023038],[14.432602,51.023044],[14.432682,51.023006],[14.432762,51.022967],[14.432843,51.022929],[14.432913,51.022935],[14.432984,51.022941],[14.433045,51.022992],[14.433115,51.022998],[14.433186,51.023004],[14.433256,51.02301],[14.433327,51.023016],[14.433398,51.023022],[14.433468,51.023028],[14.433539,51.023034],[14.4336,51.023085],[14.43367,51.023091],[14.433741,51.023097],[14.433811,51.023103],[14.433872,51.023154],[14.433943,51.02316],[14.434013,51.023166],[14.434084,51.023172],[14.434155,51.023179],[14.434225,51.023185],[14.434296,51.023191],[14.434357,51.023241],[14.434427,51.023247],[14.434498,51.023254],[14.434568,51.02326],[14.434639,51.023266],[14.4347,51.023316],[14.43478,51.023278],[14.434841,51.023329],[14.434912,51.023335],[14.434982,51.023341],[14.435063,51.023303],[14.435133,51.023309],[14.435204,51.023315],[14.435265,51.023365],[14.435325,51.023416],[14.435386,51.023467],[14.435457,51.023473],[14.435528,51.023479],[14.435598,51.023485],[14.435669,51.023491],[14.435739,51.023497],[14.43582,51.023459],[14.43589,51.023465],[14.43597,51.023426],[14.436041,51.023433],[14.436112,51.023439],[14.436192,51.0234],[14.436262,51.023406],[14.436333,51.023413],[14.436404,51.023419],[14.436474,51.023425],[14.436545,51.023431],[14.436625,51.023392],[14.436696,51.023399],[14.436766,51.023405],[14.436827,51.023455],[14.436898,51.023461],[14.436968,51.023468],[14.437029,51.023518],[14.43709,51.023569],[14.437151,51.023619],[14.437212,51.02367],[14.437273,51.023721],[14.437334,51.023771],[14.437324,51.023816],[14.437244,51.023854],[14.437305,51.023905],[14.437375,51.023911],[14.437436,51.023962],[14.437507,51.023968],[14.437577,51.023974],[14.437648,51.02398],[14.437718,51.023986],[14.437789,51.023992],[14.43786,51.023998],[14.43793,51.024004],[14.438001,51.024011],[14.438071,51.024017],[14.438142,51.024023],[14.438222,51.023984],[14.438283,51.024035],[14.438354,51.024041],[14.438424,51.024047],[14.438495,51.024053],[14.438575,51.024015],[14.438646,51.024021],[14.438716,51.024027],[14.438787,51.024033],[14.438848,51.024084],[14.438918,51.02409],[14.438989,51.024096],[14.43906,51.024102],[14.43912,51.024153],[14.439191,51.024159],[14.439262,51.024165],[14.439323,51.024216],[14.439393,51.024222],[14.439464,51.024228],[14.439525,51.024279],[14.439595,51.024285],[14.439656,51.024335],[14.439727,51.024341],[14.439788,51.024392],[14.439858,51.024398],[14.439919,51.024449],[14.43999,51.024455],[14.44006,51.024461],[14.440121,51.024512],[14.440192,51.024518],[14.440253,51.024568],[14.440323,51.024574],[14.440384,51.024625],[14.440455,51.024631],[14.440516,51.024682],[14.440586,51.024688],[14.440657,51.024694],[14.440727,51.0247],[14.440798,51.024706],[14.440868,51.024712],[14.440929,51.024763],[14.441,51.024769],[14.441071,51.024775],[14.441141,51.024781],[14.441212,51.024787],[14.441282,51.024794],[14.441363,51.024755],[14.441443,51.024717],[14.441504,51.024767],[14.441565,51.024818],[14.441635,51.024824],[14.441706,51.02483],[14.441776,51.024836],[14.441847,51.024842],[14.441918,51.024849],[14.441988,51.024855],[14.442059,51.024861],[14.442129,51.024867],[14.4422,51.024873],[14.442271,51.024879],[14.442341,51.024885],[14.442412,51.024891],[14.442482,51.024897],[14.442563,51.024859],[14.442633,51.024865],[14.442704,51.024871],[14.442784,51.024833],[14.442845,51.024883],[14.442906,51.024934],[14.442967,51.024985],[14.443037,51.024991],[14.443108,51.024997],[14.443178,51.025003],[14.443249,51.025009],[14.44332,51.025015],[14.44339,51.025021],[14.443461,51.025027],[14.443531,51.025034],[14.443602,51.02504],[14.443682,51.025001],[14.443763,51.024963],[14.443843,51.024924],[14.443913,51.024931],[14.443984,51.024937],[14.444055,51.024943],[14.444125,51.024949],[14.444196,51.024955],[14.444276,51.024917],[14.444347,51.024923],[14.444417,51.024929],[14.444488,51.024935],[14.444558,51.024941],[14.444639,51.024903],[14.444709,51.024909],[14.44477,51.024959],[14.444841,51.024965],[14.444911,51.024972],[14.444982,51.024978],[14.445043,51.025028],[14.445113,51.025034],[14.445184,51.02504],[14.445255,51.025047],[14.445325,51.025053],[14.445396,51.025059],[14.445466,51.025065],[14.445527,51.025116],[14.445598,51.025122],[14.445668,51.025128],[14.445739,51.025134],[14.44581,51.02514],[14.44588,51.025146],[14.445951,51.025152],[14.446031,51.025114],[14.446102,51.02512],[14.446182,51.025081],[14.446253,51.025088],[14.446323,51.025094],[14.446394,51.0251],[14.446464,51.025106],[14.446535,51.025112],[14.446596,51.025163],[14.446666,51.025169],[14.446727,51.025219],[14.446798,51.025225],[14.446859,51.025276],[14.446929,51.025282],[14.44699,51.025333],[14.447061,51.025339],[14.447131,51.025345],[14.447202,51.025351],[14.447263,51.025402],[14.447334,51.025408],[14.447404,51.025414],[14.447465,51.025465],[14.447536,51.025471],[14.447597,51.025521],[14.447667,51.025527],[14.447738,51.025534],[14.447808,51.02554],[14.447879,51.025546],[14.447949,51.025552],[14.44802,51.025558],[14.448091,51.025564],[14.448152,51.025615],[14.448222,51.025621],[14.448293,51.025627],[14.448363,51.025633],[14.448424,51.025684],[14.448495,51.02569],[14.448565,51.025696],[14.448636,51.025702],[14.448707,51.025708],[14.448767,51.025759],[14.448838,51.025765],[14.448909,51.025771],[14.448979,51.025777],[14.44905,51.025783],[14.44912,51.025789],[14.449191,51.025795],[14.449252,51.025846],[14.449242,51.02589],[14.449303,51.025941],[14.449293,51.025986],[14.449354,51.026036],[14.449415,51.026087],[14.449476,51.026137],[14.449537,51.026188],[14.449608,51.026194],[14.449678,51.0262],[14.449759,51.026162],[14.449819,51.026213],[14.44988,51.026263],[14.449951,51.026269],[14.450012,51.02632],[14.450082,51.026326],[14.450153,51.026332],[14.450224,51.026338],[14.450285,51.026389],[14.450355,51.026395],[14.450435,51.026356],[14.450506,51.026363],[14.450567,51.026413],[14.450628,51.026464],[14.450689,51.026514],[14.450679,51.026559],[14.45074,51.02661],[14.450801,51.02666],[14.450862,51.026711],[14.450923,51.026761],[14.450984,51.026812],[14.451045,51.026863]]}},{"type":"Feature","properties":{"idx":2692298,"idx_ds":2551192,"pit":false,"upstream_km2":0.2671305239200592,"source":"terrain-derived D8 drainage candidate","official_watercourse":false,"threshold_upstream_km2":0.25},"geometry":{"type":"LineString","coordinates":[[14.384777,51.018437],[14.384697,51.018475],[14.384687,51.01852],[14.384677,51.018564],[14.384668,51.018609],[14.384587,51.018647],[14.384507,51.018686],[14.384497,51.01873],[14.384417,51.018768],[14.384407,51.018813],[14.384327,51.018851],[14.384247,51.01889],[14.384237,51.018934],[14.384157,51.018973],[14.384076,51.019011],[14.383996,51.019049],[14.383986,51.019094],[14.383906,51.019132],[14.383835,51.019126],[14.383765,51.01912],[14.383694,51.019114],[14.383624,51.019108],[14.383543,51.019146],[14.383473,51.01914],[14.383402,51.019134],[14.383322,51.019172],[14.383251,51.019166],[14.383181,51.01916],[14.38311,51.019154],[14.38304,51.019147],[14.382959,51.019186],[14.382879,51.019224],[14.382799,51.019263],[14.382789,51.019307],[14.382709,51.019345],[14.382769,51.019396],[14.382689,51.019434],[14.382609,51.019473],[14.382528,51.019511],[14.382448,51.01955],[14.382368,51.019588],[14.382429,51.019639],[14.382348,51.019677],[14.382339,51.019721],[14.382258,51.01976],[14.382319,51.01981],[14.382309,51.019855],[14.382229,51.019893],[14.382149,51.019932],[14.382068,51.01997],[14.381988,51.020008],[14.381908,51.020047],[14.381827,51.020085],[14.381747,51.020124],[14.381737,51.020168],[14.381657,51.020206],[14.381577,51.020245],[14.381567,51.020289],[14.381487,51.020328],[14.381548,51.020378],[14.381538,51.020423],[14.381457,51.020461],[14.381377,51.0205],[14.381297,51.020538],[14.381287,51.020582],[14.381207,51.020621],[14.381126,51.020659],[14.381046,51.020698],[14.381036,51.020742],[14.381027,51.020787],[14.380946,51.020825]]}},{"type":"Feature","properties":{"idx":4215891,"idx_ds":4015876,"pit":false,"upstream_km2":0.30119335651397705,"source":"terrain-derived D8 drainage candidate","official_watercourse":false,"threshold_upstream_km2":0.25},"geometry":{"type":"LineString","coordinates":[[14.401312,50.990483],[14.401251,50.990432],[14.401181,50.990426],[14.401101,50.990464],[14.40103,50.990458],[14.400959,50.990452],[14.400889,50.990446],[14.400818,50.99044],[14.400748,50.990433],[14.400687,50.990383],[14.400626,50.990332],[14.400556,50.990326],[14.400475,50.990364],[14.400405,50.990358],[14.400334,50.990352],[14.400274,50.990301],[14.400213,50.990251],[14.400142,50.990245],[14.400062,50.990283],[14.399982,50.990321],[14.399911,50.990315],[14.399831,50.990354],[14.39977,50.990303],[14.3997,50.990297],[14.399629,50.990291],[14.399549,50.990329],[14.399469,50.990368],[14.399398,50.990361],[14.399318,50.9904],[14.399247,50.990394],[14.399167,50.990432],[14.399087,50.99047],[14.399007,50.990509],[14.398926,50.990547],[14.398846,50.990586],[14.398766,50.990624],[14.398686,50.990662],[14.398676,50.990707],[14.398596,50.990745],[14.398515,50.990784],[14.398435,50.990822],[14.398355,50.99086],[14.398275,50.990899],[14.398194,50.990937],[14.398114,50.990975],[14.398034,50.991014],[14.397954,50.991052],[14.397873,50.991091],[14.397864,50.991135],[14.397854,50.99118],[14.397774,50.991218],[14.397693,50.991256],[14.397613,50.991295],[14.397543,50.991289],[14.397462,50.991327],[14.397392,50.991321],[14.397312,50.991359],[14.397241,50.991353],[14.39717,50.991347],[14.3971,50.991341],[14.397029,50.991335],[14.396959,50.991329],[14.396879,50.991367],[14.396808,50.991361],[14.396738,50.991355],[14.396657,50.991393],[14.396587,50.991387],[14.396516,50.991381],[14.396446,50.991375],[14.396385,50.991324],[14.396314,50.991318],[14.396254,50.991267],[14.396183,50.991261],[14.396112,50.991255],[14.396032,50.991293],[14.395952,50.991332],[14.395872,50.99137],[14.395801,50.991364],[14.395731,50.991358],[14.39565,50.991396],[14.39558,50.99139],[14.395509,50.991384],[14.395429,50.991422],[14.395359,50.991416],[14.395288,50.99141],[14.395208,50.991448],[14.395137,50.991442],[14.395067,50.991436],[14.394986,50.991474],[14.394906,50.991513],[14.394826,50.991551],[14.394755,50.991545],[14.394685,50.991539],[14.394605,50.991577],[14.394534,50.991571],[14.394464,50.991565],[14.394393,50.991559],[14.394322,50.991553],[14.394252,50.991547],[14.394181,50.99154],[14.394111,50.991534],[14.39404,50.991528],[14.39397,50.991522],[14.39389,50.99156],[14.393819,50.991554],[14.393748,50.991548],[14.393678,50.991542],[14.393607,50.991536],[14.393537,50.99153],[14.393457,50.991568],[14.393386,50.991562],[14.393316,50.991556],[14.393245,50.99155],[14.393165,50.991588],[14.393085,50.991626],[14.393004,50.991665],[14.392924,50.991703],[14.392844,50.991742],[14.392763,50.99178],[14.392683,50.991818],[14.392603,50.991857],[14.392523,50.991895],[14.392442,50.991933],[14.392362,50.991972],[14.392282,50.99201],[14.392202,50.992049],[14.392121,50.992087],[14.392041,50.992125],[14.391961,50.992164],[14.39189,50.992157],[14.39182,50.992151],[14.391749,50.992145],[14.391688,50.992095],[14.391628,50.992044],[14.391557,50.992038],[14.391496,50.991987],[14.391426,50.991981],[14.391365,50.99193],[14.391285,50.991969],[14.391204,50.992007],[14.391134,50.992001],[14.391054,50.992039],[14.390973,50.992078],[14.390893,50.992116],[14.390813,50.992154],[14.390742,50.992148],[14.390662,50.992187],[14.390592,50.992181],[14.390521,50.992174],[14.390441,50.992213],[14.39037,50.992207],[14.3903,50.9922],[14.390219,50.992239],[14.390139,50.992277],[14.390069,50.992271],[14.389988,50.992309],[14.389908,50.992348],[14.389838,50.992342],[14.389767,50.992336],[14.389687,50.992374],[14.389607,50.992412],[14.389526,50.992451],[14.389446,50.992489],[14.389375,50.992483],[14.389295,50.992521],[14.389215,50.99256],[14.389135,50.992598],[14.389054,50.992636],[14.388974,50.992675],[14.388894,50.992713],[14.388814,50.992751],[14.388733,50.99279],[14.388653,50.992828],[14.388573,50.992867],[14.388493,50.992905],[14.388412,50.992943],[14.388332,50.992982],[14.388262,50.992976],[14.388191,50.992969],[14.388111,50.993008],[14.38803,50.993046],[14.38795,50.993085],[14.38787,50.993123],[14.38779,50.993161]]}},{"type":"Feature","properties":{"idx":3686813,"idx_ds":4015876,"pit":false,"upstream_km2":5.365894317626953,"source":"terrain-derived D8 drainage candidate","official_watercourse":false,"threshold_upstream_km2":0.25},"geometry":{"type":"LineString","coordinates":[[14.391859,50.999866],[14.391798,50.999815],[14.391737,50.999765],[14.391676,50.999714],[14.391686,50.999669],[14.391625,50.999619],[14.391635,50.999574],[14.391574,50.999524],[14.391513,50.999473],[14.391452,50.999422],[14.391392,50.999372],[14.391401,50.999327],[14.391341,50.999277],[14.39128,50.999226],[14.391219,50.999175],[14.391158,50.999125],[14.391097,50.999074],[14.391037,50.999023],[14.391046,50.998979],[14.390985,50.998928],[14.390995,50.998884],[14.391005,50.998839],[14.391015,50.998795],[14.391024,50.99875],[14.390964,50.998699],[14.390973,50.998655],[14.390912,50.998604],[14.390852,50.998554],[14.390791,50.998503],[14.390801,50.998458],[14.39081,50.998414],[14.39075,50.998363],[14.390689,50.998313],[14.390628,50.998262],[14.390567,50.998211],[14.390506,50.998161],[14.390516,50.998116],[14.390455,50.998065],[14.390394,50.998015],[14.390324,50.998009],[14.390253,50.998003],[14.390192,50.997952],[14.390132,50.997901],[14.390071,50.997851],[14.39001,50.9978],[14.389949,50.997749],[14.389879,50.997743],[14.389808,50.997737],[14.389738,50.997731],[14.389677,50.99768],[14.389616,50.99763],[14.389696,50.997591],[14.389777,50.997553],[14.389857,50.997514],[14.389796,50.997464],[14.389735,50.997413],[14.389745,50.997369],[14.389755,50.997324],[14.389764,50.99728],[14.389774,50.997235],[14.389784,50.997191],[14.389864,50.997152],[14.389944,50.997114],[14.389884,50.997063],[14.389893,50.997019],[14.389833,50.996968],[14.389772,50.996917],[14.389781,50.996873],[14.389791,50.996828],[14.38973,50.996778],[14.389811,50.996739],[14.389891,50.996701],[14.389901,50.996656],[14.38991,50.996612],[14.38985,50.996561],[14.389859,50.996517],[14.389869,50.996472],[14.389808,50.996422],[14.389818,50.996377],[14.389757,50.996326],[14.389837,50.996288],[14.389777,50.996237],[14.389716,50.996187],[14.389655,50.996136],[14.389594,50.996085],[14.389533,50.996035],[14.389543,50.99599],[14.389553,50.995946],[14.389633,50.995907],[14.389572,50.995857],[14.389582,50.995812],[14.389521,50.995762],[14.389602,50.995723],[14.389541,50.995672],[14.389621,50.995634],[14.389631,50.99559],[14.38964,50.995545],[14.38965,50.995501],[14.38966,50.995456],[14.389599,50.995405],[14.389609,50.995361],[14.389619,50.995316],[14.389699,50.995278],[14.389638,50.995227],[14.389577,50.995177],[14.389587,50.995132],[14.389597,50.995088],[14.389606,50.995043],[14.389616,50.994999],[14.389555,50.994948],[14.389495,50.994897],[14.389424,50.994891],[14.389363,50.994841],[14.389443,50.994802],[14.389453,50.994758],[14.389463,50.994713],[14.389473,50.994669],[14.389482,50.994624],[14.389492,50.99458],[14.389572,50.994541],[14.389653,50.994503],[14.389733,50.994464],[14.389743,50.99442],[14.389752,50.994375],[14.389692,50.994325],[14.389701,50.99428],[14.389711,50.994236],[14.38965,50.994185],[14.38966,50.994141],[14.389599,50.99409],[14.389679,50.994052],[14.389689,50.994007],[14.389628,50.993956],[14.389638,50.993912],[14.389577,50.993861],[14.389516,50.993811],[14.389526,50.993766],[14.389536,50.993722],[14.389475,50.993671],[14.389414,50.99362],[14.389354,50.99357],[14.389363,50.993525],[14.389302,50.993474],[14.389242,50.993424],[14.389171,50.993418],[14.38911,50.993367],[14.38904,50.993361],[14.388969,50.993355],[14.388899,50.993349],[14.388838,50.993298],[14.388767,50.993292],[14.388697,50.993286],[14.388626,50.993279],[14.388556,50.993273],[14.388485,50.993267],[14.388405,50.993306],[14.388334,50.993299],[14.388274,50.993249],[14.388203,50.993243],[14.388142,50.993192],[14.388082,50.993141],[14.388021,50.993091],[14.38794,50.993129],[14.38786,50.993167],[14.38779,50.993161]]}},{"type":"Feature","properties":{"idx":2818181,"idx_ds":2683939,"pit":false,"upstream_km2":0.2719537019729614,"source":"terrain-derived D8 drainage candidate","official_watercourse":false,"threshold_upstream_km2":0.25},"geometry":{"type":"LineString","coordinates":[[14.475634,51.023907],[14.475554,51.023945],[14.475483,51.023939],[14.475403,51.023978],[14.475323,51.024016],[14.475252,51.02401],[14.475172,51.024048],[14.475092,51.024087],[14.475011,51.024125],[14.474941,51.024119],[14.474861,51.024158],[14.474851,51.024202],[14.474771,51.024241],[14.47469,51.024279],[14.47462,51.024273],[14.47454,51.024311],[14.474469,51.024305],[14.474389,51.024344],[14.474318,51.024338],[14.474238,51.024376],[14.474167,51.02437],[14.474097,51.024364],[14.474026,51.024358],[14.473946,51.024396],[14.473866,51.024435],[14.473785,51.024473],[14.473724,51.024422],[14.473654,51.024416],[14.473583,51.02441],[14.473513,51.024404],[14.473432,51.024443],[14.473362,51.024437],[14.473291,51.02443],[14.473221,51.024424],[14.47314,51.024463],[14.47307,51.024457],[14.472999,51.024451],[14.472929,51.024444],[14.472848,51.024483],[14.472778,51.024477],[14.472707,51.024471],[14.472637,51.024465],[14.472566,51.024459],[14.472495,51.024452],[14.472425,51.024446],[14.472354,51.02444],[14.472284,51.024434],[14.472203,51.024473],[14.472133,51.024467],[14.472062,51.02446],[14.471992,51.024454],[14.471921,51.024448],[14.47185,51.024442],[14.47178,51.024436],[14.4717,51.024474],[14.471629,51.024468],[14.471558,51.024462],[14.471488,51.024456],[14.471417,51.02445],[14.471347,51.024444],[14.471276,51.024438],[14.471205,51.024432],[14.471135,51.024426],[14.471064,51.02442],[14.470994,51.024414],[14.470923,51.024407],[14.470852,51.024401],[14.470782,51.024395],[14.470711,51.024389],[14.47065,51.024339],[14.47058,51.024333],[14.470509,51.024326],[14.470439,51.02432],[14.470378,51.02427],[14.470297,51.024308],[14.470227,51.024302],[14.470156,51.024296],[14.470086,51.02429],[14.470015,51.024284],[14.469935,51.024322],[14.469864,51.024316],[14.469794,51.02431],[14.469723,51.024304],[14.469643,51.024342],[14.469563,51.024381],[14.469492,51.024375],[14.469412,51.024413],[14.469341,51.024407],[14.469261,51.024445],[14.46919,51.024439],[14.46912,51.024433],[14.469039,51.024472],[14.468969,51.024466],[14.468889,51.024504],[14.468808,51.024542],[14.468728,51.024581],[14.468648,51.024619],[14.468568,51.024658],[14.468497,51.024652],[14.468417,51.02469],[14.468346,51.024684],[14.468276,51.024678],[14.468205,51.024672],[14.468125,51.02471],[14.468054,51.024704],[14.467984,51.024698],[14.467903,51.024736],[14.467823,51.024775],[14.467813,51.024819],[14.467733,51.024858],[14.467653,51.024896],[14.467573,51.024935],[14.467563,51.024979],[14.467483,51.025018],[14.467402,51.025056],[14.467322,51.025094],[14.467242,51.025133],[14.467162,51.025171],[14.467081,51.02521],[14.467001,51.025248],[14.466921,51.025287],[14.466841,51.025325],[14.46676,51.025363],[14.46668,51.025402],[14.4666,51.02544],[14.46652,51.025479],[14.466449,51.025473],[14.466378,51.025466],[14.466308,51.02546],[14.466237,51.025454],[14.466167,51.025448],[14.466086,51.025487],[14.466016,51.025481],[14.465936,51.025519],[14.465926,51.025563],[14.465846,51.025602],[14.465765,51.02564],[14.465695,51.025634],[14.465624,51.025628],[14.465544,51.025667],[14.465464,51.025705],[14.465383,51.025743],[14.465374,51.025788],[14.465294,51.025826],[14.465213,51.025865],[14.465133,51.025903],[14.465053,51.025942],[14.464972,51.02598],[14.464912,51.025929],[14.464831,51.025968],[14.464751,51.026006],[14.46469,51.025956],[14.46462,51.02595],[14.464549,51.025943],[14.464478,51.025937],[14.464408,51.025931],[14.464327,51.02597],[14.464247,51.026008],[14.464177,51.026002],[14.464116,51.025951],[14.464045,51.025945],[14.463975,51.025939],[14.463904,51.025933],[14.463833,51.025927],[14.463763,51.025921],[14.463682,51.025959],[14.463622,51.025909],[14.463551,51.025903],[14.46348,51.025896],[14.4634,51.025935],[14.46333,51.025929],[14.463259,51.025923],[14.463188,51.025917],[14.463118,51.025911],[14.463057,51.02586],[14.462986,51.025854],[14.462916,51.025848],[14.462855,51.025797],[14.462784,51.025791],[14.462714,51.025785],[14.462643,51.025779],[14.462563,51.025817],[14.462482,51.025856],[14.462422,51.025805],[14.462351,51.025799],[14.46228,51.025793],[14.46221,51.025787],[14.462139,51.025781],[14.462069,51.025775],[14.461998,51.025768],[14.461927,51.025762],[14.461857,51.025756],[14.461786,51.02575],[14.461725,51.0257],[14.461655,51.025693],[14.461584,51.025687],[14.461513,51.025681],[14.461443,51.025675],[14.461372,51.025669],[14.461302,51.025663],[14.461221,51.025701],[14.461151,51.025695],[14.46109,51.025645],[14.4611,51.0256],[14.461039,51.02555],[14.461048,51.025505],[14.461058,51.02546],[14.460997,51.02541],[14.460927,51.025404],[14.460866,51.025353],[14.460795,51.025347],[14.460724,51.025341],[14.460664,51.02529],[14.460583,51.025329],[14.460513,51.025323],[14.460452,51.025272],[14.460381,51.025266],[14.460311,51.02526],[14.46024,51.025254],[14.460169,51.025248],[14.460099,51.025242],[14.460028,51.025235],[14.459958,51.025229],[14.459887,51.025223],[14.459826,51.025173],[14.459756,51.025167],[14.459685,51.02516],[14.459614,51.025154],[14.459544,51.025148],[14.459473,51.025142],[14.459403,51.025136],[14.459342,51.025085],[14.459271,51.025079],[14.4592,51.025073],[14.45913,51.025067],[14.459059,51.025061],[14.458989,51.025055],[14.458918,51.025049],[14.458848,51.025043],[14.458777,51.025037],[14.458706,51.025031],[14.458636,51.025024],[14.458565,51.025018],[14.458495,51.025012]]}},{"type":"Feature","properties":{"idx":2537096,"idx_ds":2551192,"pit":false,"upstream_km2":0.7644549012184143,"source":"terrain-derived D8 drainage candidate","official_watercourse":false,"threshold_upstream_km2":0.25},"geometry":{"type":"LineString","coordinates":[[14.381594,51.021153],[14.381523,51.021147],[14.381462,51.021097],[14.381401,51.021046],[14.381411,51.021001],[14.38135,51.020951],[14.38128,51.020945],[14.381209,51.020939],[14.381139,51.020932],[14.381078,51.020882],[14.381017,51.020831],[14.380946,51.020825]]}},{"type":"Feature","properties":{"idx":2551192,"idx_ds":3108022,"pit":false,"upstream_km2":1.2282660007476807,"source":"terrain-derived D8 drainage candidate","official_watercourse":false,"threshold_upstream_km2":0.25},"geometry":{"type":"LineString","coordinates":[[14.380946,51.020825],[14.380886,51.020774],[14.380825,51.020724],[14.380754,51.020717],[14.380684,51.020711],[14.380603,51.02075],[14.380523,51.020788],[14.380443,51.020826],[14.380362,51.020865],[14.380282,51.020903],[14.380202,51.020942],[14.380131,51.020935],[14.38007,51.020885],[14.37999,51.020923],[14.37991,51.020961],[14.379849,51.020911],[14.379788,51.02086],[14.379708,51.020898],[14.379637,51.020892],[14.379566,51.020886],[14.379496,51.02088],[14.379416,51.020918],[14.379335,51.020957],[14.379255,51.020995],[14.379175,51.021033],[14.379094,51.021072],[14.379014,51.02111],[14.378934,51.021149],[14.378853,51.021187],[14.378773,51.021225],[14.378693,51.021264],[14.378612,51.021302],[14.378532,51.02134],[14.378452,51.021379],[14.378371,51.021417],[14.378291,51.021456],[14.378211,51.021494],[14.37813,51.021532],[14.37805,51.021571],[14.37797,51.021609],[14.377899,51.021603],[14.377829,51.021597],[14.377758,51.021591],[14.377687,51.021584],[14.377627,51.021534],[14.377566,51.021483],[14.377495,51.021477],[14.377434,51.021426],[14.377364,51.02142],[14.377303,51.021369],[14.377232,51.021363],[14.377172,51.021313],[14.377101,51.021306],[14.37703,51.0213],[14.37697,51.02125],[14.376909,51.021199],[14.376848,51.021148],[14.376777,51.021142],[14.376717,51.021092],[14.376656,51.021041],[14.376585,51.021035],[14.376524,51.020984],[14.376454,51.020978],[14.376393,51.020927],[14.376332,51.020877],[14.376271,51.020826],[14.376211,51.020775],[14.376291,51.020737],[14.376371,51.020699],[14.376451,51.02066],[14.376532,51.020622],[14.376612,51.020583],[14.376692,51.020545],[14.376773,51.020507],[14.376853,51.020468],[14.376933,51.02043],[14.377014,51.020392],[14.377094,51.020353],[14.377104,51.020309],[14.377114,51.020264],[14.377123,51.02022],[14.377133,51.020175],[14.377072,51.020125],[14.377011,51.020074],[14.377021,51.020029],[14.37696,51.019979],[14.3769,51.019928],[14.376829,51.019922],[14.376768,51.019871],[14.376707,51.019821],[14.376637,51.019814],[14.376576,51.019764],[14.376515,51.019713],[14.376525,51.019669],[14.376605,51.01963],[14.376615,51.019586],[14.376695,51.019547],[14.376705,51.019503],[14.376785,51.019465],[14.376795,51.01942],[14.376734,51.019369],[14.376664,51.019363],[14.376593,51.019357],[14.376513,51.019395],[14.376503,51.01944],[14.376423,51.019478],[14.376342,51.019517],[14.376333,51.019561],[14.376252,51.0196],[14.376172,51.019638],[14.376092,51.019676],[14.376011,51.019715],[14.375931,51.019753],[14.375851,51.019791],[14.37579,51.019741],[14.375719,51.019735],[14.375649,51.019728],[14.375578,51.019722],[14.375508,51.019716],[14.375437,51.01971],[14.375366,51.019704],[14.375296,51.019698],[14.375225,51.019691],[14.375155,51.019685],[14.375084,51.019679],[14.375014,51.019673],[14.374943,51.019667],[14.374872,51.019661],[14.374802,51.019655],[14.374722,51.019693],[14.374651,51.019687],[14.37459,51.019636],[14.37452,51.01963],[14.374439,51.019668],[14.374369,51.019662],[14.374288,51.019701],[14.374218,51.019694],[14.374147,51.019688],[14.374077,51.019682],[14.373996,51.01972],[14.373926,51.019714],[14.373855,51.019708],[14.373775,51.019747],[14.373704,51.01974],[14.373634,51.019734],[14.373563,51.019728],[14.373493,51.019722],[14.373412,51.01976],[14.373342,51.019754],[14.373271,51.019748],[14.373201,51.019742],[14.37312,51.01978],[14.37305,51.019774],[14.372979,51.019768],[14.372909,51.019762],[14.372838,51.019756],[14.372767,51.019749],[14.372687,51.019788],[14.372616,51.019782],[14.372546,51.019776],[14.372475,51.019769],[14.372395,51.019808],[14.372324,51.019802],[14.372254,51.019795],[14.372174,51.019834],[14.372103,51.019828],[14.372032,51.019821],[14.371962,51.019815],[14.371891,51.019809],[14.371811,51.019848],[14.37174,51.019841],[14.37167,51.019835],[14.371599,51.019829],[14.371529,51.019823],[14.371458,51.019817],[14.371378,51.019855],[14.371307,51.019849],[14.371237,51.019843],[14.371166,51.019837],[14.371095,51.019831],[14.371035,51.01978],[14.370964,51.019774],[14.370903,51.019723],[14.370833,51.019717],[14.370772,51.019666],[14.370701,51.01966],[14.37064,51.019609],[14.37058,51.019559],[14.370509,51.019553],[14.370448,51.019502],[14.370387,51.019451],[14.370327,51.019401],[14.370256,51.019394],[14.370195,51.019344],[14.370134,51.019293],[14.370064,51.019287],[14.370003,51.019236],[14.369942,51.019186],[14.369881,51.019135],[14.369821,51.019084],[14.36975,51.019078],[14.369689,51.019027],[14.369628,51.018977],[14.369568,51.018926],[14.369507,51.018876],[14.369446,51.018825],[14.369456,51.01878],[14.369465,51.018736],[14.369405,51.018685],[14.369344,51.018634],[14.369354,51.01859],[14.369363,51.018545],[14.369373,51.018501],[14.369312,51.01845],[14.369322,51.018406],[14.369261,51.018355],[14.369271,51.018311],[14.369351,51.018272],[14.369291,51.018222],[14.36923,51.018171],[14.36931,51.018133],[14.36932,51.018088],[14.369259,51.018037],[14.369269,51.017993],[14.369278,51.017948],[14.369288,51.017904],[14.369298,51.017859],[14.369237,51.017809],[14.369247,51.017764],[14.369257,51.01772],[14.369266,51.017675],[14.369276,51.017631],[14.369215,51.01758],[14.369155,51.017529],[14.369094,51.017479],[14.369033,51.017428],[14.369113,51.01739],[14.369194,51.017351],[14.369133,51.017301],[14.369072,51.01725],[14.369082,51.017205],[14.369021,51.017155],[14.36896,51.017104],[14.368899,51.017053],[14.368838,51.017003],[14.368778,51.016952],[14.368717,51.016901],[14.368656,51.016851],[14.368595,51.0168],[14.368525,51.016794],[14.368464,51.016743],[14.368403,51.016693],[14.368413,51.016648],[14.368352,51.016597],[14.368362,51.016553],[14.368301,51.016502],[14.36824,51.016452],[14.368179,51.016401],[14.368109,51.016395],[14.368038,51.016389],[14.367958,51.016427],[14.367897,51.016376],[14.367827,51.01637],[14.367756,51.016364],[14.367685,51.016358],[14.367625,51.016307],[14.367564,51.016257],[14.367503,51.016206],[14.367432,51.0162],[14.367362,51.016194],[14.367301,51.016143],[14.36724,51.016092],[14.36717,51.016086],[14.367099,51.01608],[14.367029,51.016074],[14.366958,51.016068],[14.366887,51.016061],[14.366827,51.016011],[14.366756,51.016005],[14.366676,51.016043],[14.366605,51.016037],[14.366544,51.015986],[14.366464,51.016025],[14.366384,51.016063],[14.366303,51.016101],[14.366243,51.016051],[14.366182,51.016],[14.366191,51.015955],[14.366272,51.015917],[14.366282,51.015873],[14.366291,51.015828],[14.366231,51.015777],[14.36617,51.015727],[14.366109,51.015676],[14.366119,51.015632],[14.366058,51.015581],[14.366068,51.015536],[14.366077,51.015492],[14.366158,51.015453],[14.366167,51.015409],[14.366107,51.015358],[14.366116,51.015314],[14.366126,51.015269],[14.366136,51.015225],[14.366146,51.01518],[14.366155,51.015136],[14.366095,51.015085],[14.366104,51.015041],[14.366044,51.01499],[14.365983,51.014939],[14.365912,51.014933],[14.365851,51.014882],[14.365932,51.014844],[14.365871,51.014793],[14.36581,51.014743],[14.36582,51.014698],[14.36583,51.014654],[14.365839,51.014609],[14.365849,51.014565],[14.365788,51.014514],[14.365798,51.01447],[14.365808,51.014425],[14.365747,51.014374],[14.365757,51.01433],[14.365767,51.014285],[14.365706,51.014235],[14.365716,51.01419],[14.365655,51.014139],[14.365584,51.014133],[14.365514,51.014127],[14.365443,51.014121],[14.365372,51.014115],[14.365312,51.014064],[14.365251,51.014014],[14.36518,51.014007],[14.36511,51.014001],[14.365049,51.013951],[14.364978,51.013944],[14.364918,51.013894],[14.364847,51.013888],[14.364786,51.013837],[14.364725,51.013786],[14.364655,51.01378],[14.364594,51.013729],[14.364523,51.013723],[14.364443,51.013762],[14.364373,51.013755],[14.364302,51.013749],[14.364241,51.013699],[14.364171,51.013692],[14.36409,51.013731],[14.36401,51.013769],[14.36393,51.013808],[14.363849,51.013846],[14.363779,51.01384],[14.363699,51.013878],[14.363628,51.013872],[14.363557,51.013866],[14.363487,51.01386],[14.363416,51.013853],[14.363346,51.013847],[14.363285,51.013797],[14.363214,51.01379],[14.363144,51.013784],[14.363063,51.013823],[14.363003,51.013772],[14.363012,51.013727],[14.362952,51.013677],[14.362891,51.013626],[14.36283,51.013575],[14.362759,51.013569],[14.362699,51.013519],[14.362638,51.013468],[14.362577,51.013417],[14.362587,51.013373],[14.362526,51.013322],[14.362536,51.013278],[14.362475,51.013227],[14.362414,51.013176],[14.362424,51.013132],[14.362363,51.013081],[14.362293,51.013075],[14.362232,51.013024],[14.362242,51.01298],[14.362181,51.012929],[14.36212,51.012878],[14.362049,51.012872],[14.361989,51.012822],[14.361928,51.012771],[14.361867,51.01272],[14.361806,51.01267],[14.361816,51.012625],[14.361826,51.012581],[14.361906,51.012542],[14.361845,51.012492],[14.361784,51.012441],[14.361714,51.012435],[14.361653,51.012384],[14.361583,51.012378],[14.361512,51.012372],[14.361451,51.012321],[14.36139,51.01227],[14.36132,51.012264],[14.361259,51.012214],[14.361188,51.012207],[14.361118,51.012201],[14.361057,51.012151],[14.361067,51.012106],[14.361006,51.012055],[14.360936,51.012049],[14.360865,51.012043],[14.360794,51.012037],[14.360724,51.012031],[14.360653,51.012025],[14.360573,51.012063],[14.360502,51.012057],[14.360432,51.012051],[14.360352,51.012089],[14.360281,51.012083],[14.36021,51.012077],[14.36014,51.012071],[14.360069,51.012064],[14.359999,51.012058],[14.359928,51.012052],[14.359867,51.012001],[14.359797,51.011995],[14.359726,51.011989],[14.359656,51.011983],[14.359595,51.011932],[14.359524,51.011926],[14.359464,51.011875],[14.359393,51.011869],[14.359313,51.011908],[14.359232,51.011946],[14.359152,51.011984],[14.359072,51.012023],[14.358991,51.012061],[14.358921,51.012055],[14.358841,51.012093],[14.35877,51.012087],[14.35869,51.012125],[14.358619,51.012119],[14.358539,51.012158],[14.358458,51.012196],[14.358378,51.012234],[14.358308,51.012228],[14.358247,51.012177],[14.358186,51.012127],[14.358125,51.012076],[14.358064,51.012025],[14.358074,51.011981],[14.358154,51.011943],[14.358235,51.011904],[14.358315,51.011866],[14.358395,51.011828],[14.358405,51.011783],[14.358344,51.011732],[14.358354,51.011688],[14.358364,51.011643],[14.358444,51.011605],[14.358525,51.011567],[14.358605,51.011528],[14.358685,51.01149],[14.358766,51.011452],[14.358775,51.011407],[14.358856,51.011369],[14.358795,51.011318],[14.358805,51.011274],[14.358744,51.011223],[14.358683,51.011172],[14.358693,51.011128],[14.358632,51.011077],[14.358571,51.011026],[14.358501,51.01102],[14.35844,51.01097],[14.35845,51.010925],[14.358459,51.010881],[14.35854,51.010842],[14.358479,51.010792],[14.358559,51.010753],[14.35864,51.010715],[14.358579,51.010664],[14.358589,51.01062],[14.358598,51.010575],[14.358537,51.010524],[14.358618,51.010486],[14.358698,51.010448],[14.358778,51.010409],[14.358718,51.010359],[14.358657,51.010308],[14.358586,51.010302],[14.358516,51.010296],[14.358455,51.010245],[14.358465,51.010201],[14.358474,51.010156],[14.358484,51.010112],[14.358565,51.010073],[14.358645,51.010035],[14.358725,51.009996],[14.358735,51.009952],[14.358745,51.009907],[14.358755,51.009863],[14.358764,51.009818],[14.358703,51.009768],[14.358713,51.009723],[14.358723,51.009679],[14.358662,51.009628],[14.358672,51.009584],[14.358682,51.009539],[14.358621,51.009488],[14.358631,51.009444],[14.35857,51.009393],[14.35858,51.009349],[14.358589,51.009304],[14.358529,51.009254],[14.358538,51.009209],[14.358548,51.009164],[14.358558,51.00912],[14.358497,51.009069],[14.358507,51.009025],[14.358446,51.008974],[14.358385,51.008923],[14.358325,51.008873],[14.358334,51.008828],[14.358415,51.00879],[14.358354,51.008739],[14.358364,51.008695],[14.358373,51.00865],[14.358383,51.008606],[14.358393,51.008561],[14.358332,51.008511],[14.358271,51.00846],[14.358281,51.008415],[14.35822,51.008365],[14.35816,51.008314],[14.358169,51.00827],[14.358108,51.008219],[14.358048,51.008168],[14.358057,51.008124],[14.358067,51.008079]]}},{"type":"Feature","properties":{"idx":3108022,"idx_ds":3108022,"pit":true,"upstream_km2":8.323615074157715,"source":"terrain-derived D8 drainage candidate","official_watercourse":false,"threshold_upstream_km2":0.25},"geometry":{"type":"LineString","coordinates":[[14.358067,51.008079],[14.358067,51.008079]]}},{"type":"Feature","properties":{"idx":4718853,"idx_ds":4589514,"pit":false,"upstream_km2":6.1546196937561035,"source":"terrain-derived D8 drainage candidate","official_watercourse":false,"threshold_upstream_km2":0.25},"geometry":{"type":"LineString","coordinates":[[14.392673,50.980024],[14.392593,50.980062],[14.392654,50.980113],[14.392574,50.980151],[14.392564,50.980196],[14.392484,50.980234],[14.392474,50.980279],[14.392394,50.980317],[14.392384,50.980361],[14.392374,50.980406],[14.392365,50.98045],[14.392284,50.980489],[14.392275,50.980533],[14.392265,50.980578],[14.392185,50.980616],[14.392175,50.980661],[14.392165,50.980705],[14.392085,50.980744],[14.392075,50.980788],[14.392065,50.980833],[14.392056,50.980877],[14.391976,50.980916],[14.391966,50.98096],[14.391886,50.980998],[14.391805,50.981037],[14.391725,50.981075],[14.391645,50.981114],[14.391574,50.981107],[14.391504,50.981101],[14.391424,50.98114],[14.391414,50.981184],[14.391334,50.981223],[14.391324,50.981267],[14.391244,50.981305],[14.391234,50.98135],[14.391154,50.981388],[14.391144,50.981433],[14.391134,50.981477],[14.391124,50.981522],[14.391044,50.98156],[14.390964,50.981599],[14.390884,50.981637],[14.390803,50.981675],[14.390723,50.981714],[14.390643,50.981752],[14.390563,50.98179],[14.390553,50.981835],[14.390473,50.981873],[14.390393,50.981912],[14.390312,50.98195],[14.390303,50.981995],[14.390222,50.982033],[14.390142,50.982071],[14.390062,50.98211],[14.389982,50.982148],[14.389901,50.982186],[14.389821,50.982225],[14.389741,50.982263]]}},{"type":"Feature","properties":{"idx":3224604,"idx_ds":2676831,"pit":false,"upstream_km2":38.5639533996582,"source":"terrain-derived D8 drainage candidate","official_watercourse":false,"threshold_upstream_km2":0.25},"geometry":{"type":"LineString","coordinates":[[14.456131,51.014377],[14.456202,51.014383],[14.456263,51.014433],[14.456253,51.014478],[14.456173,51.014516],[14.456093,51.014555],[14.456083,51.014599],[14.456003,51.014638],[14.455993,51.014682],[14.455983,51.014727],[14.456044,51.014777],[14.456035,51.014822],[14.456025,51.014866],[14.456015,51.014911],[14.456076,51.014961],[14.456067,51.015006],[14.456127,51.015057],[14.456118,51.015101],[14.456038,51.015139],[14.456028,51.015184],[14.456018,51.015229],[14.455938,51.015267],[14.455928,51.015311],[14.455848,51.01535],[14.455768,51.015388],[14.455688,51.015427],[14.455607,51.015465],[14.455527,51.015504],[14.455447,51.015542],[14.455367,51.01558],[14.455286,51.015619],[14.455277,51.015663],[14.455267,51.015708],[14.455257,51.015752],[14.455248,51.015797],[14.455308,51.015847],[14.455379,51.015854],[14.45544,51.015904],[14.455501,51.015955],[14.455491,51.015999],[14.455411,51.016038],[14.455401,51.016082],[14.455321,51.016121],[14.455382,51.016171],[14.455302,51.01621],[14.455363,51.01626],[14.455433,51.016266],[14.455513,51.016228],[14.455584,51.016234],[14.455645,51.016285],[14.455706,51.016335],[14.455767,51.016386],[14.455828,51.016437],[14.455818,51.016481],[14.455879,51.016532],[14.455949,51.016538],[14.45601,51.016588],[14.456001,51.016633],[14.45592,51.016671],[14.455911,51.016716],[14.455901,51.01676],[14.455821,51.016799],[14.455811,51.016843],[14.455872,51.016894],[14.455862,51.016939],[14.455782,51.016977],[14.455772,51.017021],[14.455763,51.017066],[14.455824,51.017117],[14.455814,51.017161],[14.455804,51.017206],[14.455724,51.017244],[14.455644,51.017282],[14.455564,51.017321],[14.455554,51.017365],[14.455544,51.01741],[14.455535,51.017454],[14.455525,51.017499],[14.455586,51.01755],[14.455576,51.017594],[14.455637,51.017645],[14.455627,51.017689],[14.455618,51.017734],[14.455608,51.017778],[14.455598,51.017823],[14.455659,51.017873],[14.45572,51.017924],[14.455791,51.01793],[14.455852,51.017981],[14.455842,51.018025],[14.455762,51.018064],[14.455752,51.018108],[14.455742,51.018153],[14.455803,51.018203],[14.455794,51.018248],[14.455784,51.018292],[14.455774,51.018337],[14.455694,51.018375],[14.455684,51.01842],[14.455604,51.018458],[14.455524,51.018497],[14.455514,51.018541],[14.455434,51.01858],[14.455424,51.018624],[14.455485,51.018675],[14.455405,51.018713],[14.455325,51.018752],[14.455385,51.018802],[14.455446,51.018853],[14.455437,51.018897],[14.455498,51.018948],[14.455559,51.018999],[14.455619,51.019049],[14.45568,51.0191],[14.455671,51.019144],[14.455661,51.019189],[14.455581,51.019227],[14.455571,51.019272],[14.455491,51.01931],[14.455552,51.019361],[14.455542,51.019405],[14.455532,51.01945],[14.455452,51.019488],[14.455442,51.019533],[14.455433,51.019577],[14.455353,51.019616],[14.455343,51.01966],[14.455333,51.019705],[14.455323,51.019749],[14.455314,51.019794],[14.455234,51.019832],[14.455224,51.019877],[14.455285,51.019927],[14.455205,51.019966],[14.455195,51.02001],[14.455185,51.020055],[14.455176,51.020099],[14.455166,51.020144],[14.455156,51.020188],[14.455146,51.020233],[14.455066,51.020271],[14.455057,51.020316],[14.455117,51.020366],[14.455108,51.020411],[14.455098,51.020455],[14.455018,51.020494],[14.455008,51.020538],[14.454999,51.020583],[14.454918,51.020621],[14.454909,51.020666],[14.454899,51.02071],[14.454889,51.020755],[14.45488,51.020799],[14.45487,51.020844],[14.45479,51.020882],[14.45478,51.020927],[14.45477,51.020971],[14.454761,51.021016],[14.454751,51.02106],[14.454741,51.021105],[14.454732,51.021149],[14.454722,51.021194],[14.454783,51.021245],[14.454773,51.021289],[14.454763,51.021334],[14.454754,51.021378],[14.454744,51.021423],[14.454805,51.021473],[14.454795,51.021518],[14.454856,51.021568],[14.454927,51.021574],[14.454997,51.021581],[14.455068,51.021587],[14.455129,51.021637],[14.455199,51.021643],[14.45526,51.021694],[14.455321,51.021745],[14.455382,51.021795],[14.455443,51.021846],[14.455504,51.021896],[14.455494,51.021941],[14.455555,51.021992],[14.455546,51.022036],[14.455536,51.022081],[14.455597,51.022131],[14.455587,51.022176],[14.455577,51.02222],[14.455568,51.022265],[14.455488,51.022303],[14.455407,51.022342],[14.455398,51.022386],[14.455388,51.022431],[14.455449,51.022481],[14.455369,51.02252],[14.455288,51.022558],[14.455208,51.022597],[14.455198,51.022641],[14.455259,51.022692],[14.455179,51.02273],[14.455169,51.022775],[14.45516,51.022819],[14.455079,51.022858],[14.45507,51.022902],[14.45506,51.022947],[14.455121,51.022997],[14.455111,51.023042],[14.455172,51.023092],[14.455163,51.023137],[14.455153,51.023181],[14.455214,51.023232],[14.455204,51.023277],[14.455265,51.023327],[14.455326,51.023378],[14.455316,51.023422],[14.455377,51.023473],[14.455438,51.023524],[14.455499,51.023574],[14.455489,51.023619],[14.45548,51.023663],[14.455541,51.023714],[14.455611,51.02372],[14.455672,51.023771],[14.455662,51.023815],[14.455723,51.023866],[14.455714,51.02391],[14.455775,51.023961],[14.455835,51.024011],[14.455826,51.024056],[14.455816,51.0241],[14.455877,51.024151],[14.455797,51.024189],[14.455787,51.024234],[14.455777,51.024279],[14.455697,51.024317],[14.455617,51.024355],[14.455537,51.024394],[14.455456,51.024432],[14.455376,51.024471],[14.455296,51.024509],[14.455225,51.024503],[14.455145,51.024541],[14.455065,51.02458],[14.454984,51.024618],[14.454904,51.024657],[14.454824,51.024695],[14.454744,51.024733],[14.454663,51.024772],[14.454583,51.02481]]}},{"type":"Feature","properties":{"idx":4589516,"idx_ds":4589514,"pit":false,"upstream_km2":0.2616572976112366,"source":"terrain-derived D8 drainage candidate","official_watercourse":false,"threshold_upstream_km2":0.25},"geometry":{"type":"LineString","coordinates":[[14.389882,50.982275],[14.389811,50.982269],[14.389741,50.982263]]}},{"type":"Feature","properties":{"idx":4589514,"idx_ds":3933223,"pit":false,"upstream_km2":6.51746940612793,"source":"terrain-derived D8 drainage candidate","official_watercourse":false,"threshold_upstream_km2":0.25},"geometry":{"type":"LineString","coordinates":[[14.389741,50.982263],[14.38967,50.982257],[14.3896,50.982251],[14.389529,50.982245],[14.389459,50.982239],[14.389388,50.982233],[14.389318,50.982226],[14.389247,50.98222],[14.389177,50.982214],[14.389106,50.982208],[14.389026,50.982246],[14.388946,50.982285],[14.388865,50.982323],[14.388795,50.982317],[14.388715,50.982355],[14.388654,50.982305],[14.388664,50.98226],[14.388603,50.982209],[14.388532,50.982203],[14.388472,50.982153],[14.388401,50.982147],[14.388331,50.98214],[14.38826,50.982134],[14.38818,50.982173],[14.388109,50.982166],[14.388029,50.982205],[14.387949,50.982243],[14.387939,50.982288],[14.387929,50.982332],[14.38792,50.982377],[14.38798,50.982427],[14.387971,50.982472],[14.387961,50.982516],[14.387951,50.982561],[14.388012,50.982612],[14.388002,50.982656],[14.387992,50.982701],[14.387912,50.982739],[14.387902,50.982784],[14.387893,50.982828],[14.387954,50.982879],[14.388014,50.982929],[14.388075,50.98298],[14.387995,50.983018],[14.387985,50.983063],[14.387975,50.983107],[14.387895,50.983146],[14.387815,50.983184],[14.387735,50.983222],[14.387654,50.983261],[14.387574,50.983299],[14.387494,50.983338],[14.387414,50.983376],[14.387343,50.98337],[14.387273,50.983364],[14.387202,50.983358],[14.387122,50.983396],[14.387051,50.98339],[14.386991,50.983339],[14.38692,50.983333],[14.38685,50.983327],[14.386789,50.983276],[14.386718,50.98327],[14.386648,50.983264],[14.386577,50.983258],[14.386497,50.983296],[14.386417,50.983334],[14.386407,50.983379],[14.386327,50.983417],[14.386246,50.983456],[14.386166,50.983494],[14.386086,50.983532],[14.386006,50.983571],[14.385925,50.983609],[14.385845,50.983648],[14.385835,50.983692],[14.385755,50.98373],[14.385675,50.983769],[14.385595,50.983807],[14.385514,50.983846],[14.385505,50.98389],[14.385424,50.983928],[14.385344,50.983967],[14.385264,50.984005],[14.385184,50.984044],[14.385103,50.984082],[14.385043,50.984031],[14.384982,50.983981],[14.384911,50.983974],[14.384831,50.984013],[14.384751,50.984051],[14.38469,50.984001],[14.38461,50.984039],[14.38453,50.984077],[14.384449,50.984116],[14.384369,50.984154],[14.384289,50.984192],[14.384209,50.984231],[14.384128,50.984269],[14.384048,50.984308],[14.383968,50.984346],[14.383888,50.984384],[14.383878,50.984429],[14.383868,50.984473],[14.383858,50.984518],[14.383849,50.984562],[14.383768,50.984601],[14.383759,50.984645],[14.383678,50.984684],[14.383598,50.984722],[14.383518,50.98476],[14.383438,50.984799],[14.383357,50.984837],[14.383277,50.984875],[14.383197,50.984914],[14.383117,50.984952],[14.383036,50.98499],[14.382956,50.985029],[14.382876,50.985067],[14.382796,50.985106],[14.382786,50.98515],[14.382776,50.985195],[14.382696,50.985233],[14.382616,50.985271],[14.382535,50.98531],[14.382526,50.985354],[14.382445,50.985393],[14.382365,50.985431],[14.382285,50.985469],[14.382224,50.985419],[14.382153,50.985413],[14.382083,50.985406],[14.382003,50.985445],[14.381932,50.985439],[14.381852,50.985477],[14.381772,50.985515],[14.381691,50.985554],[14.381611,50.985592],[14.381531,50.98563],[14.38146,50.985624],[14.38138,50.985663],[14.3813,50.985701],[14.38122,50.985739],[14.381139,50.985778],[14.381059,50.985816],[14.380989,50.98581],[14.380908,50.985848],[14.380828,50.985887],[14.380748,50.985925],[14.380668,50.985963],[14.380587,50.986002],[14.380578,50.986046],[14.380497,50.986085],[14.380417,50.986123],[14.380337,50.986161],[14.380266,50.986155],[14.380186,50.986194],[14.380115,50.986187],[14.380035,50.986226],[14.379955,50.986264],[14.379884,50.986258],[14.379804,50.986296],[14.379724,50.986335],[14.379644,50.986373],[14.379573,50.986367],[14.379493,50.986405],[14.379413,50.986444],[14.379332,50.986482],[14.379252,50.98652],[14.379172,50.986559],[14.379092,50.986597],[14.379082,50.986642],[14.379072,50.986686],[14.378992,50.986725],[14.378982,50.986769],[14.378902,50.986807],[14.378892,50.986852],[14.378812,50.98689],[14.378802,50.986935],[14.378722,50.986973],[14.378712,50.987018],[14.378702,50.987062],[14.378693,50.987107],[14.378753,50.987157],[14.378814,50.987208],[14.378804,50.987253],[14.378865,50.987303],[14.378926,50.987354],[14.378987,50.987405],[14.379048,50.987455],[14.379108,50.987506],[14.379099,50.98755],[14.379089,50.987595],[14.379079,50.987639],[14.379069,50.987684],[14.37906,50.987728],[14.37905,50.987773],[14.37904,50.987817],[14.37903,50.987862],[14.379021,50.987907],[14.379011,50.987951],[14.379001,50.987996],[14.378991,50.98804],[14.378982,50.988085],[14.378972,50.988129],[14.378962,50.988174],[14.378952,50.988218],[14.378943,50.988263],[14.378933,50.988307],[14.378923,50.988352],[14.378843,50.98839],[14.378833,50.988435],[14.378823,50.988479],[14.378814,50.988524],[14.378804,50.988568],[14.378794,50.988613],[14.378714,50.988651],[14.378775,50.988702],[14.378765,50.988746],[14.378755,50.988791],[14.378746,50.988835],[14.378736,50.98888],[14.378726,50.988924],[14.378716,50.988969],[14.378707,50.989013],[14.378697,50.989058],[14.378758,50.989108],[14.378748,50.989153],[14.378668,50.989191],[14.378587,50.98923],[14.378578,50.989274],[14.378568,50.989319],[14.378558,50.989363],[14.378478,50.989401],[14.378398,50.98944],[14.378317,50.989478],[14.378237,50.989517],[14.378157,50.989555],[14.378077,50.989593],[14.377996,50.989632],[14.377916,50.98967],[14.377836,50.989708],[14.377755,50.989747],[14.377675,50.989785],[14.377595,50.989823],[14.377585,50.989868],[14.377505,50.989906],[14.377425,50.989945],[14.377344,50.989983],[14.377264,50.990021],[14.377184,50.99006],[14.377104,50.990098],[14.377023,50.990137],[14.376943,50.990175],[14.376863,50.990213],[14.376783,50.990252],[14.376722,50.990201],[14.376731,50.990156],[14.376671,50.990106],[14.3766,50.9901],[14.37653,50.990094],[14.376459,50.990087],[14.376398,50.990037],[14.376328,50.990031],[14.376257,50.990024],[14.376187,50.990018],[14.376116,50.990012],[14.376046,50.990006],[14.375965,50.990044],[14.375885,50.990083],[14.375805,50.990121],[14.375734,50.990115],[14.375664,50.990109],[14.375584,50.990147],[14.375513,50.990141],[14.375442,50.990135],[14.375382,50.990084],[14.375311,50.990078],[14.375241,50.990072],[14.37516,50.99011],[14.37509,50.990104],[14.375019,50.990098],[14.374939,50.990136],[14.374869,50.99013],[14.374788,50.990168],[14.374718,50.990162],[14.374637,50.990201],[14.374698,50.990251],[14.374618,50.99029],[14.374538,50.990328],[14.374477,50.990277],[14.374406,50.990271],[14.374346,50.990221],[14.374355,50.990176],[14.374295,50.990125],[14.374224,50.990119],[14.374154,50.990113],[14.374093,50.990062],[14.374022,50.990056],[14.373952,50.99005],[14.373881,50.990044],[14.373811,50.990038],[14.37374,50.990032],[14.373679,50.989981],[14.373609,50.989975],[14.373538,50.989969],[14.373458,50.990007],[14.373397,50.989956],[14.373336,50.989906],[14.373266,50.9899],[14.373195,50.989893],[14.373125,50.989887],[14.373054,50.989881],[14.372984,50.989875],[14.372913,50.989869],[14.372843,50.989863],[14.372772,50.989857],[14.372702,50.98985],[14.372631,50.989844],[14.372561,50.989838],[14.3725,50.989787],[14.37242,50.989826],[14.372339,50.989864],[14.372269,50.989858],[14.372198,50.989852],[14.372128,50.989846],[14.372057,50.98984],[14.371987,50.989833],[14.371906,50.989872],[14.371836,50.989866],[14.371765,50.989859],[14.371695,50.989853],[14.371624,50.989847],[14.371544,50.989886],[14.371474,50.989879],[14.371403,50.989873],[14.371323,50.989912],[14.371242,50.98995],[14.371162,50.989988],[14.371082,50.990027],[14.371011,50.990021],[14.370931,50.990059],[14.370851,50.990097],[14.370841,50.990142],[14.370761,50.99018],[14.370681,50.990218],[14.37061,50.990212],[14.37053,50.990251],[14.370459,50.990245],[14.370379,50.990283],[14.370308,50.990277],[14.370228,50.990315],[14.370158,50.990309],[14.370077,50.990347],[14.369997,50.990386],[14.369917,50.990424],[14.369836,50.990462],[14.369756,50.990501],[14.369676,50.990539],[14.369596,50.990577],[14.369525,50.990571],[14.369445,50.99061],[14.369374,50.990603],[14.369304,50.990597],[14.369233,50.990591],[14.369163,50.990585],[14.369092,50.990579],[14.369022,50.990573],[14.368951,50.990567],[14.368881,50.99056],[14.36881,50.990554],[14.36874,50.990548],[14.368669,50.990542],[14.368599,50.990536],[14.368528,50.99053],[14.368457,50.990523],[14.368387,50.990517],[14.368316,50.990511],[14.368246,50.990505],[14.368166,50.990543],[14.368095,50.990537],[14.368034,50.990487],[14.367954,50.990525],[14.367884,50.990519],[14.367813,50.990513],[14.367752,50.990462],[14.367682,50.990456],[14.367611,50.99045],[14.367541,50.990443],[14.36747,50.990437],[14.3674,50.990431],[14.367329,50.990425],[14.367259,50.990419],[14.367188,50.990413],[14.367117,50.990407],[14.367047,50.9904],[14.366976,50.990394],[14.366906,50.990388],[14.366826,50.990426],[14.366755,50.99042],[14.366685,50.990414],[14.366604,50.990452],[14.366534,50.990446],[14.366463,50.99044],[14.366393,50.990434],[14.366322,50.990428],[14.366252,50.990422],[14.366171,50.99046],[14.366101,50.990454],[14.36603,50.990448],[14.36596,50.990442],[14.36588,50.99048],[14.365809,50.990474],[14.365729,50.990512],[14.365648,50.990551],[14.365578,50.990544],[14.365507,50.990538],[14.365447,50.990488],[14.365386,50.990437],[14.365306,50.990475],[14.365235,50.990469],[14.365155,50.990507],[14.365084,50.990501],[14.365023,50.990451],[14.364953,50.990444],[14.364873,50.990483],[14.364802,50.990477],[14.364732,50.99047],[14.364661,50.990464],[14.364581,50.990503],[14.3645,50.990541],[14.36442,50.990579],[14.36434,50.990618],[14.36433,50.990662],[14.36425,50.990701],[14.36424,50.990745],[14.36416,50.990783],[14.36415,50.990828],[14.36414,50.990873],[14.364131,50.990917],[14.364121,50.990962],[14.364041,50.991],[14.36396,50.991038],[14.36388,50.991077],[14.36387,50.991121],[14.363931,50.991172],[14.363921,50.991216],[14.363912,50.991261],[14.363902,50.991305],[14.363892,50.99135],[14.363812,50.991388],[14.363731,50.991427],[14.363792,50.991477],[14.363712,50.991516],[14.363632,50.991554],[14.363551,50.991592],[14.363471,50.991631],[14.363391,50.991669],[14.363311,50.991707],[14.36324,50.991701],[14.36316,50.99174],[14.363079,50.991778],[14.362999,50.991816],[14.362919,50.991855],[14.362839,50.991893],[14.362758,50.991931],[14.362678,50.99197],[14.362598,50.992008],[14.362517,50.992046],[14.362437,50.992085],[14.362357,50.992123],[14.362277,50.992161],[14.362196,50.9922],[14.362126,50.992194],[14.362045,50.992232],[14.361965,50.99227],[14.361885,50.992309],[14.361805,50.992347],[14.361734,50.992341],[14.361654,50.992379],[14.361574,50.992418],[14.361493,50.992456]]}},{"type":"Feature","properties":{"idx":3933223,"idx_ds":3933223,"pit":true,"upstream_km2":19.83365249633789,"source":"terrain-derived D8 drainage candidate","official_watercourse":false,"threshold_upstream_km2":0.25},"geometry":{"type":"LineString","coordinates":[[14.361493,50.992456],[14.361493,50.992456]]}},{"type":"Feature","properties":{"idx":4015876,"idx_ds":4055757,"pit":false,"upstream_km2":7.190260410308838,"source":"terrain-derived D8 drainage candidate","official_watercourse":false,"threshold_upstream_km2":0.25},"geometry":{"type":"LineString","coordinates":[[14.38779,50.993161],[14.387719,50.993155],[14.387649,50.993149],[14.387568,50.993187],[14.387488,50.993226],[14.387418,50.99322],[14.387357,50.993169],[14.387366,50.993124],[14.387306,50.993074],[14.387245,50.993023],[14.387165,50.993061],[14.387084,50.9931],[14.387004,50.993138],[14.386943,50.993088],[14.386953,50.993043],[14.387033,50.993005],[14.387114,50.992966],[14.387194,50.992928],[14.387133,50.992877],[14.387072,50.992827],[14.387011,50.992776],[14.386951,50.992725],[14.38689,50.992675],[14.386829,50.992624],[14.386768,50.992573],[14.386707,50.992523],[14.386637,50.992517],[14.386576,50.992466],[14.386506,50.99246],[14.386435,50.992454],[14.386374,50.992403],[14.386384,50.992358],[14.386323,50.992308],[14.386262,50.992257],[14.386182,50.992295],[14.386102,50.992334],[14.386031,50.992328],[14.385961,50.992322],[14.38589,50.992315],[14.38581,50.992354],[14.385739,50.992348],[14.385679,50.992297],[14.385618,50.992246],[14.385557,50.992196],[14.385496,50.992145],[14.385435,50.992094],[14.385365,50.992088],[14.385285,50.992127],[14.385214,50.99212],[14.385144,50.992114],[14.385073,50.992108],[14.385003,50.992102],[14.384922,50.99214],[14.384842,50.992179],[14.384762,50.992217],[14.384691,50.992211],[14.384611,50.992249],[14.38454,50.992243],[14.38446,50.992282],[14.38439,50.992275],[14.384329,50.992225],[14.384268,50.992174],[14.384197,50.992168],[14.384117,50.992206],[14.384047,50.9922],[14.383966,50.992239],[14.383906,50.992188],[14.383845,50.992137],[14.383784,50.992087],[14.383794,50.992042],[14.383733,50.991991],[14.383653,50.99203],[14.383572,50.992068],[14.383502,50.992062],[14.383422,50.9921],[14.383361,50.99205],[14.383281,50.992088],[14.38321,50.992082],[14.38314,50.992076],[14.383069,50.99207],[14.382998,50.992064],[14.382918,50.992102],[14.382848,50.992096],[14.382777,50.99209],[14.382707,50.992083],[14.382636,50.992077],[14.382566,50.992071],[14.382495,50.992065],[14.382434,50.992014],[14.382364,50.992008],[14.382293,50.992002],[14.382223,50.991996],[14.382152,50.99199],[14.382091,50.991939],[14.382021,50.991933],[14.38196,50.991882],[14.381889,50.991876]]}},{"type":"Feature","properties":{"idx":3949979,"idx_ds":4055757,"pit":false,"upstream_km2":0.2790510654449463,"source":"terrain-derived D8 drainage candidate","official_watercourse":false,"threshold_upstream_km2":0.25},"geometry":{"type":"LineString","coordinates":[[14.38265,50.993984],[14.38266,50.993939],[14.382599,50.993889],[14.382529,50.993882],[14.382468,50.993832],[14.382407,50.993781],[14.382417,50.993737],[14.382356,50.993686],[14.382366,50.993641],[14.382446,50.993603],[14.382456,50.993559],[14.382395,50.993508],[14.382334,50.993457],[14.382273,50.993407],[14.382213,50.993356],[14.382152,50.993305],[14.382091,50.993255],[14.382171,50.993216],[14.382181,50.993172],[14.382191,50.993127],[14.382201,50.993083],[14.38214,50.993032],[14.382079,50.992981],[14.382018,50.992931],[14.381957,50.99288],[14.381967,50.992836],[14.382047,50.992797],[14.382057,50.992753],[14.382137,50.992714],[14.382218,50.992676],[14.382298,50.992638],[14.382378,50.992599],[14.382317,50.992548],[14.382257,50.992498],[14.382337,50.992459],[14.382417,50.992421],[14.382356,50.99237],[14.382296,50.99232],[14.382235,50.992269],[14.382315,50.992231],[14.382325,50.992186],[14.382264,50.992136],[14.382193,50.992129],[14.382123,50.992123],[14.382062,50.992073],[14.381992,50.992066],[14.381921,50.99206],[14.38186,50.99201],[14.38187,50.991965],[14.38195,50.991927],[14.381889,50.991876]]}},{"type":"Feature","properties":{"idx":2683939,"idx_ds":2676831,"pit":false,"upstream_km2":2.0139403343200684,"source":"terrain-derived D8 drainage candidate","official_watercourse":false,"threshold_upstream_km2":0.25},"geometry":{"type":"LineString","coordinates":[[14.458495,51.025012],[14.458424,51.025006],[14.458344,51.025045],[14.458273,51.025038],[14.458212,51.024988],[14.458142,51.024982],[14.458081,51.024931],[14.45802,51.02488],[14.45794,51.024919],[14.457869,51.024913],[14.457808,51.024862],[14.457737,51.024856],[14.457667,51.02485],[14.457606,51.024799],[14.457535,51.024793],[14.457465,51.024787],[14.457404,51.024737],[14.457343,51.024686],[14.457282,51.024635],[14.457221,51.024585],[14.45715,51.024579],[14.45708,51.024573],[14.457009,51.024566],[14.456939,51.02456],[14.456858,51.024599],[14.456778,51.024637],[14.456698,51.024676],[14.456627,51.024669],[14.456547,51.024708],[14.456486,51.024657],[14.456416,51.024651],[14.456335,51.02469],[14.456265,51.024683],[14.456184,51.024722],[14.456104,51.02476],[14.456024,51.024799],[14.455953,51.024793],[14.455883,51.024787],[14.455812,51.02478],[14.455742,51.024774],[14.455661,51.024813],[14.455591,51.024807],[14.45551,51.024845],[14.45543,51.024883],[14.45535,51.024922],[14.45527,51.02496],[14.455189,51.024999],[14.455128,51.024948],[14.455058,51.024942],[14.454987,51.024936],[14.454917,51.02493],[14.454836,51.024968],[14.454776,51.024918],[14.454715,51.024867],[14.454654,51.024816],[14.454583,51.02481]]}},{"type":"Feature","properties":{"idx":2505383,"idx_ds":2357191,"pit":false,"upstream_km2":0.2570090591907501,"source":"terrain-derived D8 drainage candidate","official_watercourse":false,"threshold_upstream_km2":0.25},"geometry":{"type":"LineString","coordinates":[[14.466231,51.029127],[14.466151,51.029166],[14.46608,51.02916],[14.466,51.029198],[14.46592,51.029236],[14.465839,51.029275],[14.465769,51.029269],[14.465698,51.029263],[14.465627,51.029257],[14.465547,51.029295],[14.465477,51.029289],[14.465396,51.029327],[14.465326,51.029321],[14.465245,51.02936],[14.465175,51.029354],[14.465104,51.029348],[14.465024,51.029386],[14.464944,51.029424],[14.464934,51.029469],[14.464924,51.029513],[14.464915,51.029558],[14.464834,51.029596],[14.464825,51.029641],[14.464745,51.029679],[14.464664,51.029718],[14.464584,51.029756],[14.464504,51.029795],[14.464424,51.029833],[14.464414,51.029877],[14.464404,51.029922],[14.464395,51.029967],[14.464314,51.030005],[14.464234,51.030043],[14.464295,51.030094],[14.464285,51.030138],[14.464276,51.030183],[14.464195,51.030221],[14.464115,51.03026],[14.464035,51.030298],[14.463955,51.030337],[14.463884,51.030331],[14.463813,51.030324],[14.463743,51.030318],[14.463672,51.030312],[14.463602,51.030306],[14.463531,51.0303],[14.46346,51.030294],[14.46338,51.030332],[14.4633,51.030371],[14.463229,51.030365],[14.463159,51.030359],[14.463078,51.030397],[14.462998,51.030436],[14.462918,51.030474],[14.462908,51.030518],[14.462828,51.030557],[14.462748,51.030595],[14.462667,51.030634],[14.462587,51.030672],[14.462507,51.030711],[14.462436,51.030704],[14.462356,51.030743],[14.462285,51.030737],[14.462215,51.030731],[14.462144,51.030725],[14.462064,51.030763],[14.461984,51.030801],[14.461903,51.03084],[14.461823,51.030878],[14.461813,51.030923],[14.461804,51.030967],[14.461723,51.031006],[14.461643,51.031044],[14.461563,51.031083],[14.461483,51.031121],[14.461412,51.031115],[14.461351,51.031064],[14.461271,51.031103],[14.461191,51.031141],[14.46111,51.03118],[14.46103,51.031218],[14.460959,51.031212],[14.460898,51.031161],[14.460838,51.031111],[14.460757,51.031149],[14.460677,51.031187],[14.460597,51.031226],[14.460516,51.031264],[14.460436,51.031303],[14.460356,51.031341],[14.460276,51.03138],[14.460195,51.031418],[14.460115,51.031456],[14.460045,51.03145]]}},{"type":"Feature","properties":{"idx":4055757,"idx_ds":4055756,"pit":false,"upstream_km2":7.885494709014893,"source":"terrain-derived D8 drainage candidate","official_watercourse":false,"threshold_upstream_km2":0.25},"geometry":{"type":"LineString","coordinates":[[14.381889,50.991876],[14.381819,50.99187]]}},{"type":"Feature","properties":{"idx":4055756,"idx_ds":3933223,"pit":false,"upstream_km2":9.11196517944336,"source":"terrain-derived D8 drainage candidate","official_watercourse":false,"threshold_upstream_km2":0.25},"geometry":{"type":"LineString","coordinates":[[14.381819,50.99187],[14.381748,50.991864],[14.381678,50.991858],[14.381607,50.991852],[14.381537,50.991845],[14.381466,50.991839],[14.381396,50.991833],[14.381315,50.991872],[14.381245,50.991865],[14.381174,50.991859],[14.381104,50.991853],[14.381033,50.991847],[14.380963,50.991841],[14.380902,50.99179],[14.380982,50.991752],[14.380922,50.991701],[14.380861,50.99165],[14.3808,50.9916],[14.380729,50.991594],[14.380669,50.991543],[14.380608,50.991492],[14.380547,50.991442],[14.380476,50.991435],[14.380396,50.991474],[14.380335,50.991423],[14.380265,50.991417],[14.380194,50.991411],[14.380134,50.99136],[14.380073,50.99131],[14.380002,50.991303],[14.379932,50.991297],[14.379871,50.991247],[14.3798,50.99124],[14.37974,50.99119],[14.379669,50.991184],[14.379608,50.991133],[14.379538,50.991127],[14.379467,50.991121],[14.379397,50.991115],[14.379336,50.991064],[14.379275,50.991013],[14.379214,50.990963],[14.379144,50.990956],[14.379083,50.990906],[14.379013,50.9909],[14.378952,50.990849],[14.378891,50.990798],[14.37883,50.990748],[14.37891,50.990709],[14.378991,50.990671],[14.379071,50.990633],[14.379151,50.990594],[14.379161,50.99055],[14.379241,50.990511],[14.379251,50.990467],[14.37919,50.990416],[14.379129,50.990366],[14.379069,50.990315],[14.379008,50.990264],[14.378928,50.990303],[14.378857,50.990296],[14.378796,50.990246],[14.378806,50.990201],[14.378745,50.990151],[14.378675,50.990144],[14.378604,50.990138],[14.378534,50.990132],[14.378463,50.990126],[14.378393,50.99012],[14.378332,50.990069],[14.378271,50.990019],[14.378191,50.990057],[14.37812,50.990051],[14.37805,50.990045],[14.377969,50.990083],[14.377889,50.990121],[14.377809,50.99016],[14.377738,50.990154],[14.377668,50.990147],[14.377597,50.990141],[14.377517,50.99018],[14.377446,50.990173],[14.377366,50.990212],[14.377296,50.990206],[14.377225,50.9902],[14.377145,50.990238],[14.377074,50.990232],[14.377014,50.990181],[14.376943,50.990175],[14.376863,50.990213],[14.376783,50.990252],[14.376722,50.990201],[14.376731,50.990156],[14.376671,50.990106],[14.3766,50.9901],[14.37653,50.990094],[14.376459,50.990087],[14.376398,50.990037],[14.376328,50.990031],[14.376257,50.990024],[14.376187,50.990018],[14.376116,50.990012],[14.376046,50.990006],[14.375965,50.990044],[14.375885,50.990083],[14.375805,50.990121],[14.375734,50.990115],[14.375664,50.990109],[14.375584,50.990147],[14.375513,50.990141],[14.375442,50.990135],[14.375382,50.990084],[14.375311,50.990078],[14.375241,50.990072],[14.37516,50.99011],[14.37509,50.990104],[14.375019,50.990098],[14.374939,50.990136],[14.374869,50.99013],[14.374788,50.990168],[14.374718,50.990162],[14.374637,50.990201],[14.374698,50.990251],[14.374618,50.99029],[14.374538,50.990328],[14.374477,50.990277],[14.374406,50.990271],[14.374346,50.990221],[14.374355,50.990176],[14.374295,50.990125],[14.374224,50.990119],[14.374154,50.990113],[14.374093,50.990062],[14.374022,50.990056],[14.373952,50.99005],[14.373881,50.990044],[14.373811,50.990038],[14.37374,50.990032],[14.373679,50.989981],[14.373609,50.989975],[14.373538,50.989969],[14.373458,50.990007],[14.373397,50.989956],[14.373336,50.989906],[14.373266,50.9899],[14.373195,50.989893],[14.373125,50.989887],[14.373054,50.989881],[14.372984,50.989875],[14.372913,50.989869],[14.372843,50.989863],[14.372772,50.989857],[14.372702,50.98985],[14.372631,50.989844],[14.372561,50.989838],[14.3725,50.989787],[14.37242,50.989826],[14.372339,50.989864],[14.372269,50.989858],[14.372198,50.989852],[14.372128,50.989846],[14.372057,50.98984],[14.371987,50.989833],[14.371906,50.989872],[14.371836,50.989866],[14.371765,50.989859],[14.371695,50.989853],[14.371624,50.989847],[14.371544,50.989886],[14.371474,50.989879],[14.371403,50.989873],[14.371323,50.989912],[14.371242,50.98995],[14.371162,50.989988],[14.371082,50.990027],[14.371011,50.990021],[14.370931,50.990059],[14.370851,50.990097],[14.370841,50.990142],[14.370761,50.99018],[14.370681,50.990218],[14.37061,50.990212],[14.37053,50.990251],[14.370459,50.990245],[14.370379,50.990283],[14.370308,50.990277],[14.370228,50.990315],[14.370158,50.990309],[14.370077,50.990347],[14.369997,50.990386],[14.369917,50.990424],[14.369836,50.990462],[14.369756,50.990501],[14.369676,50.990539],[14.369596,50.990577],[14.369525,50.990571],[14.369445,50.99061],[14.369374,50.990603],[14.369304,50.990597],[14.369233,50.990591],[14.369163,50.990585],[14.369092,50.990579],[14.369022,50.990573],[14.368951,50.990567],[14.368881,50.99056],[14.36881,50.990554],[14.36874,50.990548],[14.368669,50.990542],[14.368599,50.990536],[14.368528,50.99053],[14.368457,50.990523],[14.368387,50.990517],[14.368316,50.990511],[14.368246,50.990505],[14.368166,50.990543],[14.368095,50.990537],[14.368034,50.990487],[14.367954,50.990525],[14.367884,50.990519],[14.367813,50.990513],[14.367752,50.990462],[14.367682,50.990456],[14.367611,50.99045],[14.367541,50.990443],[14.36747,50.990437],[14.3674,50.990431],[14.367329,50.990425],[14.367259,50.990419],[14.367188,50.990413],[14.367117,50.990407],[14.367047,50.9904],[14.366976,50.990394],[14.366906,50.990388],[14.366826,50.990426],[14.366755,50.99042],[14.366685,50.990414],[14.366604,50.990452],[14.366534,50.990446],[14.366463,50.99044],[14.366393,50.990434],[14.366322,50.990428],[14.366252,50.990422],[14.366171,50.99046],[14.366101,50.990454],[14.36603,50.990448],[14.36596,50.990442],[14.36588,50.99048],[14.365809,50.990474],[14.365729,50.990512],[14.365648,50.990551],[14.365578,50.990544],[14.365507,50.990538],[14.365447,50.990488],[14.365386,50.990437],[14.365306,50.990475],[14.365235,50.990469],[14.365155,50.990507],[14.365084,50.990501],[14.365023,50.990451],[14.364953,50.990444],[14.364873,50.990483],[14.364802,50.990477],[14.364732,50.99047],[14.364661,50.990464],[14.364581,50.990503],[14.3645,50.990541],[14.36442,50.990579],[14.36434,50.990618],[14.36433,50.990662],[14.36425,50.990701],[14.36424,50.990745],[14.36416,50.990783],[14.36415,50.990828],[14.36414,50.990873],[14.364131,50.990917],[14.364121,50.990962],[14.364041,50.991],[14.36396,50.991038],[14.36388,50.991077],[14.36387,50.991121],[14.363931,50.991172],[14.363921,50.991216],[14.363912,50.991261],[14.363902,50.991305],[14.363892,50.99135],[14.363812,50.991388],[14.363731,50.991427],[14.363792,50.991477],[14.363712,50.991516],[14.363632,50.991554],[14.363551,50.991592],[14.363471,50.991631],[14.363391,50.991669],[14.363311,50.991707],[14.36324,50.991701],[14.36316,50.99174],[14.363079,50.991778],[14.362999,50.991816],[14.362919,50.991855],[14.362839,50.991893],[14.362758,50.991931],[14.362678,50.99197],[14.362598,50.992008],[14.362517,50.992046],[14.362437,50.992085],[14.362357,50.992123],[14.362277,50.992161],[14.362196,50.9922],[14.362126,50.992194],[14.362045,50.992232],[14.361965,50.99227],[14.361885,50.992309],[14.361805,50.992347],[14.361734,50.992341],[14.361654,50.992379],[14.361574,50.992418],[14.361493,50.992456]]}},{"type":"Feature","properties":{"idx":3933223,"idx_ds":3933223,"pit":true,"upstream_km2":19.83365249633789,"source":"terrain-derived D8 drainage candidate","official_watercourse":false,"threshold_upstream_km2":0.25},"geometry":{"type":"LineString","coordinates":[[14.361493,50.992456],[14.361493,50.992456]]}},{"type":"Feature","properties":{"idx":2676831,"idx_ds":2554536,"pit":false,"upstream_km2":41.3997917175293,"source":"terrain-derived D8 drainage candidate","official_watercourse":false,"threshold_upstream_km2":0.25},"geometry":{"type":"LineString","coordinates":[[14.454583,51.02481],[14.454503,51.024849],[14.454423,51.024887],[14.454342,51.024925],[14.454262,51.024964],[14.454182,51.025002],[14.454102,51.025041],[14.454031,51.025035],[14.45396,51.025029],[14.45388,51.025067],[14.45387,51.025111],[14.45379,51.02515],[14.45378,51.025194],[14.4537,51.025233],[14.45362,51.025271],[14.45354,51.02531],[14.453459,51.025348],[14.45345,51.025393],[14.45344,51.025437],[14.45336,51.025475],[14.45328,51.025514],[14.45327,51.025558],[14.45319,51.025597],[14.45318,51.025641],[14.4531,51.02568],[14.45309,51.025724],[14.45301,51.025763],[14.452929,51.025801],[14.452849,51.02584],[14.452769,51.025878],[14.452759,51.025922],[14.452679,51.025961],[14.452599,51.025999],[14.452518,51.026038],[14.452438,51.026076],[14.452358,51.026115],[14.452278,51.026153],[14.452197,51.026191],[14.452117,51.02623],[14.452037,51.026268],[14.451957,51.026307],[14.451876,51.026345],[14.451796,51.026383],[14.451716,51.026422],[14.451635,51.02646],[14.451555,51.026499],[14.451475,51.026537],[14.451395,51.026575],[14.451314,51.026614],[14.451234,51.026652],[14.451154,51.026691],[14.451215,51.026741],[14.451134,51.02678],[14.451054,51.026818],[14.451045,51.026863]]}},{"type":"Feature","properties":{"idx":2364267,"idx_ds":2357191,"pit":false,"upstream_km2":0.32348528504371643,"source":"terrain-derived D8 drainage candidate","official_watercourse":false,"threshold_upstream_km2":0.25},"geometry":{"type":"LineString","coordinates":[[14.461697,51.031457],[14.461627,51.031451],[14.461566,51.0314],[14.461495,51.031394],[14.461425,51.031388],[14.461354,51.031382],[14.461283,51.031376],[14.461203,51.031414],[14.461133,51.031408],[14.461072,51.031358],[14.461001,51.031351],[14.46093,51.031345],[14.46086,51.031339],[14.46078,51.031378],[14.460709,51.031372],[14.460629,51.03141],[14.460548,51.031448],[14.460468,51.031487],[14.460398,51.031481],[14.460327,51.031475],[14.460266,51.031424],[14.460186,51.031462],[14.460105,51.031501],[14.460045,51.03145]]}},{"type":"Feature","properties":{"idx":2317732,"idx_ds":1866299,"pit":false,"upstream_km2":0.2871484160423279,"source":"terrain-derived D8 drainage candidate","official_watercourse":false,"threshold_upstream_km2":0.25},"geometry":{"type":"LineString","coordinates":[[14.495747,51.0353],[14.495808,51.03535],[14.495799,51.035395],[14.49586,51.035446],[14.49585,51.03549],[14.495911,51.035541],[14.495901,51.035585],[14.495892,51.03563],[14.495953,51.03568],[14.496014,51.035731],[14.496004,51.035775],[14.495994,51.03582],[14.496055,51.035871],[14.496046,51.035915],[14.496107,51.035966],[14.496097,51.03601],[14.496158,51.036061],[14.496148,51.036105],[14.496139,51.03615],[14.496129,51.036194],[14.49619,51.036245],[14.496181,51.03629],[14.496171,51.036334],[14.496161,51.036379],[14.496222,51.036429],[14.496213,51.036474],[14.496274,51.036524],[14.496264,51.036569],[14.496254,51.036613],[14.496245,51.036658],[14.496306,51.036708],[14.496296,51.036753],[14.496286,51.036797],[14.496277,51.036842],[14.496338,51.036893],[14.496328,51.036937],[14.496318,51.036982],[14.496379,51.037032],[14.49637,51.037077],[14.496431,51.037127],[14.496492,51.037178],[14.496553,51.037229],[14.496614,51.037279],[14.496604,51.037324],[14.496665,51.037374],[14.496726,51.037425],[14.496787,51.037475],[14.496848,51.037526],[14.496838,51.037571],[14.496829,51.037615],[14.49689,51.037666],[14.496951,51.037716],[14.496941,51.037761],[14.497002,51.037811],[14.497063,51.037862],[14.497053,51.037907],[14.497114,51.037957],[14.497105,51.038002],[14.497166,51.038052],[14.497156,51.038097],[14.497217,51.038147],[14.497278,51.038198],[14.497268,51.038242],[14.497259,51.038287],[14.49732,51.038338],[14.49731,51.038382],[14.4973,51.038427],[14.497361,51.038477],[14.497352,51.038522],[14.497413,51.038572],[14.497403,51.038617],[14.497393,51.038661],[14.497454,51.038712],[14.497445,51.038756],[14.497506,51.038807],[14.497496,51.038852],[14.497557,51.038902],[14.497547,51.038947],[14.497608,51.038997],[14.497599,51.039042],[14.49766,51.039092],[14.49765,51.039137],[14.497711,51.039188],[14.497701,51.039232],[14.497692,51.039277],[14.497682,51.039321],[14.497672,51.039366],[14.497663,51.03941],[14.497653,51.039455],[14.497714,51.039505],[14.497705,51.03955],[14.497624,51.039588],[14.497685,51.039639],[14.497676,51.039683],[14.497666,51.039728],[14.497656,51.039772],[14.497647,51.039817],[14.497637,51.039861],[14.497627,51.039906],[14.497618,51.03995],[14.497608,51.039995],[14.497598,51.04004],[14.497518,51.040078],[14.497438,51.040116],[14.497358,51.040155],[14.497277,51.040193],[14.497197,51.040232],[14.497127,51.040226],[14.497046,51.040264],[14.496976,51.040258],[14.496905,51.040252],[14.496834,51.040246],[14.496764,51.04024],[14.496693,51.040234],[14.496623,51.040228],[14.496552,51.040222],[14.496472,51.04026],[14.496411,51.040209],[14.496331,51.040248],[14.49627,51.040197],[14.496189,51.040236],[14.496119,51.04023],[14.496048,51.040224],[14.495977,51.040217],[14.495907,51.040211],[14.495836,51.040205],[14.495766,51.040199],[14.495695,51.040193],[14.495624,51.040187],[14.495554,51.040181],[14.495473,51.040219],[14.495403,51.040213],[14.495332,51.040207],[14.495262,51.040201],[14.495191,51.040195],[14.49512,51.040189],[14.49505,51.040183],[14.494979,51.040177],[14.494909,51.040171],[14.494828,51.040209],[14.494748,51.040248],[14.494809,51.040298],[14.494799,51.040343],[14.49486,51.040393],[14.494921,51.040444],[14.494982,51.040495],[14.495043,51.040545],[14.494963,51.040584],[14.494883,51.040622],[14.494803,51.040661],[14.494732,51.040654],[14.494652,51.040693],[14.494581,51.040687],[14.494501,51.040725],[14.49443,51.040719],[14.49435,51.040758],[14.494279,51.040752],[14.494199,51.04079],[14.494119,51.040828],[14.494038,51.040867],[14.493968,51.040861],[14.493888,51.040899],[14.493807,51.040938],[14.493737,51.040932],[14.493656,51.04097],[14.493576,51.041009],[14.493506,51.041002],[14.493425,51.041041],[14.493345,51.041079],[14.493335,51.041124],[14.493326,51.041168],[14.493246,51.041207],[14.493236,51.041251],[14.493226,51.041296],[14.493217,51.04134],[14.493136,51.041379],[14.493127,51.041423],[14.493117,51.041468],[14.493107,51.041512],[14.493168,51.041563],[14.493088,51.041601],[14.493078,51.041646],[14.492998,51.041684],[14.492989,51.041729],[14.492979,51.041773],[14.492969,51.041818],[14.492889,51.041856],[14.492879,51.041901],[14.492799,51.041939],[14.492789,51.041984],[14.492709,51.042022],[14.492629,51.042061],[14.492619,51.042105],[14.49261,51.04215],[14.492529,51.042188],[14.49252,51.042233],[14.49244,51.042271],[14.49243,51.042316],[14.49242,51.04236],[14.492481,51.042411],[14.492401,51.042449],[14.492391,51.042494],[14.492311,51.042532],[14.49224,51.042526],[14.49216,51.042565],[14.492151,51.042609],[14.49207,51.042648],[14.492061,51.042692],[14.49198,51.04273],[14.491971,51.042775],[14.49189,51.042813],[14.491881,51.042858],[14.491801,51.042896],[14.491791,51.042941],[14.491711,51.042979],[14.491701,51.043024],[14.491621,51.043062],[14.49154,51.043101],[14.491531,51.043145],[14.491521,51.04319],[14.491582,51.04324],[14.491502,51.043279],[14.491563,51.043329],[14.491483,51.043368],[14.491402,51.043406],[14.491332,51.0434],[14.491251,51.043439],[14.491242,51.043483],[14.491162,51.043522],[14.491081,51.04356],[14.491001,51.043599]]}},{"type":"Feature","properties":{"idx":2903017,"idx_ds":2557459,"pit":false,"upstream_km2":0.25990793108940125,"source":"terrain-derived D8 drainage candidate","official_watercourse":false,"threshold_upstream_km2":0.25},"geometry":{"type":"LineString","coordinates":[[14.490099,51.023521],[14.49016,51.023572],[14.490221,51.023622],[14.490282,51.023673],[14.490353,51.023679],[14.490423,51.023685],[14.490494,51.023691],[14.490565,51.023697],[14.490626,51.023748],[14.490696,51.023754],[14.490776,51.023716],[14.490847,51.023722],[14.490908,51.023772],[14.490979,51.023778],[14.491049,51.023784],[14.49112,51.023791],[14.49119,51.023797],[14.491261,51.023803],[14.491332,51.023809],[14.491412,51.02377],[14.491473,51.023821],[14.491534,51.023872],[14.491604,51.023878],[14.491685,51.023839],[14.491755,51.023845],[14.491835,51.023807],[14.491916,51.023768],[14.491977,51.023819],[14.492047,51.023825],[14.492108,51.023876],[14.492169,51.023926],[14.49223,51.023977],[14.492301,51.023983],[14.492362,51.024034],[14.492352,51.024078],[14.492413,51.024129],[14.492403,51.024173],[14.492464,51.024224],[14.492544,51.024185],[14.492615,51.024191],[14.492676,51.024242],[14.492737,51.024293],[14.492807,51.024299],[14.492878,51.024305],[14.492949,51.024311],[14.49301,51.024361],[14.49308,51.024368],[14.493151,51.024374],[14.493221,51.02438],[14.493292,51.024386],[14.493353,51.024436],[14.493424,51.024442],[14.493494,51.024449],[14.493565,51.024455],[14.493626,51.024505],[14.493696,51.024511],[14.493757,51.024562],[14.493818,51.024613],[14.493889,51.024619],[14.493959,51.024625],[14.49402,51.024675],[14.494091,51.024681],[14.494152,51.024732],[14.494213,51.024783],[14.494203,51.024827],[14.494264,51.024878],[14.494344,51.024839],[14.494425,51.024801],[14.494505,51.024762],[14.494585,51.024724],[14.494665,51.024685],[14.494736,51.024692],[14.494797,51.024742],[14.494858,51.024793],[14.494919,51.024843],[14.494989,51.024849],[14.49505,51.0249],[14.495111,51.024951],[14.495172,51.025001],[14.495243,51.025007],[14.495304,51.025058],[14.495365,51.025108],[14.495435,51.025115],[14.495496,51.025165],[14.495567,51.025171],[14.495628,51.025222],[14.495689,51.025272],[14.49575,51.025323],[14.49574,51.025368],[14.495801,51.025418],[14.495862,51.025469],[14.495923,51.025519],[14.495994,51.025525],[14.496064,51.025531],[14.496125,51.025582],[14.496196,51.025588],[14.496257,51.025639],[14.496327,51.025645],[14.496388,51.025695],[14.496449,51.025746],[14.49651,51.025797],[14.496571,51.025847],[14.496632,51.025898],[14.496693,51.025948],[14.496764,51.025955],[14.496834,51.025961],[14.496895,51.026011],[14.496966,51.026017],[14.497027,51.026068],[14.497017,51.026112],[14.497078,51.026163],[14.497139,51.026214],[14.4972,51.026264],[14.497261,51.026315],[14.497251,51.026359],[14.497242,51.026404],[14.497303,51.026454],[14.497373,51.02646],[14.497434,51.026511],[14.497505,51.026517],[14.497575,51.026523],[14.497636,51.026574],[14.497697,51.026624],[14.497768,51.026631],[14.497829,51.026681],[14.49789,51.026732],[14.497951,51.026782],[14.497941,51.026827],[14.497931,51.026871],[14.497922,51.026916],[14.497983,51.026966],[14.497973,51.027011],[14.497964,51.027055],[14.497954,51.0271],[14.497944,51.027145],[14.498005,51.027195],[14.498066,51.027246],[14.497986,51.027284],[14.497976,51.027329],[14.497967,51.027373],[14.497957,51.027418],[14.498018,51.027468],[14.497938,51.027507],[14.497928,51.027551],[14.497919,51.027596],[14.497838,51.027634],[14.497829,51.027679],[14.497748,51.027717],[14.497739,51.027762],[14.497729,51.027806],[14.497649,51.027845],[14.497588,51.027794],[14.497508,51.027833],[14.497427,51.027871],[14.497347,51.027909],[14.497267,51.027948],[14.497257,51.027992],[14.497248,51.028037],[14.497238,51.028081],[14.497299,51.028132],[14.497219,51.02817],[14.497139,51.028209],[14.497058,51.028247],[14.496988,51.028241],[14.496908,51.02828],[14.496837,51.028274],[14.496766,51.028268],[14.496696,51.028262],[14.496615,51.0283],[14.496676,51.028351],[14.496667,51.028395],[14.496587,51.028434],[14.496506,51.028472],[14.496426,51.02851],[14.496346,51.028549],[14.496266,51.028587],[14.496256,51.028632],[14.496246,51.028676],[14.496166,51.028715],[14.496086,51.028753],[14.496076,51.028798],[14.495996,51.028836],[14.495916,51.028875],[14.495836,51.028913],[14.495755,51.028952],[14.495675,51.02899],[14.495665,51.029034],[14.495656,51.029079],[14.495576,51.029117],[14.495505,51.029111],[14.495425,51.02915],[14.495344,51.029188],[14.495264,51.029227],[14.495184,51.029265],[14.495113,51.029259],[14.495043,51.029253],[14.494963,51.029291],[14.494892,51.029285],[14.494821,51.029279],[14.494741,51.029318],[14.494661,51.029356],[14.49459,51.02935],[14.49452,51.029344],[14.494439,51.029382],[14.494359,51.029421],[14.494279,51.029459],[14.494199,51.029498],[14.494118,51.029536],[14.494038,51.029575],[14.493958,51.029613],[14.493878,51.029652],[14.493798,51.02969],[14.493717,51.029728],[14.493637,51.029767],[14.493557,51.029805],[14.493477,51.029844],[14.493396,51.029882],[14.493316,51.029921],[14.493236,51.029959],[14.493156,51.029998],[14.493075,51.030036],[14.492995,51.030074],[14.492915,51.030113],[14.492835,51.030151],[14.492754,51.03019],[14.492684,51.030184],[14.492613,51.030178],[14.492543,51.030171],[14.492462,51.03021],[14.492382,51.030248],[14.492311,51.030242],[14.492241,51.030236],[14.49217,51.03023],[14.49209,51.030269],[14.492019,51.030262],[14.491949,51.030256],[14.491878,51.03025],[14.491808,51.030244],[14.491737,51.030238],[14.491657,51.030277],[14.491586,51.030271],[14.491506,51.030309],[14.491435,51.030303]]}},{"type":"Feature","properties":{"idx":2557459,"idx_ds":2557459,"pit":true,"upstream_km2":1.1248546838760376,"source":"terrain-derived D8 drainage candidate","official_watercourse":false,"threshold_upstream_km2":0.25},"geometry":{"type":"LineString","coordinates":[[14.491435,51.030303],[14.491435,51.030303]]}},{"type":"Feature","properties":{"idx":2357191,"idx_ds":2298300,"pit":false,"upstream_km2":0.7968181371688843,"source":"terrain-derived D8 drainage candidate","official_watercourse":false,"threshold_upstream_km2":0.25},"geometry":{"type":"LineString","coordinates":[[14.460045,51.03145],[14.459984,51.0314],[14.459923,51.031349],[14.459852,51.031343],[14.459791,51.031292],[14.459721,51.031286],[14.45965,51.03128],[14.459579,51.031274],[14.459518,51.031223],[14.459448,51.031217],[14.459368,51.031256],[14.459297,51.03125],[14.459226,51.031244],[14.459156,51.031237],[14.459085,51.031231],[14.459015,51.031225],[14.458944,51.031219],[14.458873,51.031213],[14.458793,51.031251],[14.458722,51.031245],[14.458652,51.031239],[14.458572,51.031278],[14.458491,51.031316],[14.458411,51.031355],[14.45834,51.031348],[14.45827,51.031342],[14.458209,51.031292],[14.458219,51.031247],[14.458158,51.031197],[14.458087,51.03119],[14.458017,51.031184],[14.457936,51.031223],[14.457866,51.031217],[14.457785,51.031255],[14.457715,51.031249],[14.457634,51.031287],[14.457564,51.031281],[14.457493,51.031275],[14.457423,51.031269],[14.457352,51.031263],[14.457281,51.031257],[14.457211,51.031251],[14.45715,51.0312],[14.45707,51.031239],[14.456989,51.031277],[14.456919,51.031271],[14.456839,51.031309],[14.456768,51.031303],[14.456707,51.031253],[14.456636,51.031247],[14.456556,51.031285],[14.456486,51.031279],[14.456415,51.031273],[14.456354,51.031222],[14.456283,51.031216],[14.456213,51.03121],[14.456133,51.031248],[14.456062,51.031242],[14.455991,51.031236],[14.45593,51.031186],[14.45586,51.031179],[14.455789,51.031173],[14.455719,51.031167],[14.455648,51.031161],[14.455577,51.031155],[14.455507,51.031149],[14.455436,51.031143],[14.455366,51.031137],[14.455295,51.031131],[14.455234,51.03108],[14.455164,51.031074],[14.455093,51.031068],[14.455022,51.031062],[14.454942,51.0311],[14.454871,51.031094],[14.454791,51.031132],[14.454721,51.031126],[14.45464,51.031165],[14.45457,51.031159],[14.454499,51.031153],[14.454419,51.031191],[14.454339,51.031229],[14.454268,51.031223],[14.454188,51.031262],[14.454107,51.0313],[14.454037,51.031294],[14.453957,51.031332],[14.453886,51.031326],[14.453806,51.031365],[14.453725,51.031403],[14.453655,51.031397],[14.453575,51.031435],[14.453504,51.031429],[14.453424,51.031468],[14.453343,51.031506],[14.453263,51.031545],[14.453183,51.031583],[14.453173,51.031628],[14.453163,51.031672],[14.453083,51.03171],[14.453003,51.031749],[14.452923,51.031787],[14.452852,51.031781],[14.452781,51.031775],[14.452701,51.031813],[14.452631,51.031807],[14.45256,51.031801],[14.452489,51.031795],[14.452428,51.031745],[14.452368,51.031694],[14.452307,51.031643],[14.452316,51.031599],[14.452397,51.03156],[14.452406,51.031516],[14.452345,51.031465],[14.452284,51.031415],[14.452214,51.031409],[14.452153,51.031358],[14.452073,51.031396],[14.451992,51.031435],[14.451912,51.031473],[14.451902,51.031518],[14.451893,51.031562],[14.451883,51.031607],[14.451873,51.031651],[14.451864,51.031696],[14.451854,51.03174],[14.451774,51.031779],[14.451693,51.031817],[14.451613,51.031855]]}},{"type":"Feature","properties":{"idx":2554536,"idx_ds":2298300,"pit":false,"upstream_km2":43.530521392822266,"source":"terrain-derived D8 drainage candidate","official_watercourse":false,"threshold_upstream_km2":0.25},"geometry":{"type":"LineString","coordinates":[[14.451045,51.026863],[14.450964,51.026901],[14.450884,51.02694],[14.450874,51.026984],[14.450794,51.027022],[14.450784,51.027067],[14.450775,51.027111],[14.450765,51.027156],[14.450685,51.027194],[14.450675,51.027239],[14.450595,51.027277],[14.450585,51.027322],[14.450646,51.027372],[14.450636,51.027417],[14.450556,51.027455],[14.450546,51.0275],[14.450466,51.027538],[14.450456,51.027583],[14.450447,51.027627],[14.450366,51.027666],[14.450357,51.02771],[14.450347,51.027755],[14.450337,51.027799],[14.450328,51.027844],[14.450318,51.027888],[14.450379,51.027939],[14.450369,51.027984],[14.45036,51.028028],[14.45035,51.028073],[14.450411,51.028123],[14.450401,51.028168],[14.450391,51.028212],[14.450382,51.028257],[14.450302,51.028295],[14.450292,51.02834],[14.450282,51.028384],[14.450202,51.028423],[14.450192,51.028467],[14.450183,51.028512],[14.450173,51.028556],[14.450163,51.028601],[14.450083,51.028639],[14.450144,51.02869],[14.450134,51.028734],[14.450124,51.028779],[14.450115,51.028823],[14.450105,51.028868],[14.450166,51.028918],[14.450156,51.028963],[14.450217,51.029014],[14.450208,51.029058],[14.450268,51.029109],[14.450329,51.029159],[14.45039,51.02921],[14.450461,51.029216],[14.450531,51.029222],[14.450592,51.029273],[14.450663,51.029279],[14.450724,51.029329],[14.450785,51.02938],[14.450705,51.029418],[14.450765,51.029469],[14.450756,51.029514],[14.450746,51.029558],[14.450736,51.029603],[14.450797,51.029653],[14.450858,51.029704],[14.450849,51.029748],[14.450909,51.029799],[14.4509,51.029844],[14.450961,51.029894],[14.450951,51.029939],[14.451012,51.029989],[14.451073,51.03004],[14.451134,51.030091],[14.451054,51.030129],[14.451114,51.03018],[14.451185,51.030186],[14.451246,51.030236],[14.451236,51.030281],[14.451297,51.030331],[14.451288,51.030376],[14.451278,51.030421],[14.451339,51.030471],[14.451329,51.030516],[14.45139,51.030566],[14.45138,51.030611],[14.451371,51.030655],[14.451361,51.0307],[14.451351,51.030744],[14.451412,51.030795],[14.451473,51.030846],[14.451463,51.03089],[14.451524,51.030941],[14.451585,51.030991],[14.451656,51.030997],[14.451717,51.031048],[14.451707,51.031093],[14.451768,51.031143],[14.451829,51.031194],[14.45189,51.031244],[14.45188,51.031289],[14.4518,51.031327],[14.45179,51.031372],[14.45171,51.03141],[14.4517,51.031455],[14.451691,51.031499],[14.451681,51.031544],[14.451601,51.031582],[14.451591,51.031627],[14.451581,51.031671],[14.451642,51.031722],[14.451632,51.031766],[14.451623,51.031811],[14.451613,51.031855]]}},{"type":"Feature","properties":{"idx":1753584,"idx_ds":1866299,"pit":false,"upstream_km2":0.5067702531814575,"source":"terrain-derived D8 drainage candidate","official_watercourse":false,"threshold_upstream_km2":0.25},"geometry":{"type":"LineString","coordinates":[[14.499931,51.046544],[14.499851,51.046582],[14.49978,51.046576],[14.49971,51.04657],[14.499639,51.046564],[14.499568,51.046558],[14.499488,51.046596],[14.499427,51.046546],[14.499357,51.04654],[14.499286,51.046534],[14.499215,51.046528],[14.499145,51.046522],[14.499074,51.046515],[14.499003,51.046509],[14.498942,51.046459],[14.498872,51.046453],[14.498801,51.046447],[14.49874,51.046396],[14.49867,51.04639],[14.498599,51.046384],[14.498538,51.046333],[14.498477,51.046283],[14.498406,51.046277],[14.498345,51.046226],[14.498284,51.046175],[14.498214,51.046169],[14.498153,51.046119],[14.498092,51.046068],[14.498031,51.046018],[14.49797,51.045967],[14.497909,51.045916],[14.497848,51.045866],[14.497787,51.045815],[14.497726,51.045765],[14.497735,51.04572],[14.497675,51.045669],[14.497614,51.045619],[14.497623,51.045574],[14.497562,51.045524],[14.497501,51.045473],[14.497511,51.045429],[14.49745,51.045378],[14.497459,51.045334],[14.497398,51.045283],[14.497338,51.045232],[14.497347,51.045188],[14.497286,51.045137],[14.497225,51.045087],[14.497164,51.045036],[14.497103,51.044985],[14.497042,51.044935],[14.496981,51.044884],[14.49692,51.044834],[14.496859,51.044783],[14.496798,51.044732],[14.496728,51.044726],[14.496667,51.044676],[14.496606,51.044625],[14.496535,51.044619],[14.496474,51.044568],[14.496403,51.044562],[14.496342,51.044512],[14.496272,51.044506],[14.496211,51.044455],[14.49614,51.044449],[14.496079,51.044398],[14.496009,51.044392],[14.495938,51.044386],[14.495877,51.044336],[14.495806,51.04433],[14.495736,51.044324],[14.495675,51.044273],[14.495604,51.044267],[14.495534,51.044261],[14.495473,51.04421],[14.495402,51.044204],[14.495331,51.044198],[14.495261,51.044192],[14.49519,51.044186],[14.495129,51.044135],[14.495058,51.044129],[14.494988,51.044123],[14.494917,51.044117],[14.494847,51.044111],[14.494776,51.044105],[14.494705,51.044099],[14.494644,51.044048],[14.494574,51.044042],[14.494503,51.044036],[14.494433,51.04403],[14.494362,51.044024],[14.494301,51.043973],[14.49423,51.043967],[14.49416,51.043961],[14.494089,51.043955],[14.494018,51.043949],[14.493948,51.043943],[14.493877,51.043937],[14.493807,51.043931],[14.493746,51.04388],[14.493675,51.043874],[14.493604,51.043868],[14.493534,51.043862],[14.493463,51.043856],[14.493392,51.04385],[14.493322,51.043844],[14.493251,51.043838],[14.493181,51.043832],[14.49311,51.043825],[14.493039,51.043819],[14.492978,51.043769],[14.492898,51.043807],[14.492827,51.043801],[14.492757,51.043795],[14.492686,51.043789],[14.492625,51.043738],[14.492555,51.043732],[14.492484,51.043726],[14.492413,51.04372],[14.492343,51.043714],[14.492272,51.043708],[14.492202,51.043702],[14.492131,51.043696],[14.49206,51.04369],[14.49199,51.043684],[14.491919,51.043678],[14.491848,51.043672],[14.491778,51.043665],[14.491707,51.043659],[14.491637,51.043653],[14.491566,51.043647],[14.491495,51.043641],[14.491425,51.043635],[14.491354,51.043629],[14.491293,51.043578],[14.491213,51.043617],[14.491142,51.043611],[14.491072,51.043605],[14.491001,51.043599]]}},{"type":"Feature","properties":{"idx":2218324,"idx_ds":2248913,"pit":false,"upstream_km2":0.3335818946361542,"source":"terrain-derived D8 drainage candidate","official_watercourse":false,"threshold_upstream_km2":0.25},"geometry":{"type":"LineString","coordinates":[[14.448319,51.033113],[14.448309,51.033157],[14.448299,51.033202],[14.44836,51.033252],[14.448351,51.033297],[14.448412,51.033347],[14.448492,51.033309],[14.448572,51.033271],[14.448652,51.033232],[14.448733,51.033194],[14.448813,51.033155],[14.448893,51.033117],[14.448974,51.033079],[14.449054,51.03304],[14.449134,51.033002],[14.449214,51.032963],[14.449295,51.032925],[14.449375,51.032887],[14.449455,51.032848],[14.449536,51.03281],[14.449616,51.032771],[14.449696,51.032733],[14.449776,51.032694],[14.449857,51.032656],[14.449937,51.032618],[14.450017,51.032579],[14.450097,51.032541],[14.450168,51.032547],[14.450248,51.032508],[14.450309,51.032559],[14.45037,51.03261],[14.45029,51.032648],[14.45028,51.032693]]}},{"type":"Feature","properties":{"idx":2298300,"idx_ds":2248913,"pit":false,"upstream_km2":44.89805221557617,"source":"terrain-derived D8 drainage candidate","official_watercourse":false,"threshold_upstream_km2":0.25},"geometry":{"type":"LineString","coordinates":[[14.451613,51.031855],[14.451603,51.0319],[14.451594,51.031945],[14.451584,51.031989],[14.451504,51.032027],[14.451494,51.032072],[14.451484,51.032116],[14.451475,51.032161],[14.451394,51.032199],[14.451314,51.032238],[14.451234,51.032276],[14.451154,51.032315],[14.451073,51.032353],[14.450993,51.032391],[14.450913,51.03243],[14.450842,51.032424],[14.450762,51.032462],[14.450682,51.032501],[14.450601,51.032539],[14.450521,51.032577],[14.450441,51.032616],[14.450361,51.032654],[14.45028,51.032693]]}},{"type":"Feature","properties":{"idx":2248913,"idx_ds":2077306,"pit":false,"upstream_km2":45.32603454589844,"source":"terrain-derived D8 drainage candidate","official_watercourse":false,"threshold_upstream_km2":0.25},"geometry":{"type":"LineString","coordinates":[[14.45028,51.032693],[14.4502,51.032731],[14.45012,51.032769],[14.450039,51.032808],[14.449959,51.032846],[14.449949,51.032891],[14.449869,51.032929],[14.449859,51.032974],[14.44985,51.033018],[14.44977,51.033057],[14.44976,51.033101],[14.44975,51.033146],[14.44967,51.033184],[14.44959,51.033223],[14.449509,51.033261],[14.449429,51.033299],[14.449419,51.033344],[14.449339,51.033382],[14.449259,51.033421],[14.449249,51.033465],[14.449239,51.03351],[14.4493,51.03356],[14.449291,51.033605],[14.449281,51.033649],[14.449201,51.033688],[14.449191,51.033732],[14.449181,51.033777],[14.449101,51.033815],[14.449091,51.03386],[14.449082,51.033904],[14.449001,51.033943],[14.448921,51.033981],[14.448841,51.03402],[14.448831,51.034064],[14.448892,51.034115],[14.448953,51.034165],[14.449014,51.034216],[14.449075,51.034267],[14.449136,51.034317],[14.449197,51.034368],[14.449267,51.034374],[14.449328,51.034425],[14.449389,51.034475],[14.449379,51.03452],[14.44937,51.034564],[14.449431,51.034615],[14.449511,51.034576],[14.449572,51.034627],[14.449633,51.034678],[14.449694,51.034728],[14.449755,51.034779],[14.449816,51.034829],[14.449806,51.034874],[14.449867,51.034925],[14.449928,51.034975],[14.449998,51.034981],[14.450059,51.035032],[14.45013,51.035038],[14.4502,51.035044],[14.450271,51.03505],[14.450351,51.035012],[14.450412,51.035062],[14.450483,51.035069],[14.450553,51.035075],[14.450614,51.035125],[14.450685,51.035131],[14.450746,51.035182],[14.450807,51.035233],[14.450868,51.035283],[14.450787,51.035322],[14.450848,51.035372],[14.450909,51.035423],[14.4509,51.035467],[14.450819,51.035506],[14.45081,51.03555],[14.450871,51.035601],[14.450861,51.035646],[14.450851,51.03569],[14.450842,51.035735],[14.450832,51.035779],[14.450822,51.035824],[14.450812,51.035868],[14.450803,51.035913],[14.450722,51.035951],[14.450713,51.035996],[14.450703,51.03604]]}},{"type":"Feature","properties":{"idx":2077306,"idx_ds":2077306,"pit":true,"upstream_km2":45.40885925292969,"source":"terrain-derived D8 drainage candidate","official_watercourse":false,"threshold_upstream_km2":0.25},"geometry":{"type":"LineString","coordinates":[[14.450703,51.03604],[14.450703,51.03604]]}},{"type":"Feature","properties":{"idx":1866299,"idx_ds":1870974,"pit":false,"upstream_km2":1.5512040853500366,"source":"terrain-derived D8 drainage candidate","official_watercourse":false,"threshold_upstream_km2":0.25},"geometry":{"type":"LineString","coordinates":[[14.491001,51.043599],[14.49094,51.043548],[14.490869,51.043542],[14.490799,51.043536],[14.490728,51.04353],[14.490658,51.043524],[14.490587,51.043518],[14.490516,51.043511],[14.490446,51.043505],[14.490385,51.043455],[14.490314,51.043449],[14.490243,51.043443],[14.490182,51.043392],[14.490121,51.043341],[14.490051,51.043335],[14.48998,51.043329],[14.489919,51.043279],[14.489849,51.043273],[14.489778,51.043266],[14.489707,51.04326],[14.489637,51.043254],[14.489557,51.043293],[14.489486,51.043287],[14.489415,51.043281],[14.489335,51.043319],[14.489255,51.043357],[14.489184,51.043351],[14.489113,51.043345]]}},{"type":"Feature","properties":{"idx":1870974,"idx_ds":1870974,"pit":true,"upstream_km2":1.5913907289505005,"source":"terrain-derived D8 drainage candidate","official_watercourse":false,"threshold_upstream_km2":0.25},"geometry":{"type":"LineString","coordinates":[[14.489113,51.043345],[14.489113,51.043345]]}}]}
