{"type":"FeatureCollection","name":"zabaged-watercourses-nove-hrabeci","properties":{"provider":"ČÚZK ZABAGED® – polohopis, vrstva Vodní tok (93)","source_layer":"https://ags.cuzk.gov.cz/arcgis/rest/services/ZABAGED_POLOHOPIS/MapServer/93","bbox_wgs84":[14.38,50.98,14.5,51.06],"retrieved_at_local":"2026-08-20T10:37:15.139744+02:00","status":"official topographic watercourse reference used to validate terrain-derived D8 drainage"},"features":[{"type":"Feature","id":1838,"geometry":{"type":"LineString","coordinates":[[14.399196192964048,50.97358157236128],[14.39918614734444,50.97372632923844],[14.399118174327086,50.973796087639606],[14.399069951880225,50.9738398903674],[14.398884942088527,50.97392831749291],[14.39884407849868,50.97394861574239],[14.398715697971678,50.9740143055337],[14.398631418757244,50.97409489400976],[14.398600110067617,50.97421130558262],[14.39863281621665,50.974305386949815],[14.398624009793522,50.974341640813684],[14.398521236281091,50.974448874926686],[14.398494134791608,50.97449875301488],[14.398475747356976,50.97452662382049],[14.398460645391499,50.97454951786947],[14.398421660163454,50.97460248113361],[14.39838457213457,50.97467492719495],[14.39830911784062,50.97475313506475],[14.398204820204157,50.974869645710534],[14.398105470426309,50.97491873452703],[14.397965677955625,50.97495801544898],[14.397778435017084,50.975011222909494],[14.397679570862422,50.975039457176806],[14.397403870088517,50.97511799311796],[14.397147410819194,50.97527097367765],[14.396892817887458,50.97552728334574],[14.396550690030077,50.97567897634835],[14.396150104540883,50.976046341519805],[14.39585113636727,50.97623525345872],[14.395765650080364,50.97626578517461],[14.395614012274093,50.97630300739384],[14.395496476508441,50.97631010648929],[14.395328264045366,50.9762960802915],[14.395260338765267,50.976308786323045],[14.395117222341952,50.976419184706025],[14.394980463515687,50.97647415200752]]},"properties":{"OBJECTID":1838,"fid_zbg":"3355819","jmeno":"Vilémovský potok (Poustevenský potok)","typtoku_p":"povrchový nesplavný","vydattok_p":"stálý","idvt":"10100689"}},{"type":"Feature","id":3897,"geometry":{"type":"LineString","coordinates":[[14.433151909624033,51.004094066728086],[14.433191906668036,51.004097932540084],[14.433331646702243,51.00410534417253],[14.433647694046119,51.00399916499934]]},"properties":{"OBJECTID":3897,"fid_zbg":"37368876308103168","jmeno":null,"typtoku_p":"podzemní","vydattok_p":"stálý","idvt":"10236527"}},{"type":"Feature","id":3900,"geometry":{"type":"LineString","coordinates":[[14.43413835486209,51.00427265586418],[14.434228134294205,51.004362264373114],[14.434263309108092,51.004384583408516],[14.434420720895849,51.004429126955856],[14.434563410150243,51.00445212570541],[14.434616004252065,51.00445275489922],[14.434654980118346,51.004453782614064],[14.43473127905096,51.00444493439306],[14.434814402116455,51.004418477374735],[14.434968407732553,51.00438546072391],[14.435133062024239,51.00433258986327],[14.43546710164772,51.004271169976256],[14.43556295664891,51.00426813488107],[14.43560717110021,51.004273435879355],[14.43565135153524,51.00428087509852],[14.435709908007539,51.00429592909441],[14.435735799548992,51.0042985354882],[14.435883038569477,51.0043058498272],[14.435927454206402,51.00431650294759],[14.435985877058478,51.004339438566156],[14.436019882813289,51.004364885632434],[14.436049379097566,51.004402462440154],[14.436069829301827,51.00444004476481],[14.436112141239086,51.00445626768611],[14.436153111754345,51.00447323627901],[14.436272856355982,51.00465067821304],[14.436304709852932,51.00467227326514],[14.436335582189056,51.0046823878485],[14.436363598989217,51.00468844443169],[14.43644547023187,51.00469218102563],[14.436640371838353,51.004693915979594],[14.436847776945623,51.004679032869085],[14.437039330491213,51.004686437924875],[14.43705881223654,51.00469966635991],[14.437073741707717,51.00472330609495],[14.437086916793547,51.00474232094501],[14.437121449847666,51.004824418451044],[14.437133065022628,51.00487914475117],[14.43714760672963,51.004910381090575],[14.437175638941145,51.00493830422283]]},"properties":{"OBJECTID":3900,"fid_zbg":"3237619","jmeno":"Šluknovský potok","typtoku_p":"povrchový nesplavný","vydattok_p":"stálý","idvt":"10104877"}},{"type":"Feature","id":4348,"geometry":{"type":"LineString","coordinates":[[14.375984070992569,51.00681739968417],[14.375928423910885,51.00677924846188],[14.375841445527552,51.00671787758081]]},"properties":{"OBJECTID":4348,"fid_zbg":"3237604","jmeno":null,"typtoku_p":"povrchový nesplavný","vydattok_p":"občasný","idvt":"10236519"}},{"type":"Feature","id":4356,"geometry":{"type":"LineString","coordinates":[[14.442935924995394,50.979083832437034],[14.442889632259432,50.979446181350156],[14.442836205273814,50.97956566848441],[14.442858415361245,50.979671948002164],[14.4428667324884,50.979770999534445],[14.442848065865837,50.97980794171508],[14.442657225429391,50.97995988975962],[14.442637540285377,50.97999021126806],[14.442637735890782,50.9800216382458],[14.442965518110134,50.980363383059554],[14.44301691585273,50.98047245419384],[14.443045494058103,50.980614696344865],[14.443045430948214,50.98081040908562],[14.442972073768546,50.9810201768701],[14.442963849619282,50.98108729256171],[14.44297822525296,50.98131350681959],[14.442998169287591,50.98134209006156],[14.443094047641983,50.98138632436981],[14.443118204663104,50.981411461986255],[14.443140595807272,50.981462440144035],[14.44314410643476,50.98152430311195],[14.443115382373083,50.98157643289942],[14.44306865624691,50.98161484562315],[14.442982864709142,50.98165114424189],[14.442831807559878,50.98169213167859],[14.442679920264808,50.98173032518961],[14.442429448659922,50.981782142468745],[14.442281824368372,50.98181877234624],[14.442215757424252,50.98183435141343],[14.441785835060962,50.98192776971844],[14.441549870724067,50.981965935613914],[14.441423877712195,50.98199938517435],[14.441343276371494,50.98200889589062],[14.441290967965823,50.982024586932276],[14.441241256069851,50.982039441410656],[14.44082474992642,50.982146094943296],[14.440692401091319,50.982216500143515],[14.44052539249584,50.982329828571615],[14.440281678050185,50.98249568305938],[14.44012051765315,50.982507756950916]]},"properties":{"OBJECTID":4356,"fid_zbg":"3349452","jmeno":null,"typtoku_p":"povrchový nesplavný","vydattok_p":"stálý","idvt":"10227197"}},{"type":"Feature","id":4665,"geometry":{"type":"LineString","coordinates":[[14.463434136631532,51.02594450035805],[14.463230700090527,51.02595918163376],[14.463103466944853,51.025970737026796],[14.463082833996822,51.02597022505857],[14.463028109763329,51.025954067433446],[14.462991120068518,51.0259296435123],[14.462962444053439,51.02591873859138],[14.462923285307966,51.0258868150628],[14.46286422322457,51.02583744112106],[14.462813023145587,51.025810356315965],[14.462759726525295,51.02578895107325],[14.462715090523721,51.02578615712991],[14.46267286957456,51.02579416816452],[14.462602714503873,51.025821176899065],[14.462527222319954,51.02583195701539],[14.462461093396094,51.02582850404474],[14.462371297099264,51.02581519549891],[14.462322134500473,51.02580476167462],[14.462239325231765,51.02579505039167],[14.462162929232166,51.02579694303979],[14.462089094657564,51.02579790471652],[14.462035268953802,51.02579264741253],[14.461966165865736,51.02577189045477],[14.46193456207251,51.02574784065458],[14.461909071216535,51.02574200981421],[14.461870937744179,51.02574669938421],[14.461820898372366,51.025749906872704],[14.461775112400932,51.02574214141955],[14.461732308878913,51.02571667047869],[14.461681091351865,51.02571006880009],[14.461591191172774,51.02571863297757],[14.461551504735988,51.02571881545709],[14.461530756531868,51.02571141646471],[14.461502137771424,51.025694156425715],[14.461472925232536,51.02568029254979],[14.461421243563409,51.025675828003784],[14.461351813327854,51.025684064610154],[14.461268154404666,51.02568455810701],[14.461180470810296,51.025670995642656],[14.461093059936491,51.025640945110055],[14.461060483718644,51.02562071210304],[14.461046687960245,51.02559547874377],[14.461053844881661,51.025562529565576],[14.461074398864655,51.02550234149199],[14.461072158758471,51.025462320635754],[14.461041513055044,51.025417305596704],[14.461000029441314,51.02539503292845],[14.46087585543306,51.02535409475629],[14.460805068907053,51.02532566157602],[14.460711563826782,51.025305789493345],[14.46068423380214,51.025303791271284],[14.460633775051791,51.02530959295778],[14.46057611675892,51.025312776723986],[14.460538343332633,51.025310511284175],[14.460509075178637,51.02530154135597],[14.46046590331117,51.025273134895336],[14.460433998733066,51.02526239488119],[14.46039747490105,51.02526232397954],[14.46035775355285,51.02526968826965],[14.460296599926675,51.02527638028166],[14.460242206844937,51.02527512838884],[14.460089941413178,51.02525026979144],[14.459836834600681,51.02521216215276],[14.459709338465371,51.02518917093105],[14.459418272605605,51.02511058611555],[14.45930073864101,51.02508809228897],[14.45918104955354,51.02507684324379],[14.458945765920223,51.02506794417172],[14.458776295987262,51.02504613331164]]},"properties":{"OBJECTID":4665,"fid_zbg":"3335548","jmeno":null,"typtoku_p":"povrchový nesplavný","vydattok_p":"stálý","idvt":"10227162"}},{"type":"Feature","id":4667,"geometry":{"type":"LineString","coordinates":[[14.458776295987262,51.02504613331164],[14.458671770579171,51.02502666807299],[14.458577411293458,51.02502132680886],[14.45839138484467,51.02503453733367],[14.458230447786631,51.02502854123578],[14.45816139237444,51.02500406625747],[14.45808784639329,51.02493338785613],[14.458026824158994,51.024912328675676],[14.457906437614204,51.02489965715015],[14.457801166101884,51.02488230396628],[14.457682119829155,51.024846250642675],[14.45757991193326,51.02480883993551],[14.457495515612635,51.02476625488503],[14.4574164506194,51.02472032011564],[14.457349474250497,51.024660460625604],[14.457255864658336,51.02460446854483],[14.457131147355641,51.024563932610995],[14.456980753071795,51.02449638259911],[14.45693090726765,51.02446361459925],[14.45686934372374,51.02445901963451],[14.456807576812206,51.02447985504438],[14.4567426593404,51.024508701199544],[14.456718875641656,51.02451587220952],[14.456690178068733,51.02452083125939],[14.456499638770932,51.02453210634247],[14.456140654530119,51.02456042106575],[14.455914038231159,51.02456817778608],[14.455683217466827,51.02457773895717],[14.455535058343228,51.024594898485404],[14.455171478302601,51.02476448760153],[14.455013564288736,51.02473995032442],[14.454960634720551,51.02471826439703],[14.454881325791977,51.02468928107246],[14.45484795459689,51.024681125266085],[14.454780536931557,51.02466368470459]]},"properties":{"OBJECTID":4667,"fid_zbg":"3342567","jmeno":null,"typtoku_p":"povrchový nesplavný","vydattok_p":"stálý","idvt":"10236508"}},{"type":"Feature","id":4980,"geometry":{"type":"LineString","coordinates":[[14.513050638559204,50.99374340702328],[14.512933403178938,50.993751648687926],[14.512746718753517,50.99379373205757],[14.512636923382665,50.993816510900196],[14.51259830988575,50.99382265143376],[14.512559368647697,50.993818594594394],[14.51247264663662,50.99379816347884],[14.512365359137622,50.99377578202657],[14.51231778847,50.99377840339085],[14.51229247080935,50.99378647662773],[14.512264478734899,50.993798946308836],[14.51224669317628,50.99381873463959],[14.512226965207638,50.993849513875475],[14.512119258774167,50.99404073061054],[14.512087509786012,50.9940739230689],[14.51205323217136,50.99409619362858],[14.512003467575049,50.99410098478992],[14.511964254666484,50.99410151274088],[14.511904784248646,50.9941026568626],[14.511853902337528,50.99409664745352],[14.511753035288532,50.99407182412639],[14.511679971217713,50.99406336235153],[14.511514497764702,50.99405947052804],[14.511320863516472,50.99405152324938],[14.511207947250268,50.99406584989649],[14.511108097210949,50.9940755853303],[14.510954944273537,50.99405498137951],[14.510848440585196,50.994030434367424],[14.510788851369265,50.99399832047639],[14.510727822354,50.99392149602017],[14.51064185680351,50.9938070565863],[14.51058811901877,50.993777668451564],[14.510524092406092,50.99375066094045],[14.510481447575057,50.993746448079186],[14.510436705894472,50.99375194281328],[14.51036516934732,50.99374506301675],[14.51026424177774,50.99371373783544],[14.5101524109055,50.993684577027295],[14.5101241799144,50.99368151332406],[14.51011167499996,50.99368743170663],[14.510067009093662,50.9937225877583],[14.510014662177946,50.993766617212934],[14.509938687061561,50.99386413187701],[14.509898334076638,50.993889235704096],[14.509824374717642,50.99391553052045],[14.50977764501869,50.9939335541882],[14.509741756091815,50.99395196620297],[14.509693847615079,50.99399674027291],[14.509627702769931,50.99405273631444],[14.509576016790877,50.99411433063103],[14.5095309100033,50.99413748321451],[14.509449373200873,50.99414362205266],[14.509400178796463,50.994141113230754],[14.509333252824668,50.99411222273414],[14.509293891482423,50.99409613605218],[14.50923306559058,50.994058970883486],[14.509147682789536,50.99398776091494],[14.509076459144291,50.99395414611885],[14.50895635564721,50.99391523711391],[14.508889911440958,50.99388811136142],[14.508754465144726,50.99386765808487],[14.508697053894332,50.993865258398664],[14.508517956376807,50.99385456568271],[14.508466511057119,50.993860480776135],[14.508341490265096,50.993886917022756],[14.508248587282953,50.99390441438045],[14.508186127852477,50.99390854706149],[14.508147543646807,50.99390769452336],[14.508065038135085,50.993901683811686],[14.50801383613529,50.99389383082614],[14.507954641453129,50.99388438290486],[14.507695424708988,50.99385863038126],[14.507572995049124,50.99388837316833],[14.5074951240291,50.99391699709771]]},"properties":{"OBJECTID":4980,"fid_zbg":"4076449308868608","jmeno":"Rožanský potok","typtoku_p":"povrchový nesplavný","vydattok_p":"stálý","idvt":"10101135"}},{"type":"Feature","id":5546,"geometry":{"type":"LineString","coordinates":[[14.492891558848537,51.02427250251257],[14.493023731936038,51.02430075829185],[14.493181102113356,51.02432265633555],[14.493382531801043,51.024342360935805],[14.493641208724467,51.02437071421532],[14.493805279870015,51.02439554705502],[14.493965363370085,51.0244268400686],[14.494178877997975,51.024480423444984],[14.494436549669965,51.02455621498083],[14.494510694569891,51.02457558072267],[14.49455851589588,51.02459720666508],[14.494610633162011,51.02463752731193],[14.494688671146374,51.0246983138575],[14.494791189614007,51.02476429248968],[14.494882186454772,51.024804422551824],[14.495031037613863,51.024867677078525],[14.4951535069667,51.02493319583709],[14.495227621077868,51.02498021797759],[14.495351313773925,51.025059358615785],[14.495479749373303,51.02514317111003],[14.495597762088492,51.02522263884948],[14.495801228689245,51.02539509987951],[14.495893034051774,51.02547403462732],[14.495961227250957,51.02551120260021],[14.496039691574712,51.02554544464226],[14.496165884467697,51.02559377427355],[14.49632318892493,51.02564922711939],[14.496413937330173,51.025694505177746],[14.496502756189491,51.02575866754206],[14.496545049500744,51.02582644495571],[14.496586845941804,51.02590715204585],[14.49662636044655,51.02594257651583],[14.496688845888732,51.02596092785849],[14.496780220320824,51.02596344120553],[14.49686517755179,51.02595705616364],[14.496957369048113,51.02595047733511],[14.497010902996086,51.02595435975831],[14.497084093077381,51.025985062602686],[14.497101467292683,51.026027743445226],[14.497058686738322,51.026079851640546],[14.49698858776649,51.02615782113977],[14.496975302863778,51.02620856745298],[14.497004302359809,51.02628127828428],[14.497097915790317,51.02634782126738],[14.497230441966224,51.026418012978546],[14.49742556131818,51.02649775606715],[14.497541145957166,51.026543474357425],[14.497622698973728,51.02657688325894],[14.49768674915613,51.02659964138148],[14.497776910623884,51.026642327513194],[14.497848307745274,51.026664638365446],[14.497889896581956,51.026707035451],[14.497925990173998,51.02676644965383],[14.497945044568212,51.02691217441959],[14.49800611762093,51.0271191840029],[14.49804696446464,51.02730718936002],[14.498078173387519,51.027504634237495]]},"properties":{"OBJECTID":5546,"fid_zbg":"3237174","jmeno":null,"typtoku_p":"povrchový nesplavný","vydattok_p":"stálý","idvt":"10284014"}},{"type":"Feature","id":5547,"geometry":{"type":"LineString","coordinates":[[14.50239420513633,50.995479664051544],[14.502257702453097,50.99548469474349],[14.502176977117067,50.99548971941049],[14.501915074454619,50.99551225710977],[14.501877738445623,50.99552537165889],[14.501836051610285,50.99555262632248],[14.501791843061365,50.99558556046692],[14.50174252064949,50.99562884963082],[14.501714972770847,50.99564988280306],[14.50169185865232,50.99566104668757],[14.501619749024877,50.99568712434484],[14.501517991371879,50.995714559190745],[14.501378122439487,50.995737814458046],[14.501276049506789,50.99573871444209],[14.501196138274437,50.99573877378599],[14.50101898420459,50.99573202047042],[14.500849047830718,50.995723466219495],[14.500738157619892,50.995709563504654],[14.500592030181448,50.995706778375876],[14.500408288351679,50.99570356636226],[14.500334560975153,50.99570946456479],[14.500237405201624,50.99572332419084],[14.500136711367352,50.99575188371252],[14.500021358056342,50.99579352320301],[14.499904286819577,50.99584250791282],[14.499778861386757,50.99589003830289],[14.499597812462536,50.99593286925841],[14.499430064177162,50.99595806687857],[14.499250801565683,50.99597900685325],[14.499210717904043,50.99598208655338],[14.498985257791174,50.99599941052558],[14.498745095466786,50.99603306708466],[14.498646700618878,50.99604600233639],[14.498523769594211,50.99605274205399],[14.498384025528084,50.99605612854143],[14.498292147116025,50.99604996624451],[14.498036999845917,50.99603286250693],[14.497937010612022,50.99602923996949],[14.497875087457103,50.99602708164288],[14.497810338703896,50.996040646222234],[14.497698487834423,50.99607192603493],[14.497597497293732,50.99610350615947],[14.497540757189626,50.99613454319001],[14.497451932776272,50.996180325185584],[14.497370866713602,50.99621216983309],[14.49733726853904,50.9962266029625],[14.497265586393041,50.996251018657915],[14.497178497801638,50.996272955154744],[14.497065655255657,50.99630223489027],[14.497033789467592,50.99630506921489],[14.497003390813333,50.996307766824565],[14.496924445772926,50.996314783009794],[14.496839322437978,50.996318726855506],[14.496777782629621,50.99631625627854],[14.496715745639648,50.99631688167958],[14.496644237773793,50.99632533663648],[14.496608560328596,50.996339145959325],[14.496575247255397,50.996359636198484],[14.496559480271703,50.99637224856875],[14.496530927980317,50.996400370040476],[14.496479800013619,50.99648640246783],[14.49645045412411,50.996531682894606],[14.4964237840714,50.99656745071807],[14.496395581987544,50.996597806785026],[14.496344901838915,50.996632721939555],[14.496281214970077,50.99665399757242],[14.496222515939428,50.996660190080256],[14.4961353170867,50.99665657932098],[14.496070801345077,50.9966551039624],[14.495965634443522,50.99664949163387],[14.495929505652867,50.99664637929409],[14.495906270470725,50.99664320741521],[14.495654724485798,50.9965895049079],[14.495602444557981,50.99657865080505],[14.495516129989902,50.9965666336142],[14.495430606914406,50.99657115894432],[14.4953182455838,50.99659528048499],[14.495216747196386,50.996633047400174],[14.495068422425065,50.99667947147351],[14.494950575851083,50.99671346200143],[14.494845470437792,50.996733345778686],[14.494743785194212,50.99675669020255],[14.49457691921897,50.99679638165162],[14.494534755573575,50.99680866998818],[14.494268670711081,50.996886214928544],[14.494235348714232,50.996894048665744],[14.494187167536522,50.99690876676734],[14.494164798273314,50.99691787076364],[14.493888886251169,50.997030129825184],[14.493786369444845,50.9970893354061],[14.493731936018136,50.997133079743115],[14.493694014971096,50.99716083798826],[14.493662478671327,50.99718234248633],[14.49364108064859,50.99719293622427],[14.493564863900946,50.99722486989589],[14.493494838882834,50.99725017936197],[14.493459595662639,50.997267554237865],[14.493363621907147,50.997324420340576],[14.493316294087766,50.9973607028698],[14.493287066230181,50.99739578716969],[14.49324729492972,50.99746232222166],[14.493211999730107,50.997527637247096],[14.493179580303357,50.99759534102215],[14.493162947084192,50.997632744329586],[14.49313602210266,50.99765864676231],[14.493111529770093,50.99768220962036],[14.49306412248288,50.997714139832624],[14.493013382043884,50.997736493249676],[14.49296004982195,50.997745777585195],[14.492923592165608,50.99774617406989],[14.492788306324421,50.99773224850494],[14.492701782649215,50.997717535181685],[14.4925997955156,50.99769123807545],[14.49255197461564,50.99767704746477],[14.492506198006812,50.997670018322246],[14.492460445076532,50.997669522935915],[14.492432600198747,50.99767927972077],[14.492399094594417,50.99769725767218],[14.49223428421213,50.99787018035212],[14.492207333467702,50.99789845723601],[14.492036596410717,50.99798005063369],[14.491946814024775,50.99802476694656],[14.491736140641951,50.998124019534],[14.491641295100644,50.99819159587705],[14.491579616955825,50.998276636247105],[14.491550079626874,50.99830085272118],[14.491390888631662,50.998386742609924],[14.491347299317912,50.998418094146224],[14.491322249904979,50.99845013629091],[14.491297726996784,50.998519599914864],[14.491293726855586,50.99854937378444],[14.491316343285172,50.99858855386599],[14.491329766451418,50.99860677488383],[14.491348917898417,50.99862098085146],[14.491400128122166,50.99865624763267],[14.491435464210022,50.99868016728983],[14.491464012415054,50.998701705722056],[14.491491072279088,50.99872327917326],[14.491494108198262,50.99875422185986],[14.491481906319821,50.998783497551315],[14.49143973006203,50.99881270295399],[14.491385379932462,50.998849931061905],[14.491299547102527,50.998886949771745],[14.491235732670932,50.998916957441736],[14.491201732756446,50.998931898847665],[14.491138346189521,50.99895972981335],[14.491094162630693,50.998981867507204],[14.491070029594608,50.99899638917648],[14.491044731777764,50.9990216059862],[14.491028622731635,50.999040901525795],[14.490970972438603,50.999103337039394],[14.49089880957156,50.99917197886415],[14.49087234897862,50.99918808706705],[14.490858228136426,50.99919354697017],[14.490832345315955,50.999204660998394],[14.490756113070928,50.999216116739035],[14.49071893544753,50.99922295513547],[14.490667724297845,50.99923305646356],[14.490641178633737,50.99924809588282],[14.490592691409821,50.99927125051328],[14.490545428425134,50.999301169401605],[14.490481405010941,50.99937577425423],[14.490446761396429,50.99945246674223],[14.490436249107278,50.999494788228866],[14.490423925580007,50.99955962424096],[14.490405834187781,50.99958495404438],[14.490360682520722,50.99962650357867],[14.490304868115016,50.99965939578277],[14.490250939132094,50.9996831790041],[14.490168135987037,50.99971070594649],[14.490049781792804,50.99974625453193],[14.489900052860154,50.999795237671684],[14.489813345702514,50.999834620529626],[14.489744032103149,50.999879194796534],[14.489696470325919,50.99992489999702],[14.48967782942785,50.99995323052564],[14.489666406477284,50.99998009665592],[14.489657963753197,51.000015112208125],[14.489648960835128,51.00003810457683],[14.489633178525864,51.00010536404608],[14.489623950066335,51.000167917643054],[14.489607859438491,51.00022896350632],[14.489553346306442,51.00032968930543],[14.489446701217199,51.000415207726],[14.48927378187463,51.00056034028684],[14.489215644993976,51.00058661811404],[14.489112601337858,51.00061166503202],[14.489035957343965,51.00062580598163],[14.488971857504065,51.00064217122578],[14.488862346948602,51.000717009581784],[14.488787827578504,51.00077300079174],[14.488763760097795,51.0008131105503],[14.488744823001095,51.00087534439679],[14.488748413393695,51.00094841056426],[14.488757103993729,51.00098862247179],[14.488772081811426,51.00101241186705],[14.488797578579664,51.00104499146243],[14.488849683594491,51.001064242815495],[14.488926963155343,51.00106961593188],[14.488994614119594,51.00106992246464],[14.489037598030608,51.00108428701615],[14.489065475164626,51.00109830195331],[14.489086472022565,51.00111952566277],[14.489133421230019,51.00117228857373],[14.489163999780212,51.00121964875165],[14.489205177762079,51.001265200961264],[14.48922564428771,51.0012981723837],[14.48922633550794,51.00131125013232]]},"properties":{"OBJECTID":5547,"fid_zbg":"3308077","jmeno":"Rožanský potok","typtoku_p":"povrchový nesplavný","vydattok_p":"stálý","idvt":"10101135"}},{"type":"Feature","id":5548,"geometry":{"type":"LineString","coordinates":[[14.487861225486917,51.003983852761074],[14.487810119267566,51.00402491575326],[14.487611076933847,51.00409684405563],[14.487463596267478,51.00414645476085],[14.487419141882597,51.00415586760237],[14.48737312500333,51.00415788820214],[14.487298572334863,51.00415291289094],[14.487243970038326,51.004147371249026],[14.487189566552546,51.00413281108853],[14.487135186629354,51.004107983518004],[14.487072349591642,51.004072810614616],[14.48702034018878,51.004042680678914],[14.486963805567678,51.004005030069834],[14.486904611125706,51.003976076897615],[14.48684831788828,51.00395669974009],[14.486786670264715,51.0039469761468],[14.486732201608351,51.00394772353624],[14.486656665304361,51.003961831969804],[14.486575031064511,51.00398809720249],[14.48651634305864,51.00402339860122],[14.48643854120663,51.00409809353877],[14.486414774984782,51.00411554923584],[14.486387423907798,51.00412897637512],[14.48631938276401,51.004155678547],[14.486145283993643,51.004206957336564],[14.485993978130772,51.00425934826612],[14.485906836811258,51.00428394989028],[14.485848929044275,51.00428975284532],[14.485801262886474,51.00429208425255],[14.485710927841074,51.004284295709056],[14.485605213923249,51.004261210336196],[14.485503921491548,51.00422235801593],[14.485400679686116,51.004167280163784],[14.48532857144417,51.00410654041869],[14.48526568068036,51.00404161486907],[14.485170993100967,51.00397744939673],[14.48513131453358,51.00396587245506],[14.484950072276959,51.00395181425172],[14.484726157331691,51.003935754503026],[14.484604762770688,51.003928643459396],[14.484497342300227,51.00390813140781],[14.48438663042529,51.00387427179406],[14.484328617684794,51.003858655077444],[14.484256560785091,51.00385543522783],[14.48414386043877,51.003874565651635],[14.483837504240702,51.003935682714584],[14.483665266491272,51.0039600386586],[14.483564272112663,51.00397968817483],[14.483447760217306,51.00401402052564],[14.483310528587166,51.004059039891956],[14.483293445318216,51.00405878227738],[14.483196579279083,51.004054129875065],[14.483079643318202,51.004041568499076],[14.48304778556096,51.00403032963606],[14.483013266218986,51.0040157132399],[14.482983439485286,51.00400386025374],[14.48281666482849,51.00394014349922],[14.482507362788963,51.00382437138373],[14.482399966467584,51.00378417315884],[14.482177705974753,51.003677059308586],[14.482080821630129,51.00363314067323],[14.481963329676592,51.00358970341781],[14.481896892686317,51.00356419605693],[14.481828653231627,51.00355012721777],[14.481756932949578,51.00355212401646],[14.481683052181275,51.00356415858331],[14.48161576958872,51.00359179457089],[14.481607151667996,51.003600114174745],[14.481592293054947,51.00361294859831],[14.481579928201704,51.003623630324626],[14.48152992151272,51.00366264491982],[14.481492557639768,51.003688234791156],[14.481451081491665,51.00371063947285],[14.48127500272631,51.00377753505219],[14.481184397266755,51.003827735172386],[14.481149173042681,51.00384112621069],[14.48112427789036,51.0038428797496],[14.481088300030954,51.0038381161433],[14.481052416004493,51.00382250140269]]},"properties":{"OBJECTID":5548,"fid_zbg":"3314749","jmeno":"Rožanský potok","typtoku_p":"povrchový nesplavný","vydattok_p":"stálý","idvt":"10101135"}},{"type":"Feature","id":5783,"geometry":{"type":"LineString","coordinates":[[14.483995427072394,50.98764469559134],[14.484008074335796,50.987730592083004],[14.483978065106301,50.987770406033285],[14.483880842317935,50.98779895124606],[14.48383966933181,50.98782892057775],[14.4838246904609,50.98789809096898],[14.483803009779107,50.98793316200421],[14.483754821447569,50.987967715334825],[14.48369932982458,50.98805112662787],[14.483677788288343,50.988067766184095],[14.48365354998171,50.98807475630616],[14.483615634750281,50.988071294900415],[14.483582559560487,50.98807017430221],[14.483564318586593,50.98807900631036],[14.483551670065479,50.98809261185256],[14.48355081794704,50.98810623713565],[14.483557409485897,50.98812046828863],[14.483552553899878,50.98813392963675],[14.483542412010527,50.988143460344816],[14.48352166118657,50.98814596126502],[14.483496293744517,50.98813666034086],[14.483437431442056,50.98810474716845],[14.48340589489212,50.988099840134964],[14.48336274609942,50.98811012490896],[14.483259489378439,50.98815769942945],[14.483213225999402,50.988198360857794],[14.48319994149175,50.988259503506704],[14.483055790661995,50.988364822546394],[14.482947139457343,50.988451703374906],[14.482867296823338,50.98850577926619],[14.48281938114598,50.98861286882326],[14.48278770534364,50.98865758288084],[14.482607867463496,50.988800374783274],[14.482564835477062,50.98881389906954],[14.482415552081957,50.98882224798457],[14.482290863689556,50.988847778375835],[14.482163674917208,50.98893197065256],[14.48203054970059,50.98909466837894],[14.48194168512985,50.98920870293841],[14.48185775540682,50.98930048306501],[14.481732045286961,50.98936257603582],[14.48164972048662,50.98941940375241],[14.481432957594187,50.989576091126985],[14.481212884800808,50.98970352546287],[14.48110100968451,50.98975084482471],[14.481068267620463,50.989770609096716],[14.480999584863786,50.98980632350392],[14.480945543216949,50.98986933812842],[14.480818232385579,50.98997928359097],[14.48072452677719,50.990016376795566],[14.480403870708308,50.990209975419454],[14.480305595999527,50.99024957715357],[14.480091782858965,50.99028837134225],[14.479955216843052,50.99030235110752],[14.479889330551508,50.9903019271943],[14.479824814120427,50.9902951802643],[14.479688354304864,50.99026952378415],[14.479624371242009,50.990272257760374],[14.479460538382291,50.990297310590776],[14.47940175431352,50.99029396120385],[14.479360058172135,50.990278750486695],[14.479298316027476,50.990222708936706]]},"properties":{"OBJECTID":5783,"fid_zbg":"3237430","jmeno":"Lesní potok","typtoku_p":"povrchový nesplavný","vydattok_p":"stálý","idvt":"10283941"}},{"type":"Feature","id":6485,"geometry":{"type":"LineString","coordinates":[[14.483730418484173,51.00090107666976],[14.483662069877411,51.000917462911055],[14.483527606606167,51.00093952341303],[14.483437687901755,51.000959710165624],[14.483427706575323,51.00096463726114]]},"properties":{"OBJECTID":6485,"fid_zbg":"4058941814210560","jmeno":null,"typtoku_p":"podzemní","vydattok_p":"stálý","idvt":"10224782"}},{"type":"Feature","id":6542,"geometry":{"type":"LineString","coordinates":[[14.391086132416651,50.999622992017756],[14.391019822011447,50.9992757795673]]},"properties":{"OBJECTID":6542,"fid_zbg":"4130963332268032","jmeno":null,"typtoku_p":"podzemní","vydattok_p":"stálý","idvt":"10227171"}},{"type":"Feature","id":6609,"geometry":{"type":"LineString","coordinates":[[14.449475888060984,51.034601874132555],[14.449529445212256,51.03462356145992],[14.4496121209069,51.03462495849614]]},"properties":{"OBJECTID":6609,"fid_zbg":"4309550706458624","jmeno":null,"typtoku_p":"povrchový nesplavný","vydattok_p":"stálý","idvt":null}},{"type":"Feature","id":6629,"geometry":{"type":"LineString","coordinates":[[14.400251043632965,50.99024136969407],[14.400175663811941,50.990255409792056],[14.399992261262902,50.99028945172822],[14.399801831602263,50.99034184577691],[14.399762678523494,50.99034206939558],[14.399722730166292,50.990328159880626],[14.39964066598172,50.99031421620468],[14.399490366596405,50.990334260241845],[14.399343473389393,50.9903597723087],[14.39919301796063,50.99041146900335],[14.39891611930916,50.990580011808035],[14.39884079154782,50.99059051699373],[14.398515578109308,50.990558323287075],[14.398195463724047,50.990515883635396],[14.397375609442431,50.99046781817074],[14.397161075060893,50.9904480994677],[14.396886027772817,50.990430428364895],[14.396805982721235,50.99041184936322],[14.396701818968026,50.99036086596358],[14.396648179552608,50.99032670954332],[14.396605299903571,50.990326880063094],[14.396569387834907,50.990337274825826],[14.396488423417226,50.99042096542895],[14.39633950630491,50.99052088257557],[14.396271194572988,50.99054533482388],[14.396216896425369,50.99054315058992],[14.39610069181256,50.99048739870907],[14.396012251158224,50.990482243361775],[14.395801038077426,50.99059815267009],[14.395575390379552,50.99072550857877],[14.395451727786055,50.99073416463021],[14.395327136511602,50.99072298654078],[14.395264327342355,50.990705797540734],[14.395118551671459,50.990635430561035],[14.395074350909924,50.990589990592696],[14.39439119246335,50.99011677928907],[14.394245428452555,50.989988404363835],[14.393704763054393,50.98961714595625],[14.393610096373678,50.98958522395738],[14.393548443655284,50.989579857621386],[14.393485487884407,50.989598876615894],[14.393211871228353,50.98974310370817],[14.39296682875553,50.98985524704718],[14.392828438185855,50.98993919965459],[14.392591489258386,50.99007482173198],[14.392364468044464,50.990165667250274],[14.391547730794747,50.99035969900717],[14.391402272801153,50.990407557025506],[14.391211979040676,50.99045269107249],[14.391166101790091,50.99048499163296],[14.39110719465478,50.990586115721904],[14.391068697584139,50.99060898701878],[14.390892767908554,50.990696928587404],[14.390569560752912,50.990895630729845],[14.390429612197137,50.99094260640981],[14.39027210154016,50.99096600383982],[14.389844116972244,50.990948157335545],[14.389712006913564,50.990958612643006],[14.38934690558467,50.99102094336963],[14.388785791296678,50.99115802124655],[14.38858858356902,50.99121008975025],[14.38826574976112,50.99133829841637],[14.38803490851219,50.99141307041996],[14.38787259319925,50.991485979143036],[14.387585446196697,50.99159995424653],[14.387078483805512,50.991793352470886],[14.386555218019568,50.99195411525789]]},"properties":{"OBJECTID":6629,"fid_zbg":"4076168055619584","jmeno":null,"typtoku_p":"povrchový nesplavný","vydattok_p":"stálý","idvt":"10227185"}},{"type":"Feature","id":9947,"geometry":{"type":"LineString","coordinates":[[14.409511774699956,51.00523444421206],[14.409512704970197,51.00525344281026],[14.40950609755868,51.005276404885],[14.409492941077435,51.00533787662644],[14.409467182628214,51.00541597370636],[14.409439106134345,51.00560511686065],[14.409442888787877,51.00566369590747],[14.409452815748308,51.00568779495091],[14.409677564342829,51.00608131949644],[14.409708379826844,51.00618525412551],[14.409869471434083,51.006384161131066],[14.409908049285502,51.00644857537007],[14.409894332091337,51.00650418243471],[14.409847266552237,51.00657948504592],[14.409793355776658,51.00664793246501],[14.409730845444102,51.00674194531813],[14.409531293025003,51.00685698939575],[14.40942481795125,51.00698111698217],[14.409379024467578,51.00711713946247]]},"properties":{"OBJECTID":9947,"fid_zbg":"3237495","jmeno":null,"typtoku_p":"povrchový nesplavný","vydattok_p":"stálý","idvt":"10236518"}},{"type":"Feature","id":10470,"geometry":{"type":"LineString","coordinates":[[14.46709255079767,51.0250975390334],[14.467173265906153,51.0253161617519],[14.467202186792207,51.02536583401948],[14.467198328192712,51.02539752567301],[14.467169637299861,51.02543360535917],[14.467103380950926,51.025463810818685],[14.467001927750415,51.025511026948514],[14.466913704186267,51.02558079559125],[14.466860826068373,51.02563220552983],[14.466629012471401,51.02575045088477],[14.466510253541294,51.025781294106785],[14.466389682562182,51.025784038416916],[14.466241827493597,51.025768006119975],[14.466103966731902,51.02572979321121],[14.46597205559924,51.025691277352955],[14.46589441916646,51.02566860661819],[14.465772006529964,51.02564869219188],[14.465634993609246,51.025647657198434],[14.465521390529405,51.0256911921509],[14.465445982463107,51.02573240042566],[14.465372516143,51.02579183003284],[14.465238344982914,51.025902265319694],[14.465186130832066,51.02594066805258],[14.465111217747271,51.025965679654135],[14.46501953651329,51.02597781222728],[14.464814152859725,51.02600186294954],[14.464590667010238,51.025962731538634],[14.464448329008109,51.02595043944358],[14.464387397232779,51.02595279808278],[14.464311974123385,51.02596624344537],[14.464263097663851,51.025975358626326],[14.464204318591092,51.02597509069299],[14.464123531248912,51.02595758998789],[14.464033635139067,51.02594030051015],[14.46394318361318,51.02593888476062],[14.463857433195301,51.025938410211076],[14.463767052602766,51.025935939000625],[14.463686431563252,51.02593979931563],[14.463582585673322,51.025935275943574],[14.463497439794903,51.02593917173156],[14.463434136631532,51.02594450035805]]},"properties":{"OBJECTID":10470,"fid_zbg":"3237170","jmeno":null,"typtoku_p":"povrchový nesplavný","vydattok_p":"stálý","idvt":"10222406"}},{"type":"Feature","id":10733,"geometry":{"type":"LineString","coordinates":[[14.412074091433675,50.975277786438006],[14.411800869569033,50.97524596503354],[14.411661399225991,50.97521027968301],[14.411585537655908,50.975180394902644],[14.411484085720144,50.975129395116916],[14.411277179458265,50.97498037392604],[14.411225284490524,50.97492718468408],[14.411207893936337,50.97487716687954],[14.411202615736018,50.974834807273275],[14.411326789834913,50.974636014466746],[14.411278833203024,50.97452904485874]]},"properties":{"OBJECTID":10733,"fid_zbg":"3237295","jmeno":null,"typtoku_p":"podzemní","vydattok_p":"stálý","idvt":"10231865"}},{"type":"Feature","id":11598,"geometry":{"type":"LineString","coordinates":[[14.384733418354974,50.984328455686224],[14.384479343277508,50.984499472409524],[14.384301626761628,50.984577085110615]]},"properties":{"OBJECTID":11598,"fid_zbg":"3272547","jmeno":"Vilémovský potok (Poustevenský potok)","typtoku_p":"povrchový nesplavný","vydattok_p":"stálý","idvt":"10100689"}},{"type":"Feature","id":12287,"geometry":{"type":"LineString","coordinates":[[14.48972550136442,50.98579552560513],[14.489703869656926,50.98577460940602],[14.489667090436216,50.98573270102878],[14.48963702993381,50.98569826661632],[14.489568640983391,50.98568420523572],[14.489511500788765,50.985706494336185],[14.489440697619903,50.98578593802858],[14.48936561903078,50.985806771089656],[14.48909470344784,50.98580672637404],[14.489028366997754,50.98580908047502],[14.488934649206342,50.98584962520436],[14.488875942635447,50.98589110226435],[14.488754207647329,50.98605378912675],[14.488587460241417,50.98620198033125],[14.488510475434403,50.98622364648495],[14.488368610836934,50.98622765221356],[14.488295398935676,50.98627704094511],[14.488240549106601,50.986278117187524],[14.488172373354233,50.98625908384037],[14.488134797934135,50.986269995874935],[14.488018036041534,50.98640172207305],[14.487921933531497,50.98649776248812],[14.487833780438514,50.98660156452238],[14.487794190891924,50.98664369184605],[14.487726106440432,50.986698602807536],[14.487558237972266,50.98675234770103],[14.487418228286064,50.98681085360888],[14.487326282885945,50.986822610557155],[14.487235335442286,50.98682510935185],[14.487127539406998,50.98681182129259],[14.487091113878677,50.98681675398761],[14.487073041487909,50.98682853123027],[14.487057873676052,50.986857432873926],[14.48703389058441,50.986953614224596],[14.486956746414872,50.98699858081932],[14.486866522703394,50.98701765281215],[14.486774818836178,50.98704820924566],[14.486685074618642,50.98710025382443],[14.486595111887901,50.9871380364659],[14.486479922107733,50.987151462281005],[14.486401059254202,50.987149922419746],[14.486257024555298,50.98713618439046],[14.485905319367033,50.987108934523214],[14.485645973977247,50.98705009594322],[14.485554580922186,50.98704402736147],[14.485391377433968,50.98708483601245],[14.485329157728266,50.987098701898844],[14.485239655203703,50.98708190971947],[14.485190552600635,50.98707967012613],[14.485073301937952,50.98710938255987],[14.48503580426136,50.98714316194888],[14.485035246771675,50.98718065391023],[14.485119319167932,50.98734068779997],[14.48509239754839,50.987381648246874],[14.485077568981906,50.98740074494248],[14.485036692105664,50.98744043813293],[14.484953207118462,50.98748812264328],[14.484802987278343,50.987520071375656],[14.484644851625179,50.98755405872043],[14.483995427072394,50.98764469559134]]},"properties":{"OBJECTID":12287,"fid_zbg":"3239324","jmeno":"Lesní potok","typtoku_p":"povrchový nesplavný","vydattok_p":"stálý","idvt":"10283941"}},{"type":"Feature","id":12941,"geometry":{"type":"LineString","coordinates":[[14.417063705323562,50.997818780709046],[14.417385998022564,50.99771306035346]]},"properties":{"OBJECTID":12941,"fid_zbg":"3237708","jmeno":null,"typtoku_p":"povrchový nesplavný","vydattok_p":"stálý","idvt":"10229454"}},{"type":"Feature","id":13357,"geometry":{"type":"LineString","coordinates":[[14.461489422040033,50.97907674195176],[14.461453243204039,50.97909511507079],[14.461347340272065,50.97924472513551],[14.461294959590742,50.97931921661291],[14.461278042859952,50.979385252899874],[14.461280612937594,50.97940652329785],[14.461309846774805,50.979441349391436],[14.461343660530977,50.97948156139369],[14.461349732189307,50.979529081867646],[14.461351019068514,50.97961719614315]]},"properties":{"OBJECTID":13357,"fid_zbg":"3777620550352896","jmeno":null,"typtoku_p":"povrchový nesplavný","vydattok_p":"občasný","idvt":"11001285"}},{"type":"Feature","id":13485,"geometry":{"type":"LineString","coordinates":[[14.452198568851673,51.03133025263956],[14.452017495869775,51.03126423702176],[14.451923642255192,51.03123335103229]]},"properties":{"OBJECTID":13485,"fid_zbg":"1901791637669242","jmeno":null,"typtoku_p":"podzemní","vydattok_p":"stálý","idvt":"10227157"}},{"type":"Feature","id":14849,"geometry":{"type":"LineString","coordinates":[[14.483789221158709,51.00043200931764],[14.483789672668715,51.00046643111299],[14.48377070250837,51.00051750335459],[14.483774522873906,51.000534779317924],[14.483811668588087,51.00056467266701],[14.483840847490894,51.00059716298612],[14.483877037544115,51.000646469596624],[14.483851457033442,51.000660157615286],[14.483841387416756,51.000705583565406],[14.48377833329618,51.000840035762444],[14.483730418484173,51.00090107666976]]},"properties":{"OBJECTID":14849,"fid_zbg":"3335542","jmeno":null,"typtoku_p":"povrchový nesplavný","vydattok_p":"stálý","idvt":"10224782"}},{"type":"Feature","id":15352,"geometry":{"type":"LineString","coordinates":[[14.436451579163567,51.00564589906637],[14.436652883829613,51.00546950870816],[14.436855939427836,51.00527528754553]]},"properties":{"OBJECTID":15352,"fid_zbg":"4130792221442048","jmeno":null,"typtoku_p":"podzemní","vydattok_p":"stálý","idvt":null}},{"type":"Feature","id":15418,"geometry":{"type":"LineString","coordinates":[[14.389837337671278,51.0017082025225],[14.389846138028732,51.00165479896845],[14.38986570839204,51.001462689640285],[14.38987604633201,51.001190473012876],[14.389904839554191,51.001053190974616]]},"properties":{"OBJECTID":15418,"fid_zbg":"3238132","jmeno":null,"typtoku_p":"povrchový nesplavný","vydattok_p":"stálý","idvt":"10231847"}},{"type":"Feature","id":15788,"geometry":{"type":"LineString","coordinates":[[14.49261419081375,51.01129123090852],[14.492539616876956,51.01127500912965],[14.492480197192668,51.01126178921642],[14.49243077532019,51.01125054638574],[14.492388194172781,51.01123248118593],[14.492349165571298,51.01121215469358],[14.492295173995808,51.01116595457077],[14.492170054915556,51.011103557116805],[14.492073756046977,51.01103756427597],[14.49188230826458,51.01094477684378],[14.491843738410818,51.01093628301423],[14.491774348127151,51.01092667609357],[14.49174177149437,51.01091906143721],[14.491715265809697,51.010909974009614],[14.491545279807674,51.01085024197953],[14.49131368198532,51.01079944409865],[14.491239440617974,51.01079032605917],[14.491200557626746,51.010778629880974],[14.491144103365997,51.010752447056845],[14.490973277173941,51.01069527252313],[14.490301555782885,51.010483427211945],[14.490146842535351,51.01045365774266],[14.49003402383042,51.0104233341169],[14.489970184499382,51.01037261902668],[14.489894775092301,51.01035395561705],[14.489765811371878,51.010353502052396],[14.489692668266272,51.01036043497184],[14.489640117647872,51.01035322127047],[14.489526833326195,51.01030439576694],[14.489481675274988,51.01029837241792],[14.489436104920925,51.01026529754079],[14.489320844746501,51.0102422016786],[14.489279930413673,51.01024447275385],[14.489140448031826,51.010243320672785],[14.489031166535904,51.01022230009863],[14.488989448418996,51.01021878653156],[14.488951720656292,51.01022633070421],[14.488912755523058,51.01023095595242],[14.488860523698383,51.010226454626],[14.48881389457925,51.01021998671577],[14.488765966375835,51.01020424424569],[14.48872264122339,51.01019978468958],[14.488681906473449,51.01020062860742],[14.488588780270291,51.01019505221026],[14.488410266403402,51.01019126116984],[14.488176741913076,51.01018730095275],[14.488115962266393,51.01018442127251],[14.488037464385904,51.01016840247297],[14.487911963646278,51.01013436183272],[14.487785355149985,51.01006294012572],[14.487688655249963,51.009999829519586],[14.487600118531846,51.009938202587854],[14.487491918447413,51.00988868815008],[14.487387811604219,51.00987272952359],[14.487175762641517,51.009855069000935],[14.485801198406826,51.009797506841466]]},"properties":{"OBJECTID":15788,"fid_zbg":"3356287","jmeno":null,"typtoku_p":"povrchový nesplavný","vydattok_p":"stálý","idvt":"10231840"}},{"type":"Feature","id":15807,"geometry":{"type":"LineString","coordinates":[[14.461048710510408,51.01045894462124],[14.46098023923158,51.01050445854215],[14.460951282012479,51.01052370249763],[14.460929298537975,51.010537189399464],[14.460789158208417,51.01062320499044],[14.460445127889729,51.010864954353785],[14.460249764942585,51.01095857163564],[14.460082915501326,51.011015650882044],[14.459920577920226,51.01106128951073],[14.4596897656983,51.011095430236196],[14.459430863608922,51.01110230253031],[14.45906790057834,51.01109042702225],[14.458845961295406,51.01111675062522],[14.458641360812793,51.0111699117555],[14.458552483826617,51.01121162851419],[14.458487147577893,51.011262819430996],[14.458442316929899,51.01131587354722],[14.4583475149153,51.011444191152826],[14.458198140144908,51.01168153200994],[14.458125428458494,51.01177925265506],[14.457969774036153,51.0118815613447],[14.457473513479515,51.0121259127087],[14.457022591051263,51.01238675628096],[14.456799887357912,51.01254869766295],[14.45659740119927,51.01273758979655],[14.456372733817242,51.01296270451404],[14.456095309619952,51.01316134792793],[14.455799560527607,51.01332590003106],[14.455681618611292,51.013406699381385],[14.455659811995867,51.01343319256074],[14.455623952921455,51.01350026746247],[14.455603997681585,51.013538560637215],[14.455596115796048,51.01356821738523],[14.455594655858812,51.01359069058841],[14.455595229309463,51.013665497009704],[14.455622144931848,51.013729607377414],[14.455664174529053,51.01376916804004],[14.455700385519929,51.01378917351135],[14.455757241029232,51.013803524460506],[14.455858740987503,51.01381508512396]]},"properties":{"OBJECTID":15807,"fid_zbg":"3314480","jmeno":"Rožanský potok","typtoku_p":"povrchový nesplavný","vydattok_p":"stálý","idvt":"10101135"}},{"type":"Feature","id":15991,"geometry":{"type":"LineString","coordinates":[[14.450819989203314,51.02668523205777],[14.450786683045655,51.02672129998102],[14.450763640724706,51.026757139555045],[14.450737107845935,51.02679712278598],[14.450695468511226,51.026849680540884],[14.450629545983803,51.02692327315471],[14.450575159501176,51.02696366015574],[14.450479985354077,51.02702555994593],[14.450412211589239,51.02707921441962],[14.450311179545661,51.027175990159414],[14.450195736550858,51.027320510934295],[14.450167322818944,51.02746176165241],[14.450177687141458,51.027582142360714],[14.450182127595303,51.027680146122144],[14.45017742025532,51.027837418526154],[14.450187371498496,51.027954406667625],[14.450169571122263,51.02811499230561],[14.450100051026512,51.028285167656016],[14.450017508156408,51.02839958241028],[14.449989464769907,51.028552223879],[14.44997499273542,51.02876299592251],[14.449976572102603,51.02884306093532],[14.449989656594168,51.02891123797993],[14.450019216579845,51.0289982589084],[14.45004683621405,51.02904392303209],[14.450080110933303,51.029090575161554],[14.450163380166726,51.029153834712716],[14.45033848149235,51.029232048326946]]},"properties":{"OBJECTID":15991,"fid_zbg":"3237426","jmeno":null,"typtoku_p":"povrchový nesplavný","vydattok_p":"stálý","idvt":"10227161"}},{"type":"Feature","id":18455,"geometry":{"type":"LineString","coordinates":[[14.4557044524242,51.01675711479482],[14.455756649382236,51.01680377778679],[14.455786131520158,51.01686263905414],[14.455806901482832,51.01691856974765]]},"properties":{"OBJECTID":18455,"fid_zbg":"4157770152542208","jmeno":null,"typtoku_p":"podzemní","vydattok_p":"stálý","idvt":"10222413"}},{"type":"Feature","id":18937,"geometry":{"type":"LineString","coordinates":[[14.401697445465315,50.991109291708625],[14.401536525128073,50.991013363126],[14.401442468932942,50.99091145399581],[14.40130598989991,50.99083198676849],[14.401194218677004,50.99079277689362],[14.401081057257574,50.99078429583378]]},"properties":{"OBJECTID":18937,"fid_zbg":"3238059","jmeno":null,"typtoku_p":"povrchový nesplavný","vydattok_p":"stálý","idvt":"10229460"}},{"type":"Feature","id":19225,"geometry":{"type":"LineString","coordinates":[[14.456243979587502,51.01443152075558],[14.456263199669012,51.014455790840756],[14.456259225912476,51.0144828187824],[14.456237714960153,51.014500337793564],[14.45606295840554,51.01457055564884],[14.456036692776586,51.0145873188215]]},"properties":{"OBJECTID":19225,"fid_zbg":"3237411","jmeno":"Rožanský potok","typtoku_p":"povrchový nesplavný","vydattok_p":"stálý","idvt":"10101135"}},{"type":"Feature","id":20108,"geometry":{"type":"LineString","coordinates":[[14.405800977039828,51.007392212414466],[14.405199603667159,51.007326703930836],[14.40433280244962,51.007206275730375],[14.403849025305108,51.00713374127749],[14.403763332729856,51.00713364243952],[14.40374483771664,51.00714655226626],[14.403725716369538,51.00718472235582],[14.403707416024059,51.007217156847645],[14.403794081466632,51.00729183263581],[14.403785500168672,51.007325202633034],[14.403715318462202,51.007368008006026],[14.403611347041817,51.00741077984379],[14.403488903379742,51.00745970372514],[14.403430376683245,51.007503204460015],[14.403322411563064,51.00764625270044]]},"properties":{"OBJECTID":20108,"fid_zbg":"3237621","jmeno":null,"typtoku_p":"povrchový nesplavný","vydattok_p":"stálý","idvt":"10231842"}},{"type":"Feature","id":20686,"geometry":{"type":"LineString","coordinates":[[14.498078173387519,51.027504634237495],[14.49792761145863,51.02760955255562],[14.49772559762396,51.027780583348495],[14.497508413681972,51.02788345024923],[14.497366714889662,51.02791271142466],[14.497301015917502,51.02793245715978],[14.497252684101916,51.02796966379487],[14.497251483956772,51.028033696999735],[14.497286414442156,51.02811689685844],[14.497269136538735,51.028167480925326],[14.497216533543051,51.028215115188566],[14.497137847452962,51.0282363738144],[14.496938235919957,51.02827797667942],[14.496832580047395,51.028276956073384],[14.496736702083625,51.02826997328615],[14.496693196989813,51.02827557230272],[14.496660247605782,51.028300858228576],[14.496669942630419,51.0283537640217],[14.496657162188894,51.028412808958215],[14.496619838951508,51.02844833222439],[14.496510046907051,51.02848569128985],[14.496439981403034,51.02850633081575],[14.496380056679673,51.02853528197354],[14.496314523448648,51.02858416155301],[14.496186810192823,51.02869899184873]]},"properties":{"OBJECTID":20686,"fid_zbg":"3237159","jmeno":null,"typtoku_p":"povrchový nesplavný","vydattok_p":"stálý","idvt":"10284014"}},{"type":"Feature","id":21316,"geometry":{"type":"LineString","coordinates":[[14.48128657335132,50.98466896628827],[14.481280793023029,50.984711115429754],[14.481242915880856,50.98474531458738],[14.481205458557527,50.9847623129678],[14.481124516679273,50.984793612265136]]},"properties":{"OBJECTID":21316,"fid_zbg":"3239260","jmeno":null,"typtoku_p":"povrchový nesplavný","vydattok_p":"stálý","idvt":"10234266"}},{"type":"Feature","id":21645,"geometry":{"type":"LineString","coordinates":[[14.508462852638367,51.043228659987456],[14.508374519551372,51.04320115636297],[14.50807003109502,51.04309251805148],[14.507703054820075,51.04298851354952],[14.507336180154697,51.04290613364178],[14.507014822953744,51.0428602677877],[14.506810646293795,51.042848304660374],[14.506573984305918,51.04285054845841],[14.506355895999453,51.042862652540364],[14.50614749795239,51.042891291905114],[14.505966925147034,51.04293305451764],[14.505724400501117,51.04299638766011],[14.505413833471064,51.043111437899455],[14.50508262559415,51.04326455461208],[14.504836008122616,51.0434137039421],[14.504433881801363,51.04369592268003],[14.504328022081264,51.04374703708699],[14.504212583310975,51.043782033327815],[14.504156971063203,51.04379251892616],[14.504151026003816,51.04379405790452],[14.503923358209168,51.04379427618644],[14.50373156801755,51.043801461591364],[14.503517133137363,51.043840744730915],[14.503308951516312,51.0439142385145],[14.503138866824376,51.04399468192053],[14.502770446399722,51.04424674729983],[14.502234407864272,51.044624343022335],[14.501890076110165,51.04486891667444],[14.501620376328063,51.04510055861719],[14.501407587333448,51.04536245856613],[14.501357124146134,51.04548238898288],[14.501295236458326,51.04568735276373],[14.501285910544565,51.04581102975284],[14.50125402511326,51.045939270814806],[14.501212772487403,51.046021893085644],[14.501190156974946,51.04606321910722],[14.501137985028382,51.04613538627167],[14.501086328542696,51.04619054334429],[14.501000910560665,51.04626338906357],[14.500869646430617,51.04634127251264],[14.500728372239468,51.04640223836444],[14.500634474791019,51.04643580072084],[14.500424107832627,51.046494180216044],[14.50016532657452,51.046548848797904]]},"properties":{"OBJECTID":21645,"fid_zbg":"3335513","jmeno":"Spréva","typtoku_p":"povrchový nesplavný","vydattok_p":"stálý","idvt":"10100441"}},{"type":"Feature","id":22664,"geometry":{"type":"LineString","coordinates":[[14.388273910038466,51.004734938059165],[14.388404979885067,51.00453299069169],[14.388447175077102,51.004422245295714],[14.388475227911458,51.00438340235068],[14.388564833955193,51.00430246276172],[14.388735828120259,51.00417815884476],[14.388932971281195,51.00400858520147],[14.388985653543228,51.0039472059349],[14.389028603461092,51.00387772051915],[14.389075853612525,51.003752661356486],[14.389085311100924,51.003676331460156],[14.389089435332945,51.003603674872984],[14.389096694633269,51.003455190546276],[14.389096967319734,51.0033717367555],[14.389077549592043,51.00331124916924],[14.3890091780214,51.003235248651585],[14.388639128375639,51.0029256522692],[14.388569430712396,51.00283401996985],[14.388554149945914,51.00277697740101],[14.38857921056323,51.00258017384893],[14.388602737724787,51.0024574593085],[14.388637116822581,51.00239757186305],[14.388735567359156,51.00229063514944],[14.388818593806032,51.00222463883873],[14.388914606370019,51.00218145904742],[14.38909484979001,51.002130168597766],[14.389421538206271,51.002041939112914],[14.389579170589307,51.001987246035924],[14.38963678224619,51.00196249964522],[14.389675932094514,51.001928796474864],[14.38978855101316,51.00179946477979],[14.389813106894417,51.00175917402797],[14.389837337671278,51.0017082025225]]},"properties":{"OBJECTID":22664,"fid_zbg":"3349423","jmeno":null,"typtoku_p":"povrchový nesplavný","vydattok_p":"stálý","idvt":"10231847"}},{"type":"Feature","id":22989,"geometry":{"type":"LineString","coordinates":[[14.40325990734233,50.981326507244155],[14.403195788461778,50.981362124162125],[14.403113343337788,50.98144614204002],[14.402894339525188,50.981506486956704],[14.402678326491891,50.98163214860858],[14.402279846237537,50.981755458282414],[14.402126320889117,50.98179699895408],[14.401944557080023,50.98182764478173],[14.401721920604732,50.98183613429295],[14.401615889360482,50.98186356794453],[14.401531439459218,50.981913294238495],[14.40147638918827,50.981944890304746],[14.40141231317861,50.982011904538844],[14.401385954164166,50.98208392368796],[14.401286247731054,50.982173244272325],[14.401178887140361,50.98222388092407],[14.400924994198586,50.98229474355227],[14.400539710645974,50.982452822770554],[14.400507098267793,50.982467624577225],[14.400443196755614,50.982482081608154],[14.400377984025878,50.982486479945855],[14.40027160555509,50.982487841342206],[14.400162950195728,50.98248646396744],[14.400108109089494,50.98249866036383],[14.400065362178855,50.98252261569996],[14.400024568608243,50.98259292526962],[14.399939265239793,50.982647203937546],[14.399864146329222,50.982684067287714],[14.399750180205672,50.98278475855234],[14.399686967462904,50.982836939431536],[14.399658107110271,50.98294258514404],[14.399602444743916,50.98297321994084],[14.39946405694128,50.982994116737686],[14.39934728991415,50.98307596328684],[14.399180918631098,50.98313416724605],[14.399060781175834,50.98314520976624]]},"properties":{"OBJECTID":22989,"fid_zbg":"3335511","jmeno":null,"typtoku_p":"povrchový nesplavný","vydattok_p":"stálý","idvt":"10236545"}},{"type":"Feature","id":23804,"geometry":{"type":"LineString","coordinates":[[14.422547407054711,51.005592031210284],[14.42291907622273,51.00556067464854],[14.42430563842013,51.005469649595256],[14.42463619697153,51.00545700499449],[14.424725363197382,51.00546786056468],[14.424841970999392,51.00548958869879],[14.424935991725231,51.00551162576544],[14.42522798705295,51.00558059410026],[14.425285829557227,51.005606841988346],[14.425337762688917,51.00565499666245]]},"properties":{"OBJECTID":23804,"fid_zbg":"3237491","jmeno":null,"typtoku_p":"povrchový nesplavný","vydattok_p":"stálý","idvt":"10236525"}},{"type":"Feature","id":23994,"geometry":{"type":"LineString","coordinates":[[14.425337762688917,51.00565499666245],[14.425528192371319,51.005614526127914],[14.42563131738053,51.0056058689607],[14.42578469116262,51.00560683223848],[14.426500675736008,51.0056247434995]]},"properties":{"OBJECTID":23994,"fid_zbg":"3237490","jmeno":null,"typtoku_p":"povrchový nesplavný","vydattok_p":"stálý","idvt":"10229443"}},{"type":"Feature","id":24074,"geometry":{"type":"LineString","coordinates":[[14.39997700374494,51.0146197324406],[14.400053670042446,51.01454705059645],[14.400117870499836,51.01448494432065],[14.400172178842167,51.01441544519941],[14.400299360684189,51.014364621126774],[14.40045696219211,51.014279240484605],[14.400596173693536,51.01421812018224],[14.40077007309211,51.014147675379775],[14.40080705872305,51.014112691574226],[14.400834643625776,51.014068724499744],[14.400923651481504,51.013981282064535],[14.401044120712594,51.01393813062239],[14.40133679532291,51.01383491148865],[14.401463857233683,51.013758942712826],[14.40161988421679,51.01363531581011],[14.401735701043968,51.01353378049353],[14.401914207325888,51.0133579392468],[14.402022897631744,51.013213956037994],[14.402070420131318,51.013048414646875],[14.402150709082727,51.01277303004144],[14.40216108359183,51.01267285440542],[14.40220933824989,51.01258758529166],[14.402307088139011,51.01248248316876],[14.402528100676458,51.012380019641135],[14.402764012712558,51.01230679677822],[14.403151923382165,51.0122185662664],[14.403223504856703,51.01217597300659],[14.403286332586623,51.01206347990971],[14.403367932231388,51.0119091569375],[14.403340375813809,51.01169616927553],[14.403307510737216,51.01164776458798],[14.403290023518174,51.01158953620389],[14.403306423762995,51.01156120099368],[14.403399547597791,51.011465404762774],[14.403492321488223,51.011353427497575],[14.40362015343567,51.011205390998235],[14.40371097749685,51.011162927544824],[14.403811978498183,51.011158821467696],[14.404326332837387,51.011229835765896],[14.404470628688562,51.01121452067413],[14.404618573544646,51.01115878323537],[14.404705597124876,51.01108695415347],[14.404895342177566,51.010793679739585],[14.404980935583026,51.010658575851686],[14.405048297589222,51.010544389479925],[14.405087171272559,51.01032156943102],[14.40506096635734,51.010231462312184],[14.405065546559985,51.010145935856976],[14.405224074486249,51.00999230909906],[14.405291198655737,51.00986866576161],[14.405368334613788,51.00959509366111],[14.405330455726812,51.009392460845085],[14.405364966132497,51.009168535755364],[14.40563604438915,51.00895918003911],[14.405938115728507,51.00841069769103]]},"properties":{"OBJECTID":24074,"fid_zbg":"3237193","jmeno":null,"typtoku_p":"povrchový nesplavný","vydattok_p":"stálý","idvt":"10222405"}},{"type":"Feature","id":24542,"geometry":{"type":"LineString","coordinates":[[14.453723763216123,50.98849809263589],[14.453745217724215,50.98853233806504],[14.453751187091672,50.98855118115463],[14.453777881318604,50.988671162081665],[14.453747140830027,50.98874915740591],[14.453741367987645,50.988806177996224],[14.453744662419524,50.988836674697374],[14.453749678421817,50.98896711859971],[14.453752346085848,50.98901307515634],[14.453750978995233,50.98908773296795],[14.453756213288312,50.98909871003697],[14.45376312676626,50.98916198150722],[14.453761736847381,50.989337007134274],[14.453805108266408,50.989524615287046]]},"properties":{"OBJECTID":24542,"fid_zbg":"3238003","jmeno":null,"typtoku_p":"povrchový nesplavný","vydattok_p":"stálý","idvt":"10229470"}},{"type":"Feature","id":24632,"geometry":{"type":"LineString","coordinates":[[14.377351098871456,51.020478447147056],[14.376275148466114,51.019892569625895],[14.37621653619613,51.019867228123864],[14.376105891148633,51.01982328848646],[14.375966069961182,51.01977199740088],[14.375926864278338,51.019768399801315],[14.375861187948312,51.0197746546008],[14.375811456945774,51.01977313420542]]},"properties":{"OBJECTID":24632,"fid_zbg":"3237610","jmeno":"Solandský potok","typtoku_p":"povrchový nesplavný","vydattok_p":"stálý","idvt":"10231827"}},{"type":"Feature","id":25595,"geometry":{"type":"LineString","coordinates":[[14.451923642255192,51.03123335103229],[14.451876180401905,51.03123922730331]]},"properties":{"OBJECTID":25595,"fid_zbg":"3237423","jmeno":null,"typtoku_p":"povrchový nesplavný","vydattok_p":"stálý","idvt":"10227157"}},{"type":"Feature","id":25721,"geometry":{"type":"LineString","coordinates":[[14.461011073789257,50.98062741327307],[14.461021909067014,50.98064967060155],[14.46094093645346,50.980784380298154],[14.460862394320223,50.98093172945052]]},"properties":{"OBJECTID":25721,"fid_zbg":"4058804291371008","jmeno":null,"typtoku_p":"povrchový nesplavný","vydattok_p":"občasný","idvt":"11001286"}},{"type":"Feature","id":26146,"geometry":{"type":"LineString","coordinates":[[14.416133884809303,50.99068158810037],[14.416102962354799,50.99087682588051],[14.416059566157525,50.990945769935585]]},"properties":{"OBJECTID":26146,"fid_zbg":"3237702","jmeno":null,"typtoku_p":"povrchový nesplavný","vydattok_p":"stálý","idvt":"10227186"}},{"type":"Feature","id":26259,"geometry":{"type":"LineString","coordinates":[[14.418982983737056,50.99774404685554],[14.41895359368036,50.99777597354837],[14.41891077775083,50.99781408402587],[14.418861999144562,50.99783997253602],[14.41885504211382,50.99785869441084],[14.418862197863625,50.99788127258747],[14.418969345879633,50.997954348852865],[14.419171042350527,50.99812202663241],[14.419262730665327,50.998152577609936],[14.419449451466352,50.9981904248209],[14.419557159730966,50.998259420753136],[14.419813664903545,50.99836716311079],[14.419913030581434,50.99846869657576],[14.419961280830153,50.99850426846277],[14.420092379164032,50.99855158587305],[14.42012990739767,50.99857335229687],[14.420169708733651,50.9986532932155],[14.420216080661966,50.998662852626],[14.420287281048651,50.998661410945516],[14.42044275816402,50.99862953964697],[14.420505579699539,50.99862827793405],[14.420634280275113,50.99864471037511],[14.420739778436628,50.99868117659664],[14.420764119508979,50.998677028696214],[14.420821834139343,50.99866891797424],[14.420868970088156,50.99865854630149],[14.42092650038012,50.99864349675566],[14.421007730775903,50.99859577221607],[14.421094447658291,50.9985771675678],[14.421203853923467,50.9986233450395],[14.421338743811045,50.99864179275033],[14.421416331173587,50.99864535050217],[14.421471068958903,50.99863367852981],[14.421565874910952,50.99858066267357],[14.4216029589912,50.99856818446462],[14.421629541681092,50.99856958405468],[14.421673452146107,50.99860297295519],[14.421775733069696,50.998652224240736],[14.421803447197286,50.998677593268326],[14.421821819375149,50.998714291383784],[14.421839175822921,50.998786658384375],[14.421875034135013,50.99882070937491],[14.42196519577296,50.99886355560755],[14.422131105190354,50.99892368117388],[14.42222486687324,50.99892691801795],[14.422250906209856,50.9989380692235],[14.422265514889453,50.99895548698282],[14.422269754965052,50.99897363815221],[14.422246085585455,50.99905387705085],[14.422211968725549,50.99911904628529],[14.422210098875022,50.99913890831293],[14.422228559460443,50.99916095188894],[14.422295795262476,50.999213068060804],[14.422358352063572,50.99924535270756],[14.422426100703769,50.999262391408706],[14.422624911046842,50.9992863568092],[14.422718679060596,50.99931305669937],[14.42279742733557,50.99933398928947],[14.422859356667985,50.99936585625541],[14.42293285760172,50.999413244142275],[14.423099301606332,50.99960751428443],[14.423249433571124,50.99979746535028]]},"properties":{"OBJECTID":26259,"fid_zbg":"3328155","jmeno":"Šluknovský potok","typtoku_p":"povrchový nesplavný","vydattok_p":"stálý","idvt":"10104877"}},{"type":"Feature","id":26826,"geometry":{"type":"LineString","coordinates":[[14.479298261846868,50.98047347019369],[14.479358083713713,50.98054621252998],[14.479370942264188,50.98067706335132],[14.47949099883128,50.980878168521926],[14.479745702025141,50.98110754305472],[14.479773789302987,50.98118753426034],[14.479777352556534,50.98138008055023],[14.479731513412549,50.98158904715145],[14.479739065798759,50.98170346370726],[14.479744527365398,50.98181824411404],[14.479765385766601,50.981879194855246]]},"properties":{"OBJECTID":26826,"fid_zbg":"3239328","jmeno":null,"typtoku_p":"povrchový nesplavný","vydattok_p":"stálý","idvt":"10234266"}},{"type":"Feature","id":27249,"geometry":{"type":"LineString","coordinates":[[14.477001335015611,50.978998126229314],[14.477085813782296,50.97903073183222],[14.477162308247745,50.979064371701035],[14.477191821780636,50.97908070969645],[14.477219768319433,50.97911084728137],[14.477299072497123,50.97915347523131],[14.47755987148539,50.979314161960346],[14.477647555809853,50.979359835619185],[14.477756568722143,50.979405899078586],[14.47784643157718,50.97941365746344]]},"properties":{"OBJECTID":27249,"fid_zbg":"3239099","jmeno":null,"typtoku_p":"povrchový nesplavný","vydattok_p":"stálý","idvt":"10220091"}},{"type":"Feature","id":29013,"geometry":{"type":"LineString","coordinates":[[14.454780536931557,51.02466368470459],[14.454677267245676,51.0247068875434],[14.45411060434878,51.02496508334555],[14.453947831196876,51.02505595208629],[14.453895171622186,51.02509258834594],[14.453837307918876,51.02513284819551],[14.453712450143703,51.025199976901156],[14.453506625826835,51.025331977308085],[14.453332945295836,51.02546123136892],[14.453087690520654,51.02570247455237],[14.452969039485437,51.02578636988134],[14.452375426896577,51.02608914284489],[14.451928492756656,51.02633365884703]]},"properties":{"OBJECTID":29013,"fid_zbg":"3237347","jmeno":"Rožanský potok","typtoku_p":"povrchový nesplavný","vydattok_p":"stálý","idvt":"10101135"}},{"type":"Feature","id":29122,"geometry":{"type":"LineString","coordinates":[[14.398526345520288,51.0160805687638],[14.3985813152539,51.016038737977254],[14.398745900227665,51.01588391924204],[14.398829225279167,51.015764589655184],[14.399020503737708,51.0154928668018],[14.399215961413786,51.0153461759048],[14.399315446986954,51.01524240569648],[14.399537269975626,51.015006637403545],[14.39958623759093,51.01498068015918],[14.399649497059503,51.01496041138733],[14.399679822030274,51.014934194354545],[14.399711238239217,51.01479764878848],[14.399745991498184,51.01476564682006],[14.399878421598734,51.01471319247031],[14.39997700374494,51.0146197324406]]},"properties":{"OBJECTID":29122,"fid_zbg":"3237185","jmeno":null,"typtoku_p":"povrchový nesplavný","vydattok_p":"stálý","idvt":"10222405"}},{"type":"Feature","id":30100,"geometry":{"type":"LineString","coordinates":[[14.415268048359287,50.994535135469114],[14.4155808692017,50.994577082129574],[14.415778484983633,50.99462265151018],[14.415999904259262,50.99463316908907],[14.416326791598218,50.994692766730545]]},"properties":{"OBJECTID":30100,"fid_zbg":"3237783","jmeno":null,"typtoku_p":"povrchový nesplavný","vydattok_p":"občasný","idvt":"10227181"}},{"type":"Feature","id":30316,"geometry":{"type":"LineString","coordinates":[[14.491159403275732,51.04359695273527],[14.490802345135727,51.04355859122615],[14.490765442568877,51.04355423467751]]},"properties":{"OBJECTID":30316,"fid_zbg":"3237236","jmeno":"Spréva","typtoku_p":"povrchový nesplavný","vydattok_p":"stálý","idvt":"10100441"}},{"type":"Feature","id":30458,"geometry":{"type":"LineString","coordinates":[[14.383424238883416,51.01912661198444],[14.38324938708968,51.01915648366504],[14.383089229346925,51.019155105401694]]},"properties":{"OBJECTID":30458,"fid_zbg":"3237303","jmeno":null,"typtoku_p":"povrchový nesplavný","vydattok_p":"stálý","idvt":"10231825"}},{"type":"Feature","id":30477,"geometry":{"type":"LineString","coordinates":[[14.39494618323742,50.97963297011624],[14.394766010156644,50.979603040419676],[14.39468518351158,50.97959786445677],[14.394537045253873,50.97960361503167],[14.394494432015195,50.9795908317726],[14.394404881609278,50.97954347497569],[14.394247123341934,50.979437916005025]]},"properties":{"OBJECTID":30477,"fid_zbg":"3237792","jmeno":null,"typtoku_p":"povrchový nesplavný","vydattok_p":"stálý","idvt":"10236546"}},{"type":"Feature","id":31323,"geometry":{"type":"LineString","coordinates":[[14.385387263906708,51.0226427846911],[14.385306770310592,51.02254449725192],[14.385265234674817,51.022504859359294],[14.38514536022297,51.02245504492699],[14.384911191799915,51.022451537574106],[14.384811479347436,51.02242135294882],[14.38465642836159,51.022300877116635],[14.384530852438367,51.02216799542867],[14.38444667135867,51.02191532463539],[14.384414630202544,51.02187142254861],[14.384347332381926,51.021806857303844],[14.384173985587697,51.02171346047971],[14.384079410336291,51.02168807763489],[14.383946550171196,51.021671973986614],[14.383660846662746,51.021665338150996],[14.38356797963252,51.021701169361414],[14.383525364882889,51.02174863462943],[14.38351348514833,51.02189559183496],[14.383478191706816,51.02191683647001],[14.383387390774852,51.02193796665972],[14.383258357554004,51.02188925805166],[14.382881386634798,51.021736300511385],[14.382433071643405,51.02159972283133],[14.38212887653356,51.021559261494716],[14.382070583507419,51.02154229898491],[14.382038053495204,51.021498997685406],[14.381986287348276,51.02139504230789],[14.381843428627636,51.02131355150573],[14.381558565756608,51.02116770222093]]},"properties":{"OBJECTID":31323,"fid_zbg":"3335567","jmeno":"Solandský potok","typtoku_p":"povrchový nesplavný","vydattok_p":"stálý","idvt":"10231827"}},{"type":"Feature","id":32148,"geometry":{"type":"LineString","coordinates":[[14.384315445524143,51.02026446339425],[14.384133576269798,51.02034807699364],[14.38384264284501,51.020427820525526],[14.383540651271657,51.020489723606815],[14.383365758942562,51.02055525191014],[14.38331341642014,51.020590310211574],[14.383271525890267,51.02061836629152],[14.38319147254331,51.020712658369675],[14.383000167030868,51.02081241672912],[14.382745854806345,51.020900972290804],[14.382273049791976,51.02099021007363],[14.382181316673362,51.02100751970015],[14.381966913198337,51.02104243002523]]},"properties":{"OBJECTID":32148,"fid_zbg":"3349472","jmeno":null,"typtoku_p":"povrchový nesplavný","vydattok_p":"občasný","idvt":"10224770"}},{"type":"Feature","id":32902,"geometry":{"type":"LineString","coordinates":[[14.477025812793205,50.99424529508603],[14.476938340583837,50.994721199293785],[14.476898988629701,50.99488817744398],[14.476766824131133,50.99527975424492],[14.476746601209058,50.995365101259196],[14.476685157649822,50.99558823428559],[14.476662717085667,50.99562013643394],[14.476506352011471,50.99570216951604],[14.476411821387234,50.99573238523463],[14.476263279233716,50.99574913881161],[14.476192615138666,50.99574485371051],[14.476083214128478,50.99573622692343],[14.47606299868139,50.995739290192965],[14.476005293936954,50.99575281636579],[14.475959450593184,50.99576600556192],[14.475892218742626,50.99577108870252],[14.475806667821248,50.995773138946014],[14.475744546134367,50.99576260540611],[14.47568157704288,50.995743380133995],[14.47559252811567,50.99574830351917],[14.47545521466911,50.995770289320085],[14.475208261042704,50.9958053091973],[14.47488167273298,50.99586747449667],[14.474712838659281,50.99589426826423],[14.474507567553166,50.995965726503876],[14.474358122227503,50.99604724776817],[14.474132568369816,50.996163848498405],[14.473817371683012,50.99634313681494],[14.473572027759289,50.996468116376896]]},"properties":{"OBJECTID":32902,"fid_zbg":"3356367","jmeno":"Lesní potok","typtoku_p":"povrchový nesplavný","vydattok_p":"stálý","idvt":"10283941"}},{"type":"Feature","id":35001,"geometry":{"type":"LineString","coordinates":[[14.43662831742003,51.00517545389036],[14.436840704883965,51.005073731036866],[14.437079836617217,51.004968645336675],[14.437129474620685,51.00495372052503],[14.43716008454696,51.0049440969479],[14.437175638941145,51.00493830422283]]},"properties":{"OBJECTID":35001,"fid_zbg":"3321801","jmeno":null,"typtoku_p":"povrchový nesplavný","vydattok_p":"stálý","idvt":"10234261"}},{"type":"Feature","id":35122,"geometry":{"type":"LineString","coordinates":[[14.418897306536032,50.997655586331724],[14.418927246039265,50.997687754665606],[14.418982983737056,50.99774404685554]]},"properties":{"OBJECTID":35122,"fid_zbg":"4074749525229568","jmeno":null,"typtoku_p":"povrchový nesplavný","vydattok_p":"stálý","idvt":"10229456"}},{"type":"Feature","id":35307,"geometry":{"type":"LineString","coordinates":[[14.439577538720833,50.9823668274764],[14.439552540267327,50.98237761714631],[14.439499328692737,50.9823900537216],[14.439440412933706,50.9824514520287],[14.439350262736184,50.98249653424685],[14.439319283476227,50.98254645391691],[14.43930072701091,50.98260401890011],[14.439403986774575,50.982772921723495],[14.439405929618593,50.98280892782591],[14.439373563051662,50.982874477751125],[14.439311812509159,50.98295419343052],[14.439248182044192,50.98302008247182],[14.439209669638121,50.98310992308464]]},"properties":{"OBJECTID":35307,"fid_zbg":"3237299","jmeno":null,"typtoku_p":"povrchový nesplavný","vydattok_p":"stálý","idvt":"10222439"}},{"type":"Feature","id":35592,"geometry":{"type":"LineString","coordinates":[[14.416074559086999,50.97591586990081],[14.415983896110653,50.975889919579515],[14.415931476620566,50.97587491318092],[14.415820649383157,50.975876989456985],[14.41570428781632,50.97589918118568],[14.415596789959165,50.97589719132779],[14.415504000583299,50.975868469984],[14.415461886425794,50.97585543840553],[14.415251390097927,50.975872354696456],[14.415151149734827,50.975935769247954],[14.415075384894145,50.97598599451669],[14.41503955373426,50.97597875304064],[14.414870927972387,50.97594863216636],[14.414688729846175,50.975896780738175],[14.4144971326471,50.97581117620644],[14.414384325096693,50.975780142939335],[14.414257164240022,50.97576682561324],[14.414127339204127,50.975797372969865],[14.414012763401342,50.97580596310733],[14.4139186213487,50.975790306412186]]},"properties":{"OBJECTID":35592,"fid_zbg":"3314926","jmeno":null,"typtoku_p":"povrchový nesplavný","vydattok_p":"stálý","idvt":"10227202"}},{"type":"Feature","id":37461,"geometry":{"type":"LineString","coordinates":[[14.393916925980385,50.96912869208393],[14.394081117214379,50.96913028638778],[14.394331736573411,50.96918423029226],[14.394449853090931,50.96918163061635],[14.394571261879198,50.96918303770428],[14.39466128305751,50.96921564726228],[14.39481895364541,50.96921748937574],[14.394960909587418,50.9692518078375],[14.395173117347358,50.96925449630578],[14.395283769612208,50.96926712482005],[14.395563533424824,50.969387663535265],[14.395826343883163,50.96945409821107],[14.396040129797884,50.96950247220986],[14.3962255398279,50.96951679910429],[14.396452210034454,50.96952183307492],[14.396867418472524,50.96955253463997],[14.397165662057004,50.96962794848634],[14.397336246336865,50.96964370507351],[14.397439152704997,50.96968378543466],[14.397546599871857,50.96975638161138],[14.397629373000315,50.96986893154421],[14.397698941834873,50.96991670772434],[14.397798612480726,50.969978391623016],[14.397875399663373,50.97004332812487],[14.397942951104396,50.97013740361703],[14.398098749150105,50.97022945134656],[14.398146178807666,50.97036369536266],[14.39838410848787,50.97068973167059],[14.398598532079284,50.970856203439915],[14.398692967464989,50.97097117359966],[14.398754181002655,50.971032812052876],[14.398893988144893,50.971133946554026],[14.399081499649357,50.97122760928098],[14.399278677045766,50.971314454730795],[14.399352233136254,50.97136985358726],[14.399417962234057,50.97144985025261],[14.399443886154183,50.97147388295123],[14.399467081917146,50.97151363866842],[14.399473341019535,50.971570612043315],[14.399471524561097,50.9716719511597],[14.399412904728274,50.97173317765374],[14.399327793290897,50.97180371284823],[14.399302017337892,50.97185003151535],[14.399293015778797,50.97192154652967],[14.399345067503546,50.972263069630806],[14.399260136640478,50.97251255180726],[14.39923795106107,50.972610884269606],[14.399271074325101,50.97264742987862],[14.399359275710562,50.972672617669744],[14.399420342785783,50.97267793201613],[14.399523134861223,50.97267907411149],[14.399736337154845,50.972693925517675],[14.399774366222015,50.972699376231375],[14.399821489114263,50.97271247791307],[14.399854358575302,50.97273399352123]]},"properties":{"OBJECTID":37461,"fid_zbg":"3348977","jmeno":null,"typtoku_p":"povrchový nesplavný","vydattok_p":"stálý","idvt":"10229483"}},{"type":"Feature","id":37740,"geometry":{"type":"LineString","coordinates":[[14.506340786866163,50.98380379240412],[14.506321567427397,50.98372312371995],[14.50624289686884,50.983656206409414],[14.506113371285876,50.983490747258685],[14.506034079199933,50.9834300356934],[14.505919187991957,50.98334784396925],[14.505740517455173,50.98327748841118],[14.505639234504185,50.983244729193615],[14.505520359921233,50.98322288363]]},"properties":{"OBJECTID":37740,"fid_zbg":"3239107","jmeno":null,"typtoku_p":"povrchový nesplavný","vydattok_p":"stálý","idvt":"10220089"}},{"type":"Feature","id":40586,"geometry":{"type":"LineString","coordinates":[[14.495197227059476,51.0343878260463],[14.495380643034723,51.034479634356984],[14.495403429549944,51.03452922187065],[14.495384289880231,51.034698030629876],[14.495407532992731,51.0347448452197],[14.495408945620975,51.0347715467312],[14.4953561050423,51.03483485435761],[14.495353579319586,51.034873100730294],[14.49538494652278,51.03490963791061],[14.495445325255508,51.03492581169743],[14.495487280479612,51.035013789247316]]},"properties":{"OBJECTID":40586,"fid_zbg":"3321733","jmeno":null,"typtoku_p":"povrchový nesplavný","vydattok_p":"stálý","idvt":"10136171"}},{"type":"Feature","id":40808,"geometry":{"type":"LineString","coordinates":[[14.383561093390998,50.992075402382895],[14.383532664367012,50.992075883620025],[14.38313722618883,50.9920804757219],[14.382908347493476,50.99207187636816],[14.382717783838448,50.9920530949939],[14.382545735618942,50.992026834624994],[14.382386437425765,50.99198974380355],[14.38206251065791,50.991887748498215],[14.381697506869948,50.991778597668336],[14.381351738804906,50.9916806311778],[14.380875034698144,50.99156217003568],[14.380662325090764,50.991509315581574],[14.380611303414907,50.99149786408308],[14.38055215871782,50.991483717468704],[14.380208208968353,50.99138534309599],[14.380064910083034,50.99134262907198],[14.379946642508186,50.99129485553043],[14.379746028423497,50.99119652265809],[14.37907972326711,50.99083674105829],[14.378691110452198,50.990650789187946],[14.378598179582161,50.99059913396081],[14.378522300219052,50.990549055747124],[14.378464306075236,50.990510935193186],[14.378426014022473,50.99048179114656],[14.378217611657849,50.99032486656697],[14.378119348587811,50.99025323716139],[14.37800527586865,50.99020227901239],[14.377937542860286,50.990180676572784],[14.377816973681151,50.99015283475021],[14.37772217919308,50.99014057838496],[14.377592980674715,50.9901416556916],[14.377422554042141,50.99015111617372],[14.377244518689922,50.99014475965511],[14.377043408203223,50.99012559315801]]},"properties":{"OBJECTID":40808,"fid_zbg":"3307575","jmeno":"Velkošenovský potok","typtoku_p":"povrchový nesplavný","vydattok_p":"stálý","idvt":"10103812"}},{"type":"Feature","id":40998,"geometry":{"type":"LineString","coordinates":[[14.45624825713234,50.989882679332545],[14.456220522412893,50.98990051197245],[14.456171381762612,50.98995343627097],[14.456142637165776,50.99001431230882],[14.456135789043142,50.990094964362385],[14.45611368482057,50.99020588725901],[14.456169477391988,50.99029874403844],[14.45622180613008,50.99033354549409],[14.456293360024457,50.99037752193131],[14.456360120375365,50.99043913798259],[14.456397626410455,50.99052631203736],[14.4564662493113,50.99058180184853]]},"properties":{"OBJECTID":40998,"fid_zbg":"3237997","jmeno":null,"typtoku_p":"povrchový nesplavný","vydattok_p":"stálý","idvt":"10236538"}},{"type":"Feature","id":42097,"geometry":{"type":"LineString","coordinates":[[14.435757203777142,51.0067417030322],[14.435747593275385,51.00671569329253],[14.435738758002959,51.00669173766541],[14.435721087133528,51.00665129330062]]},"properties":{"OBJECTID":42097,"fid_zbg":"4129029523243008","jmeno":null,"typtoku_p":"povrchový nesplavný","vydattok_p":"stálý","idvt":null}},{"type":"Feature","id":45681,"geometry":{"type":"LineString","coordinates":[[14.45544899035174,51.00589445604919],[14.45541815986111,51.00593629039605],[14.455390819993854,51.005967947895634],[14.455127635332836,51.00634260792228]]},"properties":{"OBJECTID":45681,"fid_zbg":"3237628","jmeno":null,"typtoku_p":"povrchový nesplavný","vydattok_p":"stálý","idvt":"10231849"}},{"type":"Feature","id":46183,"geometry":{"type":"LineString","coordinates":[[14.411972421507524,51.00900615626784],[14.410948933223406,51.009776121677234],[14.410878264213224,51.00977761452078]]},"properties":{"OBJECTID":46183,"fid_zbg":"4128669517742080","jmeno":null,"typtoku_p":"povrchový nesplavný","vydattok_p":"stálý","idvt":"10229440"}},{"type":"Feature","id":48395,"geometry":{"type":"LineString","coordinates":[[14.422245827020022,50.98502701165472],[14.42267683434495,50.985097440835034],[14.423245925475339,50.98521734344036],[14.423391021881983,50.98526985860582],[14.42356339205024,50.985371376490164],[14.4237857271199,50.9854896606331],[14.423927218933025,50.98559766175839],[14.423964686825965,50.985611284063715],[14.424005429270029,50.98561667089986],[14.424059781174009,50.98563236638072],[14.424107852424937,50.985657097955],[14.424182835927814,50.98572556565164],[14.42423190252452,50.98577159644583],[14.42427417220907,50.98579854637168],[14.424502736470162,50.98589392451984],[14.424612432054847,50.985918786688025],[14.424669197475785,50.98594320184307],[14.424757133153113,50.98599926507199],[14.424774550598348,50.986026144907164],[14.424793908833486,50.98604787632887],[14.424840513862687,50.9860657480591],[14.424910765574959,50.98608058178818],[14.424962048472567,50.986077637456006],[14.424998531742604,50.98608324405035],[14.425030876015214,50.98610376146092],[14.425071223472163,50.986134128091265],[14.425103312770986,50.98617112728522],[14.425117554426212,50.98620354730536],[14.425112936861598,50.98624916527812],[14.42508466687656,50.98630292892482],[14.425089003406368,50.986330470038375],[14.425112863227202,50.986369812717996],[14.425151119651941,50.98646950670412],[14.425135903265792,50.98658391342418],[14.425114170799729,50.98661505358916],[14.425067388084441,50.986640363547096],[14.425032412592788,50.98665594647554],[14.425006593564676,50.98667839385154],[14.424985759135645,50.98670349667475],[14.424964164348927,50.98675162450781],[14.42488948911231,50.98686321245189],[14.424758285478354,50.98693892853848],[14.424590342637623,50.98699008012775],[14.424509624460384,50.987028304781],[14.424502879747534,50.98721593161818],[14.424419264158328,50.98731081122624],[14.42438896761351,50.987383044144686],[14.424410640606395,50.98743354761236],[14.424399485043569,50.98758763861475],[14.424413841732575,50.98761477907625],[14.42444615795378,50.98763932257604],[14.424547930940365,50.987680908150075],[14.424576109293998,50.987705310280305],[14.424605115697847,50.9878221936154],[14.424627455932088,50.98784640666206],[14.424693947832655,50.98788366022172],[14.4248371581768,50.987968898900185],[14.42488331023382,50.9880531369734],[14.42487900688184,50.9881328153156],[14.42488458133325,50.988188726464976],[14.424889164820039,50.98825717227113],[14.424905110820415,50.98831925485244],[14.424884756477487,50.988486610766046],[14.424837364377595,50.988675337529926],[14.424865472260988,50.988770811868875],[14.424862009860997,50.98884266959026],[14.424790455434565,50.98896637792946],[14.424732625498,50.989122769828064],[14.424734548997577,50.989143768519725],[14.424757912533707,50.98917853151563],[14.424791382405077,50.98921276513555],[14.424823707432445,50.989234106365586],[14.424895213547051,50.98935011345352],[14.424926091233504,50.989374667943125],[14.425154729383458,50.98943494568901],[14.42533918182845,50.98949823921007],[14.425434020077189,50.98951393521327],[14.42550758704861,50.98956425920908],[14.425570037161517,50.98958675325411],[14.425644536558838,50.989605738042435],[14.425740086220431,50.98960556320959],[14.42577959846995,50.989618264114306],[14.42607569855774,50.989714270647035],[14.426344789209857,50.98977839119322],[14.426511762948932,50.98982016919716],[14.426582719100038,50.98984790081747],[14.426630568990932,50.989883508322954],[14.42685046307295,50.989969299266924],[14.426892966522963,50.98998219572982],[14.427074724941765,50.99001939426801],[14.427307847270649,50.99004478038342],[14.427647797487495,50.9900934599376],[14.427830113207559,50.99010915714823],[14.428347114725645,50.99012608572836],[14.428528638181342,50.99015169341433],[14.4286101726206,50.99016346542488],[14.429132720548374,50.99020767320471],[14.429537248711375,50.99024512679425],[14.429710592144424,50.990258854267765],[14.429868822240199,50.9902731307011],[14.429895648294595,50.99026810813534],[14.42997966174223,50.990220956471376],[14.430116102690267,50.99013570857603],[14.430157395839931,50.99012636981722],[14.430235191421929,50.99011827323427],[14.430310183661176,50.990123778844215]]},"properties":{"OBJECTID":48395,"fid_zbg":"3355818","jmeno":"Robotnický potok","typtoku_p":"povrchový nesplavný","vydattok_p":"stálý","idvt":"10236539"}},{"type":"Feature","id":48796,"geometry":{"type":"LineString","coordinates":[[14.481124516679273,50.984793612265136],[14.481160183595343,50.9848418148441],[14.481176215593736,50.98486348356966],[14.481195524538647,50.98489046102398],[14.481198998500068,50.98492949869577],[14.48119346252109,50.9849550579023],[14.481165990645646,50.98503079800991],[14.481163039394644,50.98504442364837],[14.481175907893315,50.98507392982949],[14.481227197020017,50.98511981535464],[14.481289239267847,50.985146579439274],[14.481359167240806,50.985178741466605],[14.481406624247208,50.98518392535659],[14.481470671376432,50.98518019864543],[14.481555899841013,50.9851928150401],[14.481606002561874,50.98521564557453],[14.481678977688473,50.98525895683951],[14.48175560381503,50.98531129230085],[14.481796416932019,50.98533985303775],[14.481825088186694,50.9854065574743],[14.481825509753559,50.98543381012339],[14.481851192391094,50.985476487780446],[14.48194051140237,50.985565118024375],[14.482032919444356,50.98565873219521],[14.482213982526506,50.98575246609362],[14.482252297748538,50.98581247264139],[14.48226919991214,50.985844594676784],[14.482334749772606,50.98593679825081],[14.482412720790155,50.9860579247773],[14.48246319575756,50.9861321348919],[14.482583398408202,50.98622152397796],[14.482711669158604,50.98632476351647],[14.482763451520501,50.9863524557851],[14.48283247581849,50.98638880257469],[14.482833544477218,50.98644359935344],[14.482855078822348,50.9865366315928],[14.482848760986641,50.98654987604419],[14.482831718789226,50.98660202159475],[14.48276127962155,50.986751067507505],[14.482740404990555,50.98683079715472],[14.482757104836123,50.9869222601297],[14.482791321184363,50.987008965582724],[14.482818175727845,50.98710988682565],[14.482959068705812,50.9874959930725],[14.482932638675821,50.98759414053771],[14.481754209297986,50.987999585123866]]},"properties":{"OBJECTID":48796,"fid_zbg":"3239329","jmeno":null,"typtoku_p":"povrchový nesplavný","vydattok_p":"stálý","idvt":"10234266"}},{"type":"Feature","id":49143,"geometry":{"type":"LineString","coordinates":[[14.495487280479612,51.035013789247316],[14.495585589682289,51.03511659614599],[14.495613276791271,51.03516016450157],[14.495731940064262,51.03525801013298],[14.495793563602458,51.035336885116436],[14.495841102820151,51.03543695474162],[14.495965840324553,51.03568219253993],[14.495996483481383,51.03571676209226],[14.496038351908165,51.035856984369666],[14.496095328634638,51.035934733385794],[14.496112610203932,51.03597386801243],[14.496115056584198,51.03603168339622],[14.496140809706137,51.03611608881475],[14.496118138208539,51.0362088453373],[14.49612258981019,51.0362573988039],[14.496187583175626,51.03637920002849],[14.496224086353575,51.03642525046352],[14.49622562892956,51.03653641989109],[14.49631887957568,51.03701816545336],[14.496329666822987,51.03704476651762],[14.496367700966745,51.037080425516834],[14.496609841750713,51.03728451109185],[14.496778262280753,51.03743036214957],[14.496897270441139,51.03764163053128],[14.497253258426674,51.03819052562082],[14.497453423165778,51.038770007490974],[14.49754584027405,51.03896057103101],[14.497640408833776,51.03908337335478],[14.497659333089251,51.039141517724886],[14.497695194715691,51.03937865041866],[14.497672804373723,51.03964738360408],[14.497638810738582,51.03991840227118],[14.497596275557383,51.0400236920056],[14.497557709213913,51.040076218187096],[14.49748305770356,51.040117964789616],[14.49730057997152,51.040186538050555],[14.497090974405577,51.04021558320258],[14.496929639550771,51.04022238344122],[14.496681469294563,51.040219533812675],[14.496627416169776,51.04022594968411],[14.496605377281025,51.04023602765793],[14.496590865324343,51.04025101700622],[14.496583580425163,51.04036694202927],[14.496577728239023,51.04046016619462],[14.496560669092062,51.0404777485447],[14.49652625076527,51.04048585405196],[14.496205479050664,51.040501974911805],[14.495262506311192,51.04071477829705],[14.493916583864124,51.04104150298667],[14.49381937121928,51.041072388299646],[14.493652187938112,51.04114052239749],[14.493534869143362,51.04120677079092],[14.493453685738137,51.0413004416357],[14.492766472145147,51.041968777548966],[14.492449513916212,51.04229673851754],[14.491946904479143,51.04277291374211],[14.491791471207579,51.04291384165404],[14.491599941211508,51.04314101781675],[14.491500885093831,51.04322229947748],[14.491302062023669,51.04343596570804],[14.491165420760789,51.04357515447192],[14.491159403275732,51.04359695273527]]},"properties":{"OBJECTID":49143,"fid_zbg":"4155863589715968","jmeno":null,"typtoku_p":"povrchový nesplavný","vydattok_p":"stálý","idvt":"10136171"}},{"type":"Feature","id":50967,"geometry":{"type":"LineString","coordinates":[[14.468295974951735,50.989214594116966],[14.468331430146625,50.98928706056224],[14.468337359959685,50.98933792420921],[14.468279870199062,50.98964341168054],[14.46825771307959,50.98979527301239],[14.468263182564353,50.9898833840736],[14.468285999679392,50.989920011630474],[14.468335801244963,50.98995026113169],[14.468426084538056,50.989998523753066],[14.468513790861788,50.990038852191994]]},"properties":{"OBJECTID":50967,"fid_zbg":"4075701179252736","jmeno":null,"typtoku_p":"povrchový nesplavný","vydattok_p":"stálý","idvt":"10220076"}},{"type":"Feature","id":51026,"geometry":{"type":"LineString","coordinates":[[14.391108051537664,50.999720717393686],[14.391086132416651,50.999622992017756]]},"properties":{"OBJECTID":51026,"fid_zbg":"4130963231604736","jmeno":null,"typtoku_p":"povrchový nesplavný","vydattok_p":"stálý","idvt":"10227171"}},{"type":"Feature","id":51101,"geometry":{"type":"LineString","coordinates":[[14.399060781175834,50.98314520976624],[14.398905032613884,50.98314818140935],[14.398753649242359,50.983186456784374],[14.398629542280705,50.983246613474904],[14.398461397543233,50.9832944998562],[14.398337862694586,50.983345451043434],[14.398286815449357,50.98339713834478]]},"properties":{"OBJECTID":51101,"fid_zbg":"4131047369342976","jmeno":null,"typtoku_p":"povrchový nesplavný","vydattok_p":"stálý","idvt":"10236545"}},{"type":"Feature","id":51114,"geometry":{"type":"LineString","coordinates":[[14.399854358575302,50.97273399352123],[14.399881209184587,50.97278400266298]]},"properties":{"OBJECTID":51114,"fid_zbg":"4074864398827520","jmeno":null,"typtoku_p":"povrchový nesplavný","vydattok_p":"stálý","idvt":"10229483"}},{"type":"Feature","id":51141,"geometry":{"type":"LineString","coordinates":[[14.480574594819812,50.98341291603888],[14.48059236080238,50.9836394378955],[14.48073154469664,50.983990837745765],[14.480794149337703,50.98406410002606],[14.480967361352391,50.98421395054085],[14.481093662802985,50.98434814012719],[14.481129484885845,50.98440040230903],[14.481202699456968,50.984506967277625],[14.48128657335132,50.98466896628827]]},"properties":{"OBJECTID":51141,"fid_zbg":"3778654328848384","jmeno":null,"typtoku_p":"povrchový nesplavný","vydattok_p":"stálý","idvt":"10234266"}},{"type":"Feature","id":52692,"geometry":{"type":"LineString","coordinates":[[14.499341123377622,50.982867466349866],[14.499279808281647,50.982821361348556],[14.499126698945265,50.982754466716244],[14.498757461946179,50.98264102078362],[14.498689089213006,50.982621513735836],[14.498594711012034,50.982600047488305],[14.498533581277428,50.98259895414778],[14.498390969561495,50.98265035204102],[14.498334308260713,50.98265717317389],[14.498301672049323,50.98265590368235],[14.49804446566811,50.98252742259088],[14.49794235130587,50.98248524054066],[14.497844592061705,50.982506664218334],[14.497602624609845,50.982638041996765],[14.49747564766714,50.98274938997632],[14.49744026041293,50.9828100252506],[14.49746870003128,50.98291843455865],[14.497352565549734,50.9830042269258],[14.497337413592854,50.98302378663481],[14.497296911057456,50.983039619908226],[14.497188186126436,50.98304993790443],[14.497143060697606,50.983060564743624],[14.497084150507511,50.98308442805376],[14.497072194463051,50.983093195470694],[14.497065734936797,50.98313037773098],[14.497030677650928,50.98317353273625],[14.496891820818044,50.983313884491025],[14.49685202831007,50.983336401265966],[14.496738599089381,50.983329258520854],[14.496699753689379,50.983331445220664],[14.496660651776743,50.98336273041277],[14.496634123633903,50.983376411034456],[14.496540238928045,50.983382564132114],[14.49644733285461,50.98337156498041],[14.496263986585664,50.98334454447308]]},"properties":{"OBJECTID":52692,"fid_zbg":"3239103","jmeno":"Lesní potok","typtoku_p":"povrchový nesplavný","vydattok_p":"stálý","idvt":"10283941"}},{"type":"Feature","id":53305,"geometry":{"type":"LineString","coordinates":[[14.423249433571124,50.99979746535028],[14.42338492149831,50.99997682749759],[14.423420048501345,51.00002539476362]]},"properties":{"OBJECTID":53305,"fid_zbg":"3314676","jmeno":"Šluknovský potok","typtoku_p":"povrchový nesplavný","vydattok_p":"stálý","idvt":"10104877"}},{"type":"Feature","id":53311,"geometry":{"type":"LineString","coordinates":[[14.454878573809559,51.02075623666062],[14.454850417348533,51.02082556528512],[14.454839835675836,51.02087028472688],[14.454823789464728,51.02096397641015],[14.454830932876751,51.021063483288266],[14.454839138930815,51.02114221547377],[14.454839546957603,51.0212323398149],[14.454828309547526,51.02133633614996],[14.45482856531337,51.021407304530676],[14.45482760307451,51.02145938771752],[14.454837797149835,51.02148131699971],[14.45485819800005,51.02150195128169],[14.454904631998069,51.0215285558154],[14.454989181216856,51.02158231579922],[14.45505902584288,51.02163026831148],[14.45528323976973,51.02176813663052],[14.455425790803147,51.02188198877952],[14.455471014889294,51.02191694390889],[14.455531730275577,51.02195057992887],[14.455576517060294,51.02197814856001],[14.45560698114966,51.02200139445822],[14.455633753997375,51.022042420694824],[14.455648308586833,51.022090555900235],[14.455660089903969,51.02214092813601],[14.455653162917766,51.02228467115503]]},"properties":{"OBJECTID":53311,"fid_zbg":"3237481","jmeno":"Rožanský potok","typtoku_p":"povrchový nesplavný","vydattok_p":"stálý","idvt":"10101135"}},{"type":"Feature","id":53527,"geometry":{"type":"LineString","coordinates":[[14.423420048501345,51.00002539476362],[14.423442604815888,51.000036697073426],[14.423559992361406,51.00002456224585],[14.423617283755554,51.000038787481145],[14.42365215995846,51.000056239549515],[14.423860375223644,51.00016639585013],[14.42394131539558,51.00020208897146],[14.424014076030348,51.000244965932374],[14.424061907720445,51.00028676882924],[14.424201275565212,51.00041726311396],[14.424211152494365,51.000430005677615],[14.424214294385184,51.00044198247494],[14.424213881827756,51.000457733769764],[14.424209344927153,51.000469316577366],[14.424156632136176,51.0004884512702],[14.424097827497109,51.00051389850638],[14.424100638058034,51.00055379152618],[14.424127555833905,51.00059523161939],[14.424189754367669,51.00064699094568],[14.424195606101964,51.000679526440265],[14.424163777444683,51.00079326292899],[14.424110200205503,51.00112915312328],[14.424135225893583,51.001159877082564],[14.42417874709392,51.00118715192719],[14.424244285412605,51.001211709581455],[14.424409208939617,51.00125133102001],[14.424552764578651,51.00128211227969],[14.424798839533201,51.001355810698925],[14.424861580826889,51.001387928119335],[14.424892156335085,51.001418525403196],[14.424885193036205,51.001460383094496],[14.424873618547048,51.00150492560113],[14.424780396462983,51.0016272180711],[14.42478136001549,51.00164127411411]]},"properties":{"OBJECTID":53527,"fid_zbg":"4159736056381440","jmeno":"Šluknovský potok","typtoku_p":"povrchový nesplavný","vydattok_p":"stálý","idvt":"10104877"}},{"type":"Feature","id":53729,"geometry":{"type":"LineString","coordinates":[[14.399060781175834,50.98314520976624],[14.399012459950983,50.983190737620504],[14.39898275531425,50.98323197836115],[14.398936125614314,50.98325659365434],[14.398887643787296,50.98325546035961],[14.398849371207127,50.98324904531855],[14.398805916580953,50.98325497309437],[14.398778079229196,50.98326942781033],[14.398729354700048,50.98330692668812],[14.398658557876024,50.98332109144787],[14.39858998418392,50.98332619457439],[14.398540529953392,50.98333958496606],[14.39850195719982,50.983379963270984],[14.398467276222563,50.98338738022749],[14.398286815449357,50.98339713834478]]},"properties":{"OBJECTID":53729,"fid_zbg":"4131048224980992","jmeno":null,"typtoku_p":"povrchový nesplavný","vydattok_p":"stálý","idvt":null}},{"type":"Feature","id":54479,"geometry":{"type":"LineString","coordinates":[[14.510101170663637,50.981822424849746],[14.50991277183318,50.98176185221936],[14.509751585586821,50.98173165236009],[14.509642620834427,50.98170585558941],[14.509590893185576,50.9816985011262],[14.509537177976625,50.98169968435102],[14.509467502084343,50.98172552955816],[14.509348561859156,50.981760561080016],[14.509206642344887,50.98176757931415],[14.50915881520745,50.98179140388134],[14.50913259372292,50.98182098864636],[14.50912634840521,50.98184258594124],[14.509090930017509,50.98185886035457],[14.509048610710147,50.9818638363295],[14.508939823568983,50.98178797878075],[14.50890097925994,50.98177021181894],[14.508767748061347,50.98174432151282],[14.50862008168714,50.981728709648486],[14.508346670104784,50.98174237164877],[14.50824610171928,50.98175621354289],[14.508161155160755,50.981761602546676],[14.508036813926832,50.981788366365606]]},"properties":{"OBJECTID":54479,"fid_zbg":"3239111","jmeno":null,"typtoku_p":"povrchový nesplavný","vydattok_p":"stálý","idvt":"10283941"}},{"type":"Feature","id":54650,"geometry":{"type":"LineString","coordinates":[[14.410928604892353,50.98172547365778],[14.410779178127504,50.98175485982045],[14.410676048165632,50.98174925403116],[14.41055218411935,50.98175962991658],[14.410347013422328,50.98170329089235],[14.410254930080638,50.98170707396196],[14.410110302384204,50.98169191790006],[14.410006502491044,50.98164549572308],[14.40989008142654,50.98157535654093],[14.409816177161519,50.98155965094965],[14.40969078646983,50.98155791636408]]},"properties":{"OBJECTID":54650,"fid_zbg":"3237301","jmeno":null,"typtoku_p":"povrchový nesplavný","vydattok_p":"stálý","idvt":"10236545"}},{"type":"Feature","id":55329,"geometry":{"type":"LineString","coordinates":[[14.474405037050822,50.996461287794205],[14.474053592595103,50.99645797253791],[14.473914089812524,50.99645927372103],[14.473572027759289,50.996468116376896]]},"properties":{"OBJECTID":55329,"fid_zbg":"3272676","jmeno":null,"typtoku_p":"povrchový nesplavný","vydattok_p":"stálý","idvt":"10220072"}},{"type":"Feature","id":55618,"geometry":{"type":"LineString","coordinates":[[14.453693723935352,50.98008165721655],[14.453716177144454,50.98019837788366],[14.453762840500273,50.980246236876894],[14.453834091910947,50.98028742328455],[14.45388859598536,50.98032035587321],[14.453902635992057,50.980341076985866],[14.453903875443284,50.980385004907355],[14.453922379907292,50.980427523702964],[14.453973151803284,50.98047764336496],[14.454027901206056,50.98053790560661],[14.45407118730519,50.9805728612403],[14.45412613968345,50.980646749870445],[14.45418080744102,50.980700109764214],[14.454237576952506,50.98077225031324],[14.454291011791797,50.980827317954855],[14.454306527786223,50.98085315663557],[14.454325792214735,50.980870337818885],[14.454381191329462,50.98089518220106],[14.454479567702403,50.98090478383418]]},"properties":{"OBJECTID":55618,"fid_zbg":"3238554","jmeno":null,"typtoku_p":"povrchový nesplavný","vydattok_p":"stálý","idvt":"10236549"}},{"type":"Feature","id":56241,"geometry":{"type":"LineString","coordinates":[[14.455835972915992,51.0140069218424],[14.455817632299729,51.01403923982764],[14.455812799738428,51.01407452201755],[14.455815383493773,51.01411366610992],[14.45584260888286,51.014144579922565],[14.455943914495393,51.014250903249405],[14.455997104024696,51.014292390229194],[14.456243979587502,51.01443152075558]]},"properties":{"OBJECTID":56241,"fid_zbg":"4142218830938112","jmeno":"Rožanský potok","typtoku_p":"povrchový nesplavný","vydattok_p":"stálý","idvt":"10101135"}},{"type":"Feature","id":56605,"geometry":{"type":"LineString","coordinates":[[14.508036813926832,50.981788366365606],[14.507942913813308,50.98174671916501],[14.5078687085055,50.98172300531123],[14.50781716076637,50.98172147139268],[14.507716720506627,50.98173405384391],[14.507638757629183,50.98173505417512],[14.50756531583762,50.981729095565555],[14.507505822118548,50.9817004790364],[14.507090586580922,50.981511153360486],[14.506960903466167,50.98148148402851],[14.506908208105633,50.98147595008168],[14.506869948308271,50.98148209116592],[14.506731444389327,50.98154900129764],[14.506631135105328,50.981551796689004],[14.50656269203975,50.981541459739006],[14.506321110853438,50.98148561024742],[14.506247493410598,50.981470155741896],[14.506231236724984,50.981458995125486],[14.506206735612311,50.98144362309747],[14.506179546103061,50.98143364406852],[14.506138092707406,50.9814334138222],[14.506093575520259,50.98144909461696],[14.506063565191214,50.98145935658302],[14.506003729188556,50.98147982381899],[14.505792548373124,50.98154401423267],[14.505404252598296,50.981621803941124]]},"properties":{"OBJECTID":56605,"fid_zbg":"3239245","jmeno":null,"typtoku_p":"povrchový nesplavný","vydattok_p":"stálý","idvt":"10283941"}},{"type":"Feature","id":56824,"geometry":{"type":"LineString","coordinates":[[14.398145575128837,51.014905415549364],[14.39834339421934,51.01483151883086],[14.398434463533157,51.01478799093244],[14.398548396204289,51.01471750667457],[14.398673840570561,51.01466707745398],[14.398883825086884,51.014632618339085],[14.398999216035207,51.01461996750388],[14.399134566489321,51.0146265636233],[14.399307867011336,51.014623393336855],[14.399449606842529,51.01461983796829],[14.39997700374494,51.0146197324406]]},"properties":{"OBJECTID":56824,"fid_zbg":"3237110","jmeno":null,"typtoku_p":"povrchový nesplavný","vydattok_p":"stálý","idvt":"10236506"}},{"type":"Feature","id":57553,"geometry":{"type":"LineString","coordinates":[[14.424362502822088,50.99841821507387],[14.424293566094972,50.99853399446069],[14.42429241471351,50.9985650151116],[14.424301407915918,50.99860226899108],[14.42417242149581,50.998802933840224],[14.424111870618285,50.998851846548135],[14.424069890202436,50.998861723162186],[14.423988301755019,50.998871248174545],[14.423881656399065,50.99891262309154],[14.423832420817453,50.998943917673635],[14.42355826887346,50.99950062538055],[14.423485493621486,50.99966633624359],[14.423470758957786,50.999687105330764],[14.423249433571124,50.99979746535028]]},"properties":{"OBJECTID":57553,"fid_zbg":"3237936","jmeno":null,"typtoku_p":"povrchový nesplavný","vydattok_p":"stálý","idvt":"10229452"}},{"type":"Feature","id":58275,"geometry":{"type":"LineString","coordinates":[[14.445178364969745,51.02502668176094],[14.445316666900485,51.02504984404546],[14.445411926238814,51.02507287465108],[14.445607890908645,51.02511704794438],[14.445746897504142,51.02513869202698],[14.445849816908234,51.02515031850737],[14.446104934664296,51.025130221995106],[14.44622642555568,51.025110703020296],[14.446367268859888,51.02510975131371],[14.446486789965723,51.025124682494386],[14.446645029502099,51.02516041880668],[14.446728934008874,51.02519398804646],[14.446918008719551,51.025302250118],[14.446980264253227,51.025324238644586],[14.447209760089962,51.0253716727507],[14.447378413059917,51.02542237122054],[14.44748179320574,51.02545999253924],[14.447615747808449,51.025510492401075],[14.447707944588288,51.025535705622694],[14.447811337083598,51.025555082838764],[14.44801007059578,51.02559050948405],[14.448096035155215,51.025602046274905],[14.448164107788429,51.02561118253407],[14.448327809611337,51.02564430415939],[14.44886848050769,51.02575720860195],[14.449281401236252,51.02583374906389],[14.449455244096766,51.02593204280549]]},"properties":{"OBJECTID":58275,"fid_zbg":"3342526","jmeno":"Dřevíč","typtoku_p":"povrchový nesplavný","vydattok_p":"stálý","idvt":"10112527"}},{"type":"Feature","id":58860,"geometry":{"type":"LineString","coordinates":[[14.449455244096766,51.02593204280549],[14.449645149048772,51.02619542927496],[14.449786312117332,51.02634881469617],[14.449796232158619,51.02643411927079],[14.449830583223585,51.02646899800202],[14.44988102852277,51.02650965061022],[14.44993441973808,51.02653047149526],[14.449991760447807,51.026540275173446],[14.450037503755805,51.02653024139746],[14.450108317057813,51.02647140653666],[14.450172092286746,51.02643077929793],[14.450338786661037,51.026381415611574],[14.450455206927089,51.0263432724439]]},"properties":{"OBJECTID":58860,"fid_zbg":"3356343","jmeno":null,"typtoku_p":"povrchový nesplavný","vydattok_p":"stálý","idvt":"10234250"}},{"type":"Feature","id":60163,"geometry":{"type":"LineString","coordinates":[[14.383089229346925,51.019155105401694],[14.382902130753736,51.01917053561468],[14.382898035688424,51.01917136769144],[14.382832148314435,51.0191987767389],[14.382811249207723,51.01922984906949],[14.382824811586184,51.01930525279764],[14.382807551555508,51.01939856993377]]},"properties":{"OBJECTID":60163,"fid_zbg":"3356342","jmeno":null,"typtoku_p":"povrchový nesplavný","vydattok_p":"stálý","idvt":"10231825"}},{"type":"Feature","id":61042,"geometry":{"type":"LineString","coordinates":[[14.408942428236532,51.009298534340275],[14.408637056981913,51.00909135741918],[14.408448745524144,51.00901647542931],[14.408279198807891,51.00896236792472],[14.408140836442708,51.008970308656615],[14.407902183487215,51.009052919607335],[14.407780083436156,51.00905356244625],[14.407703974316714,51.00900757193448],[14.407593048391643,51.008875989412026],[14.407495512123443,51.008818791576594],[14.407409798505055,51.00879954009527],[14.407329486585931,51.00878150188203],[14.407226048431845,51.008772423892815]]},"properties":{"OBJECTID":61042,"fid_zbg":"3237177","jmeno":"Velkošenovský potok","typtoku_p":"povrchový nesplavný","vydattok_p":"stálý","idvt":"10103812"}},{"type":"Feature","id":61061,"geometry":{"type":"LineString","coordinates":[[14.499377977549285,51.01435371306754],[14.499226767519952,51.01432609122224],[14.499072517388806,51.01428859149509],[14.499002019211561,51.01426892426811],[14.498958697585024,51.0142496733006],[14.498869267791584,51.014189086839835],[14.4988120803593,51.01416094030202],[14.498738288728386,51.01414705831742],[14.49860633543706,51.01413678734416],[14.498518683612174,51.014115180401646],[14.498376243385133,51.014052279621076],[14.498271319964843,51.01399491272811],[14.498149466861676,51.01388545004605],[14.498039135647803,51.013834402933625],[14.497938696911826,51.01380144359836],[14.497853799208785,51.01377907530585],[14.497795997025873,51.013749786641405],[14.497676229402831,51.01366372639407],[14.49755420325792,51.01361774986369],[14.497405494484575,51.013579246038326],[14.497204703054482,51.01352995277773],[14.496381597241324,51.013391050194514],[14.496261585267401,51.013369467081915],[14.496206399319215,51.013356006147326],[14.496128916647448,51.01332728975261],[14.496086585613755,51.01330958339022],[14.496050700833564,51.013305948980374],[14.495981200102623,51.01331152148789],[14.495870013006051,51.01331488310381],[14.495728456505812,51.0133297268348],[14.49561260153118,51.01334342717252],[14.495497788766809,51.01337291125518],[14.495422064785307,51.013371288869585],[14.495318578345698,51.01334777134898],[14.494912561642613,51.013217334124874],[14.494774632934925,51.01317328692478],[14.494745378950373,51.01316360079027],[14.494102909841406,51.01294734329458]]},"properties":{"OBJECTID":61061,"fid_zbg":"3238146","jmeno":null,"typtoku_p":"povrchový nesplavný","vydattok_p":"stálý","idvt":"10231840"}},{"type":"Feature","id":61598,"geometry":{"type":"LineString","coordinates":[[14.410027228552126,50.98142039041004],[14.40992864012298,50.98148622309346],[14.40969078646983,50.98155791636408]]},"properties":{"OBJECTID":61598,"fid_zbg":"3237065","jmeno":null,"typtoku_p":"povrchový nesplavný","vydattok_p":"stálý","idvt":"10222438"}},{"type":"Feature","id":62187,"geometry":{"type":"LineString","coordinates":[[14.454949105573583,50.9926491009513],[14.455291338596629,50.99269104448422],[14.45553780614552,50.99271853385284],[14.45621053732256,50.992735788886655],[14.456342572821233,50.992724428230915],[14.456486774983853,50.992709801256424],[14.456938385181264,50.99265387255226],[14.457120225653169,50.99266451909378],[14.45748079871746,50.99275639865186],[14.457955066342608,50.992896032331956],[14.458302037193537,50.992975755060264],[14.458884831216817,50.99298839230902],[14.459030997781317,50.99299179577225]]},"properties":{"OBJECTID":62187,"fid_zbg":"3238073","jmeno":null,"typtoku_p":"povrchový nesplavný","vydattok_p":"stálý","idvt":"10236533"}},{"type":"Feature","id":62480,"geometry":{"type":"LineString","coordinates":[[14.416059566157525,50.990945769935585],[14.416140540280525,50.99098483963849],[14.416289398957353,50.99105510070609],[14.416531312402167,50.99113296162588],[14.416681999703961,50.991211192930464],[14.416774344226088,50.991234182796966],[14.416839014120239,50.99125077717668],[14.416854521801403,50.99126537070629],[14.416858151702614,50.99129422114899],[14.416868685998491,50.991324769007406],[14.41687963935687,50.99135655998961],[14.416872887680764,50.991395442134774],[14.416893123488627,50.9914372121821],[14.416941756352577,50.991467293923456],[14.41703583960506,50.991509216037805],[14.41708381326399,50.99156283078357],[14.41724520060335,50.99166004594346],[14.417370954416247,50.991707711934865],[14.417471859633133,50.99173746907528],[14.417518519841536,50.99175754388559],[14.417575547983445,50.991792709394836],[14.417589129274525,50.99182755019716],[14.41759359320532,50.99187282287242],[14.417639654354684,50.991902109326745],[14.417670271602192,50.99195436185005],[14.417779312702175,50.992024620085175],[14.41820523370937,50.992198397468776],[14.418265424716022,50.99223350144786],[14.418272993612879,50.99225747666898],[14.418260122190937,50.99228684500303],[14.418239315570615,50.99233348926592],[14.418309393995644,50.992373425711605],[14.418282264556167,50.99252307316787]]},"properties":{"OBJECTID":62480,"fid_zbg":"3342041","jmeno":"Šluknovský potok","typtoku_p":"povrchový nesplavný","vydattok_p":"stálý","idvt":"10104877"}},{"type":"Feature","id":62586,"geometry":{"type":"LineString","coordinates":[[14.415019310723745,50.97396957097631],[14.414681431250422,50.97388649895732],[14.414345832096,50.97383193276904],[14.414168940703913,50.97378834387219],[14.414034228279236,50.97374442762454],[14.413803284984045,50.97360994453983],[14.413616813358292,50.97353186010734],[14.41297996756314,50.973335062678004],[14.412602054082063,50.97318852986007],[14.412516274854204,50.973182526505035],[14.412303807301344,50.97320332105151],[14.412093538470243,50.973178503995754],[14.411686522382094,50.973163942081634],[14.411491350451827,50.97313236986964],[14.411312376266244,50.97308451215296],[14.41118509694629,50.97308297586323],[14.411082431204967,50.97304764833729],[14.4109925699828,50.97300171091791],[14.410860228303898,50.97294826089818],[14.410716131609917,50.97286963551697],[14.41020097758306,50.97273275870221],[14.409927442529018,50.97269328258865],[14.409813302792786,50.97268335992144],[14.409451888159289,50.97256850978469]]},"properties":{"OBJECTID":62586,"fid_zbg":"1932982495479162","jmeno":null,"typtoku_p":"povrchový nesplavný","vydattok_p":"stálý","idvt":"10231864"}},{"type":"Feature","id":63025,"geometry":{"type":"LineString","coordinates":[[14.477352567739809,50.97850126701998],[14.477355211146055,50.978529528346094],[14.477345665689946,50.9785656280218],[14.477328691915915,50.978595552285036],[14.477299963879075,50.97865585147011],[14.47730162985831,50.97866806133672],[14.477358291356369,50.978729564074825],[14.477462365566007,50.97880504908456],[14.477493100576993,50.978867488497],[14.47753893247607,50.97893785404477],[14.477587495474479,50.979009544021984],[14.477640573318583,50.97906039484056],[14.47774135278527,50.97910465886331],[14.477746884454396,50.979118926176824],[14.477699131314258,50.97917749213536],[14.477698839025932,50.97920404841313],[14.477709994256303,50.97921889197148],[14.477795748856185,50.97929470002261],[14.47784643157718,50.97941365746344]]},"properties":{"OBJECTID":63025,"fid_zbg":"3239100","jmeno":null,"typtoku_p":"povrchový nesplavný","vydattok_p":"stálý","idvt":"10234266"}},{"type":"Feature","id":64003,"geometry":{"type":"LineString","coordinates":[[14.455938965914974,51.013830304227156],[14.455967199196456,51.013875113391606],[14.455972811625665,51.013907533553336],[14.45594963108252,51.01393809946225],[14.455835972915992,51.0140069218424]]},"properties":{"OBJECTID":64003,"fid_zbg":"3342571","jmeno":"Rožanský potok","typtoku_p":"povrchový nesplavný","vydattok_p":"stálý","idvt":"10101135"}},{"type":"Feature","id":66198,"geometry":{"type":"LineString","coordinates":[[14.468895172560565,50.99075122525387],[14.468952283138085,50.990793446162336],[14.469021207364325,50.99082162759759],[14.469295789803622,50.99091729140741],[14.469324511120314,50.990935649037795],[14.469419973214485,50.99097800739269],[14.469842990662814,50.9913181981727],[14.469965474829033,50.99140498550249],[14.47004733249127,50.991571728294026],[14.470215723276484,50.99171065433812],[14.470288610600184,50.99175106182192],[14.470409720680331,50.991809061456294],[14.470536277377056,50.99188304495068],[14.470588475109375,50.991894901989596],[14.47062276426644,50.991897863655254],[14.470816255995434,50.99189652217971],[14.470973352830299,50.99191220458449],[14.471132396726597,50.99193017784294],[14.471294936750061,50.99194031502114],[14.471709521064936,50.99199000128903],[14.471884934953444,50.99201767020776],[14.472430912357506,50.99199042832636],[14.472673521321687,50.99201409172727],[14.473568530332823,50.99212042610322],[14.47372588104979,50.99215589495907],[14.473881635385903,50.99220151362161],[14.473982208046632,50.992232923326384],[14.474357814156054,50.99236375992801],[14.474391695586334,50.99237556692183],[14.474430763997217,50.99238612524523],[14.474553970888,50.99241942510777],[14.474585337463843,50.9924478075301],[14.47466233675861,50.992588633098286],[14.474754897705315,50.99266430298575],[14.47492953985966,50.99279568611596],[14.4751217273741,50.992850109295],[14.47515397239503,50.99289897973899],[14.475178725507599,50.9932238139956],[14.475239425412067,50.993340369843025],[14.475265798196927,50.99335598270912],[14.475442436603396,50.993452972051664],[14.47564726999785,50.99353057648361],[14.475788790917312,50.993582928663514],[14.475996492109688,50.99368895807019],[14.476018530165184,50.9937126336443],[14.47611316788721,50.993807260668056],[14.476158969948335,50.993834711267944],[14.476196498689685,50.993849926046394],[14.476492639311019,50.993927172921964],[14.476656980010748,50.9940195694206],[14.476823223770145,50.99413336777638],[14.477025812793205,50.99424529508603]]},"properties":{"OBJECTID":66198,"fid_zbg":"3321761","jmeno":null,"typtoku_p":"povrchový nesplavný","vydattok_p":"stálý","idvt":"10220076"}},{"type":"Feature","id":66646,"geometry":{"type":"LineString","coordinates":[[14.438814043205625,51.015720664408356],[14.439147628649838,51.01563087226664],[14.43919457694585,51.01561573092173],[14.43957073394957,51.01549871357337],[14.439796917292329,51.015410243571004],[14.439958762474296,51.01535938817707],[14.440172676208228,51.015312950446535],[14.440430180889058,51.015231564535675]]},"properties":{"OBJECTID":66646,"fid_zbg":"3237183","jmeno":null,"typtoku_p":"povrchový nesplavný","vydattok_p":"stálý","idvt":"10229434"}},{"type":"Feature","id":67275,"geometry":{"type":"LineString","coordinates":[[14.4564662493113,50.99058180184853],[14.45654537914381,50.99061128227851],[14.456612731622844,50.99065541217545],[14.456635098533075,50.99073194100082]]},"properties":{"OBJECTID":67275,"fid_zbg":"3237999","jmeno":null,"typtoku_p":"povrchový nesplavný","vydattok_p":"stálý","idvt":"10236538"}},{"type":"Feature","id":67597,"geometry":{"type":"LineString","coordinates":[[14.46945947979719,50.999158617211044],[14.469390522067583,50.99926985672898],[14.469370367305059,50.99932645054942],[14.470145887271824,51.00073156535713]]},"properties":{"OBJECTID":67597,"fid_zbg":"3349477","jmeno":null,"typtoku_p":"povrchový nesplavný","vydattok_p":"stálý","idvt":"11000501"}},{"type":"Feature","id":68979,"geometry":{"type":"LineString","coordinates":[[14.43662831742003,51.00517545389036],[14.436637125244186,51.00518519906916],[14.43672524412077,51.00523819760873],[14.436855939427836,51.00527528754553]]},"properties":{"OBJECTID":68979,"fid_zbg":"3272789","jmeno":null,"typtoku_p":"povrchový nesplavný","vydattok_p":"stálý","idvt":"10229443"}},{"type":"Feature","id":70317,"geometry":{"type":"LineString","coordinates":[[14.387492006537686,51.0254619521833],[14.387440643422948,51.025370548425165],[14.387415750122658,51.02531992919237],[14.387405403960496,51.02521794910967],[14.387430422275788,51.025107749963155],[14.38754472699513,51.025058582756635],[14.387571614370797,51.02502118028488]]},"properties":{"OBJECTID":70317,"fid_zbg":"3237243","jmeno":"Solandský potok","typtoku_p":"povrchový nesplavný","vydattok_p":"stálý","idvt":"10231827"}},{"type":"Feature","id":70344,"geometry":{"type":"LineString","coordinates":[[14.42451189683155,51.001370023076916],[14.424421772557658,51.001441139989865],[14.424396088223313,51.001460687089676],[14.424391800153673,51.00148036648791],[14.424403420832162,51.00149586423838],[14.424661663779657,51.001606574853206],[14.42478136001549,51.00164127411411]]},"properties":{"OBJECTID":70344,"fid_zbg":"4074842806550528","jmeno":null,"typtoku_p":"povrchový nesplavný","vydattok_p":"občasný","idvt":null}},{"type":"Feature","id":71025,"geometry":{"type":"LineString","coordinates":[[14.390204872939472,50.98737085534146],[14.39007647180214,50.98745475799093]]},"properties":{"OBJECTID":71025,"fid_zbg":"3238065","jmeno":null,"typtoku_p":"povrchový nesplavný","vydattok_p":"stálý","idvt":"10236545"}},{"type":"Feature","id":72071,"geometry":{"type":"LineString","coordinates":[[14.403671215847545,50.98085316684308],[14.403560813709602,50.98101931827466],[14.403493125822193,50.9810976332018],[14.403357173285569,50.98120421793246],[14.40325990734233,50.981326507244155]]},"properties":{"OBJECTID":72071,"fid_zbg":"1932817525114234","jmeno":null,"typtoku_p":"povrchový nesplavný","vydattok_p":"stálý","idvt":"10236543"}},{"type":"Feature","id":72505,"geometry":{"type":"LineString","coordinates":[[14.409953922669654,50.97498416785239],[14.40956302031926,50.97516930899683]]},"properties":{"OBJECTID":72505,"fid_zbg":"1932820293354874","jmeno":null,"typtoku_p":"povrchový nesplavný","vydattok_p":"stálý","idvt":"10231870"}},{"type":"Feature","id":73151,"geometry":{"type":"LineString","coordinates":[[14.497194340619636,51.03448674380532],[14.496917766753548,51.03454153789133],[14.496697500410917,51.03461329717336],[14.496473726237308,51.03470836764192],[14.496404532406943,51.034737764497756],[14.496360009736064,51.03475115958646]]},"properties":{"OBJECTID":73151,"fid_zbg":"4144376062148608","jmeno":null,"typtoku_p":"povrchový nesplavný","vydattok_p":"stálý","idvt":null}},{"type":"Feature","id":73514,"geometry":{"type":"LineString","coordinates":[[14.453028643843805,50.98847015274682],[14.453062962229628,50.98853980583194],[14.453092649111486,50.9888121024702],[14.453115229756351,50.9888596914474],[14.453121049853062,50.98887988255554],[14.453095946236884,50.9889577304904],[14.453090870201432,50.989058722693066]]},"properties":{"OBJECTID":73514,"fid_zbg":"3238006","jmeno":null,"typtoku_p":"povrchový nesplavný","vydattok_p":"stálý","idvt":"10229448"}},{"type":"Feature","id":75021,"geometry":{"type":"LineString","coordinates":[[14.439209669638121,50.98310992308464],[14.439130258535938,50.98312762863061],[14.439058368936518,50.98315859721917],[14.439026470049386,50.98319820299452],[14.439000749029304,50.98326755873108],[14.438993787993637,50.98332004978625],[14.438947335684835,50.98338559472211],[14.438771623046517,50.983466539096554],[14.43861124033153,50.98349609854542],[14.438549224994196,50.983528848089],[14.438527034773966,50.983584610175654],[14.438536687633707,50.98365950847513],[14.438631870949916,50.98374956749065],[14.438676276821255,50.98383491734313],[14.438724972195507,50.98392816937159],[14.43874595036564,50.984037899903456],[14.438699343932516,50.98414445889353],[14.438702583971276,50.98426304966278],[14.438731421765153,50.98430955215421],[14.438792171956914,50.98433885996548],[14.438970514748982,50.98437073724723],[14.439077678874455,50.98441794858582],[14.439119751049004,50.98451132494642],[14.439167980705639,50.98454916471151],[14.439323414218073,50.98459729248422],[14.439394081546371,50.98463916326418],[14.43948734441282,50.98466702382921],[14.439544139833918,50.984695353364124],[14.439597091540714,50.98475655635933],[14.439616049816783,50.98482601859885],[14.439589547877667,50.98488310378443],[14.439519358377414,50.98502672330068],[14.439515621191115,50.98514634230971],[14.439457243485682,50.985223755672116],[14.43944024412975,50.98529332288488],[14.439464914153545,50.98542375958464],[14.439435417501874,50.985573255176156],[14.439377163044043,50.985662655363925],[14.439348086387666,50.98574043031329],[14.439356135263012,50.9858531772719],[14.439325863272472,50.98602275643787],[14.439241756706114,50.986110732971966],[14.43909818966541,50.986190553779736],[14.439085406380944,50.98625659409119],[14.439099357676994,50.98639797835646],[14.439026354860353,50.98657301823106],[14.439020914927129,50.98664494805663],[14.439065040834825,50.98672849480229]]},"properties":{"OBJECTID":75021,"fid_zbg":"3240238","jmeno":"Stříbrný potok","typtoku_p":"povrchový nesplavný","vydattok_p":"stálý","idvt":"10101808"}},{"type":"Feature","id":75054,"geometry":{"type":"LineString","coordinates":[[14.456092117778239,51.01913403104425],[14.455954693871535,51.0191210627324],[14.455885892002707,51.019114661465245],[14.455805198316261,51.01910142580541],[14.455764872974477,51.01910165947867],[14.455736634382328,51.01911246403656],[14.455695435284792,51.019143196165295]]},"properties":{"OBJECTID":75054,"fid_zbg":"3237419","jmeno":null,"typtoku_p":"povrchový nesplavný","vydattok_p":"stálý","idvt":"10224774"}},{"type":"Feature","id":76309,"geometry":{"type":"LineString","coordinates":[[14.482098035859428,50.988286490322835],[14.48193531381035,50.98815933059277],[14.481754209297986,50.987999585123866]]},"properties":{"OBJECTID":76309,"fid_zbg":"3239261","jmeno":null,"typtoku_p":"povrchový nesplavný","vydattok_p":"stálý","idvt":"10234266"}},{"type":"Feature","id":76797,"geometry":{"type":"LineString","coordinates":[[14.415397800849485,50.97696397110458],[14.415305683387041,50.976948772939146],[14.4150586087311,50.97688860036187],[14.414685449507461,50.97682097475177],[14.414542194457134,50.97681224804261],[14.414472968078439,50.976804781491616],[14.414344549690309,50.976770849578976],[14.414250682184367,50.97672676329246],[14.414134528560682,50.97670124616956],[14.41390535633133,50.97661763854468],[14.413808580832468,50.976554789586295],[14.413788985489596,50.97647986519838],[14.413790065754018,50.976130137182416],[14.4139186213487,50.975790306412186]]},"properties":{"OBJECTID":76797,"fid_zbg":"3237226","jmeno":null,"typtoku_p":"povrchový nesplavný","vydattok_p":"stálý","idvt":"10231865"}},{"type":"Feature","id":77425,"geometry":{"type":"LineString","coordinates":[[14.502168668539504,51.01924491606056],[14.50227686721906,51.01922211282675],[14.502380774053915,51.01917725910902],[14.502420382983193,51.019145741676404],[14.502475182308114,51.019127777942366],[14.50253310546453,51.01912994975175],[14.50260754131398,51.019144881836226],[14.50266189637666,51.019142936501105],[14.50275998567901,51.019124978116594],[14.502865442311416,51.019114185095965],[14.50301254702559,51.01910566911743],[14.503085334263217,51.019093643461254],[14.50315637093989,51.019077076503365],[14.503208069361433,51.01906746365874],[14.503275299301743,51.019061182850315],[14.503333729692658,51.01905967856917],[14.503399047000414,51.01905359599669],[14.503481244582467,51.01903662837981],[14.503612638365045,51.01899368502928],[14.503737632419254,51.018961711844376],[14.503801436076914,51.018935359964914],[14.50384777674437,51.018897980505635],[14.503894976592392,51.01887391943645],[14.503961873043904,51.0188565422731],[14.504030913364662,51.018833906581555],[14.504099087817778,51.01879931261844],[14.504161852735482,51.01874583796739],[14.504228147820104,51.01868468402669],[14.50428806159501,51.01865636440906],[14.504389320479502,51.018623074423786],[14.50448489934366,51.01858811641545],[14.50456492751814,51.018545924031486],[14.504640277581757,51.01848545819862],[14.504718792248376,51.018407030757224],[14.504756044569602,51.01834981894089],[14.504789670943493,51.01828476580268],[14.504787087538643,51.01820625607226],[14.504772616892874,51.01815811127886],[14.504760096566226,51.01812954738319],[14.504759500844164,51.018100376451684],[14.504781830167229,51.018068279069],[14.504838777517367,51.01804569129547],[14.5049000439223,51.01802773868169],[14.504951927708573,51.01799664158239],[14.504981919715776,51.017969013419396],[14.505033713227782,51.017946980076545],[14.505084402402716,51.01793737044991],[14.505123032346525,51.01792499981609],[14.505171052322195,51.01789248167331],[14.505209201152947,51.017870363075346],[14.505265204268595,51.017860121924116],[14.505342707410742,51.01784955308015],[14.50544538175512,51.01783298508824],[14.505504356673683,51.01780567283126],[14.50554601009904,51.01775537098047],[14.505584672403973,51.01771823770045],[14.50563046477548,51.017688702833404],[14.50569089602126,51.017673943789625],[14.505771703903896,51.01766737830595],[14.505838790427365,51.01765310096344],[14.50591188414603,51.01763299024362],[14.505989335356361,51.017627315183326],[14.506074667578208,51.017633748107286],[14.506161399051084,51.01762705689268],[14.506268635802646,51.017601355593804],[14.506377746458726,51.01757563396111],[14.506467648289213,51.01754562926871],[14.506530049389537,51.01752242132396],[14.506613148072383,51.01750525722829],[14.506750099093978,51.017498440083585],[14.506813250965644,51.01749570750063],[14.506918484739238,51.01747926777087],[14.507070979458426,51.01744512119666],[14.507231015024729,51.01741733807001],[14.507433517209366,51.01738005345062],[14.507616213460496,51.01733725508177],[14.507798120072719,51.01729810786523],[14.507932714573945,51.01727757021946],[14.507999074891838,51.017271302940344],[14.508068933378379,51.01728012301306],[14.508137938679658,51.01730020903905],[14.50822442724314,51.01734919448585],[14.508331883163047,51.01739898514706],[14.508454446396422,51.017434109052566],[14.508592610913862,51.01745161505187],[14.508775199507513,51.017457882444056],[14.508987746410625,51.01745729140499],[14.509237048185783,51.01745233123158],[14.509396602901996,51.0174547119545],[14.509619308886487,51.01744837118013],[14.509745785480376,51.017444097118876],[14.509865702241157,51.01742891740608],[14.510048736991072,51.017391859598554],[14.510194746679307,51.017352434468364],[14.510386365889518,51.017289625644814],[14.510584444775986,51.01719625686567],[14.510888592860832,51.01706193296843],[14.511095951156436,51.01698151705621],[14.511320952725963,51.01691595271991],[14.51154894506114,51.0168571765686],[14.511980426137258,51.01674985371963],[14.512509985523465,51.01662456286048],[14.512854697197474,51.01653808095121],[14.513177829626875,51.01644030896441],[14.513341107737746,51.01638349627956],[14.513469650054194,51.016307731973825],[14.5136079678983,51.016200695044546],[14.51376643087311,51.016055656815816],[14.513929440733767,51.015937497765044],[14.514060753491325,51.01586287826639],[14.51417695677906,51.015816260596],[14.51432464062155,51.015783687831856],[14.514494831833598,51.015756768649815],[14.514926906975106,51.01569321167425]]},"properties":{"OBJECTID":77425,"fid_zbg":"3240171","jmeno":null,"typtoku_p":"povrchový nesplavný","vydattok_p":"stálý","idvt":"10227170"}},{"type":"Feature","id":79060,"geometry":{"type":"LineString","coordinates":[[14.469103430741225,51.00171513495648],[14.469095096318814,51.0017741014408],[14.469084691215587,51.00181099775911],[14.469036035976085,51.00191266866076],[14.468987343397824,51.001988661875245],[14.468966862181569,51.00208705056632],[14.469014234861458,51.002153014718395],[14.46902763028769,51.002193998791405],[14.469025733956219,51.00223057760257],[14.468847585820694,51.00234776418583]]},"properties":{"OBJECTID":79060,"fid_zbg":"3314750","jmeno":"Lesní potok","typtoku_p":"povrchový nesplavný","vydattok_p":"stálý","idvt":"10283941"}},{"type":"Feature","id":79963,"geometry":{"type":"LineString","coordinates":[[14.381130049118186,51.02092232499831],[14.381054189714877,51.020941578732796],[14.380986041596524,51.02095977997594],[14.380937014460075,51.02096095453926],[14.380605442330992,51.02093779454087],[14.380237329777362,51.02091725831904],[14.379754759770915,51.020891198056816],[14.379508276472766,51.020875627435345],[14.379468417536346,51.02087106684622],[14.377717413941228,51.02065735502117]]},"properties":{"OBJECTID":79963,"fid_zbg":"3237470","jmeno":"Solandský potok","typtoku_p":"povrchový nesplavný","vydattok_p":"stálý","idvt":"10231827"}},{"type":"Feature","id":80779,"geometry":{"type":"LineString","coordinates":[[14.505625940141275,50.98345459206659],[14.505595038509304,50.98332955477404],[14.505520359921233,50.98322288363]]},"properties":{"OBJECTID":80779,"fid_zbg":"3239106","jmeno":null,"typtoku_p":"povrchový nesplavný","vydattok_p":"stálý","idvt":"10234275"}},{"type":"Feature","id":80805,"geometry":{"type":"LineString","coordinates":[[14.473780496213145,51.02152810458678],[14.473821184173461,51.021609090997806],[14.473878871193895,51.021695263719],[14.473983507454781,51.021840192040145],[14.474072337426033,51.02195454429508],[14.474106135988253,51.022012255887525],[14.474157292985534,51.02209405466079],[14.474248870946438,51.02220754607202],[14.474349999303477,51.022342926723475],[14.474393264045998,51.022412704278565],[14.474440743710636,51.02247631358097],[14.474491998096074,51.02252981565884],[14.474535656337014,51.02258783339101],[14.474724954335317,51.022861721397454],[14.474835315792337,51.023014762890575],[14.474908506655336,51.023111707262125],[14.474985095296738,51.02322482078653],[14.475034103177125,51.023290013052645],[14.475054419694079,51.02332633033369],[14.475062188479864,51.023361474359056],[14.475059308408014,51.023406586135145],[14.475032121995918,51.02346892439947],[14.474993579938252,51.02353255098821],[14.474945724247288,51.0236152418444],[14.474884357852236,51.02374430462383],[14.474852390511389,51.02384260933423],[14.47479793553454,51.02393516368548],[14.47467819217196,51.024183477125995],[14.474643666375934,51.02428627856462]]},"properties":{"OBJECTID":80805,"fid_zbg":"3237172","jmeno":null,"typtoku_p":"povrchový nesplavný","vydattok_p":"stálý","idvt":"10229435"}},{"type":"Feature","id":84344,"geometry":{"type":"LineString","coordinates":[[14.430412666821628,51.016836982190085],[14.43055664027125,51.016851547052696],[14.430666405924553,51.016862230661395],[14.43097974542842,51.016914119293766],[14.431276903837727,51.01695425262471],[14.43135450390702,51.01696515111835],[14.431515891350081,51.01695854177412],[14.431605250832181,51.0169682816905],[14.43174698707166,51.01703010209618],[14.431811100542236,51.01704282557935],[14.431854452570427,51.017043225408074],[14.431889358989242,51.01704343772007],[14.432297223261843,51.016953104481146],[14.43273233530388,51.01685672957041],[14.433464196749199,51.01667771767476],[14.433657277304192,51.01664828438354],[14.434447147383567,51.016527895081026],[14.4347040503662,51.01648959098381]]},"properties":{"OBJECTID":84344,"fid_zbg":"3356292","jmeno":null,"typtoku_p":"povrchový nesplavný","vydattok_p":"stálý","idvt":"10229434"}},{"type":"Feature","id":84527,"geometry":{"type":"LineString","coordinates":[[14.388505099425968,50.97474245921374],[14.388777942492526,50.97477243392364],[14.388923234786366,50.97481654020981],[14.38906944129545,50.97482292463744],[14.38934459809715,50.974822847606845],[14.389839926528374,50.97479604361668],[14.390124625595663,50.974773013663274],[14.390401117712129,50.97474419602058],[14.390517597232186,50.97473074032022],[14.390587273084362,50.97471113926955],[14.390708843831833,50.974655307873334],[14.390839577034361,50.974591745070555],[14.39102691350586,50.97454998905983],[14.391139866641504,50.97452859467814],[14.3912402846793,50.97451997315119],[14.391296483926514,50.97453494851199],[14.391381719491713,50.974612194006625],[14.391487375721596,50.97467701745465],[14.391659059578036,50.974805572012635],[14.391884019471554,50.97494920055101],[14.392006128497934,50.97500917717418],[14.392074067811429,50.97501502097568],[14.39225063734307,50.97507912286801],[14.39249684630373,50.975173787612505],[14.392721927962347,50.975244971284134],[14.392884425783052,50.97529237609598],[14.392967678234012,50.97534417714889],[14.393050670119543,50.975420526987364],[14.393138718547709,50.97556228462959],[14.393236493624714,50.97559787402496],[14.393478212699156,50.9756638989665],[14.393820121410972,50.97567393312777],[14.39387734850885,50.97567381629002],[14.394045588224362,50.97569356358192],[14.394169089638314,50.975722182197934],[14.394234840250917,50.97576318508888],[14.394270032740824,50.97581084611912],[14.39437203260401,50.975932639129674],[14.394428486605873,50.97596152670553],[14.3944504009398,50.97601424709604],[14.39444037515034,50.976071990101175],[14.394456285329062,50.97610903474182],[14.394501183955503,50.976148122211434],[14.394627941467693,50.97619566097841],[14.39467110979335,50.976289520571186],[14.39474364213296,50.97634501430176],[14.394866200217615,50.97639125256085],[14.394980463515687,50.97647415200752]]},"properties":{"OBJECTID":84527,"fid_zbg":"3328156","jmeno":"Salmovský potok","typtoku_p":"povrchový nesplavný","vydattok_p":"stálý","idvt":"10227200"}},{"type":"Feature","id":84559,"geometry":{"type":"LineString","coordinates":[[14.467679694559132,50.987936492175244],[14.467718758473067,50.987937771826765],[14.467838549062584,50.9879416900989],[14.468126637579218,50.98805485565194],[14.468495061255528,50.98819991011694],[14.468630514620312,50.98828119764681]]},"properties":{"OBJECTID":84559,"fid_zbg":"3237995","jmeno":null,"typtoku_p":"povrchový nesplavný","vydattok_p":"stálý","idvt":"10222434"}},{"type":"Feature","id":85180,"geometry":{"type":"LineString","coordinates":[[14.443858016370543,51.02285371158781],[14.443930589766442,51.02300016388111],[14.444019768787472,51.02309343611458],[14.444100583196798,51.02312002661632],[14.444320098398748,51.02316170469242],[14.44443315084366,51.023205419433616],[14.44446770871721,51.02326411564138],[14.444457812099053,51.023316878212434],[14.444426733480258,51.02336980373724],[14.444433375449288,51.02341465273471],[14.44443315726699,51.02346326291934],[14.44438325837522,51.023521364244395],[14.444376593787316,51.02355199721391],[14.444404944167072,51.023601537281515],[14.44440093163633,51.02367023243565],[14.444358022735818,51.02372331365037],[14.444333761051137,51.02375151656956],[14.444280732547213,51.0238411918404],[14.444280213882994,51.0238693627047],[14.44435548397625,51.02397367879297],[14.444411663688225,51.02401564721685],[14.444564900848386,51.02413188135632],[14.444662649093722,51.024222809595635],[14.444717980815149,51.024246196378506],[14.444918911642972,51.024298603348136],[14.444987705502259,51.024335493567854],[14.445046644645384,51.02442297249979],[14.445075361874668,51.02457597132678],[14.445144477408586,51.02487853405117],[14.445178364969745,51.02502668176094]]},"properties":{"OBJECTID":85180,"fid_zbg":"3237106","jmeno":null,"typtoku_p":"povrchový nesplavný","vydattok_p":"stálý","idvt":"10231832"}},{"type":"Feature","id":85447,"geometry":{"type":"LineString","coordinates":[[14.46558409084348,51.02490215310766],[14.465477664928871,51.02501447622394],[14.465462456445655,51.02508452494882],[14.46547678503049,51.02519762260283]]},"properties":{"OBJECTID":85447,"fid_zbg":"3237095","jmeno":null,"typtoku_p":"povrchový nesplavný","vydattok_p":"stálý","idvt":"10227164"}},{"type":"Feature","id":85500,"geometry":{"type":"LineString","coordinates":[[14.466311991736847,50.98712091408292],[14.466524926453095,50.987168347145435],[14.466652431812655,50.98719878061983],[14.466738954164365,50.98722068258105],[14.46685108811032,50.98726366817132],[14.466996682009237,50.987353182993616],[14.467108141850137,50.987458255564356],[14.46722387280909,50.98755689279816],[14.46751133505082,50.98783131215299],[14.467585448684918,50.987883259227104],[14.467679694559132,50.987936492175244]]},"properties":{"OBJECTID":85500,"fid_zbg":"3238078","jmeno":null,"typtoku_p":"povrchový nesplavný","vydattok_p":"stálý","idvt":"10220076"}},{"type":"Feature","id":85959,"geometry":{"type":"LineString","coordinates":[[14.50309662277108,50.995998971067955],[14.502454703980248,50.99560816584445],[14.502426004466972,50.99553252281106],[14.50239420513633,50.995479664051544]]},"properties":{"OBJECTID":85959,"fid_zbg":"4076448302235648","jmeno":null,"typtoku_p":"podzemní","vydattok_p":"stálý","idvt":"10224788"}},{"type":"Feature","id":86901,"geometry":{"type":"LineString","coordinates":[[14.451457476266638,51.03221133637953],[14.451386671897733,51.03224350035819],[14.45124078390518,51.03231063357866],[14.451137071836644,51.03235326148049],[14.450957583894928,51.032412073081595],[14.450484033602315,51.032592223192204],[14.450395808799673,51.032632370182725],[14.45029937766954,51.03271355892928],[14.450240062246186,51.032764007856656],[14.449973331092828,51.03295641453086],[14.449711121095998,51.033156469700785],[14.44934052350616,51.03341294522992]]},"properties":{"OBJECTID":86901,"fid_zbg":"1901802156983674","jmeno":"Rožanský potok","typtoku_p":"povrchový nesplavný","vydattok_p":"stálý","idvt":"10101135"}},{"type":"Feature","id":90822,"geometry":{"type":"LineString","coordinates":[[14.382807551555508,51.01939856993377],[14.382317835564361,51.01990406889066]]},"properties":{"OBJECTID":90822,"fid_zbg":"4074284343361536","jmeno":null,"typtoku_p":"podzemní","vydattok_p":"stálý","idvt":"10231825"}},{"type":"Feature","id":91013,"geometry":{"type":"LineString","coordinates":[[14.469041931562083,51.01806570638909],[14.468827716842322,51.01812008876316]]},"properties":{"OBJECTID":91013,"fid_zbg":"4161203542687744","jmeno":null,"typtoku_p":"podzemní","vydattok_p":"stálý","idvt":"10236508"}},{"type":"Feature","id":93202,"geometry":{"type":"LineString","coordinates":[[14.43145218723622,51.007412135321864],[14.43147989824335,51.00733111215503],[14.431469098895633,51.007251006098656],[14.43146291403995,51.006949486166526],[14.431452589928298,51.00683708551763],[14.431437784901881,51.006726111023205],[14.431169015340616,51.005984512589215],[14.431147101836487,51.00586722395151]]},"properties":{"OBJECTID":93202,"fid_zbg":"36930700942770176","jmeno":null,"typtoku_p":"povrchový nesplavný","vydattok_p":"stálý","idvt":"10236526"}},{"type":"Feature","id":93203,"geometry":{"type":"LineString","coordinates":[[14.438379487764749,51.013145696658555],[14.438542808135256,51.01325701050014],[14.438605142678284,51.01329718488449],[14.438655821419815,51.013329853687786],[14.438694807857832,51.013378049429974],[14.43870298439868,51.01342638939514],[14.438732239507338,51.01346312723243],[14.438797073398868,51.013508208528734],[14.438886493071497,51.01353945100072],[14.439006489628571,51.013608761347825],[14.439052862824678,51.01366518141891],[14.439063654518806,51.01373388923474],[14.439080152570817,51.01377042942658],[14.43924593655415,51.01390282252153],[14.43952522624651,51.0141652943509],[14.439590886044126,51.01421385790074],[14.439921697614157,51.014448509295924],[14.440011690030559,51.01458743880552],[14.440114534517052,51.01473016657957],[14.44015470604919,51.014759048611566],[14.440302140152955,51.01483831774601],[14.44036121645429,51.01491846426623],[14.440401187801882,51.01500775298706],[14.440430180889058,51.015231564535675]]},"properties":{"OBJECTID":93203,"fid_zbg":"3237188","jmeno":null,"typtoku_p":"povrchový nesplavný","vydattok_p":"stálý","idvt":"10229439"}},{"type":"Feature","id":93206,"geometry":{"type":"LineString","coordinates":[[14.437792759376677,51.00509442554371],[14.437992726682374,51.00506429786963],[14.438088831193081,51.00503633208097],[14.438185592766278,51.004993716177005],[14.438344158447817,51.00491257810353],[14.43844286629697,51.00486769005313],[14.438480291300719,51.0048575405668],[14.43852028506836,51.00484668816432],[14.438579399093333,51.00483050598442],[14.438604192622126,51.004829568943904],[14.438644461092743,51.00483813787469],[14.438819230819822,51.00487886200362],[14.438892121059313,51.00490404717756],[14.438942999201235,51.00492796070209],[14.439015921877013,51.004970840476915],[14.439126007422992,51.00504052835922],[14.43916511357918,51.00505444006306],[14.439233687732417,51.00506509763429],[14.439411164277457,51.00507997105754],[14.439511284243073,51.00508859762838],[14.439605705618481,51.005094335327016],[14.439739637301644,51.00510247891393],[14.439788001599736,51.005094328947145],[14.439809488548853,51.00508149213882],[14.439840827849517,51.00506170610152],[14.439967031710145,51.00489208924806],[14.439998373933609,51.00486105323717],[14.440045451416006,51.004841632265794],[14.440090306293419,51.00483308752229],[14.440237788787767,51.00482408638919],[14.440432835058,51.00481920447164],[14.440558687230853,51.00480651505019],[14.440656427782718,51.004790846513416],[14.44073153351598,51.004769497793724],[14.440809805150192,51.00474615503144],[14.440841190692023,51.004738711700305],[14.440868319893626,51.00473298647303],[14.44089551854702,51.00472760294584],[14.440935925505322,51.00472958718905],[14.441399766239705,51.00476948426496],[14.441572905206732,51.004789286396964],[14.441635856046458,51.00479274178887],[14.441672264382136,51.00478600538834],[14.441707466082562,51.00477490031185],[14.441758915204785,51.004739344964136],[14.441830140289882,51.004702780303965],[14.441945577190905,51.00467272058432],[14.44201494384324,51.004647871078376],[14.442067077645508,51.00464235114279],[14.442103259642058,51.004631167545114],[14.442106363733515,51.0046218555613],[14.442115196702867,51.004595329738144],[14.442123809938852,51.00456948348583],[14.442153582889981,51.00447121849734],[14.442184416661341,51.00442135752867],[14.4422171545885,51.00438654068085],[14.442250675872852,51.004365309991684],[14.44228468146549,51.0043464801363],[14.442742354092148,51.004197216722126],[14.44278592393089,51.0041939126764],[14.442920748907628,51.004196151295936],[14.44297380018196,51.0042034666634],[14.443009408644848,51.00421362658536],[14.44305819897796,51.00424515996548],[14.443156996399583,51.00433145828453],[14.443184595947912,51.00435953277283],[14.443208930699985,51.004384502964484],[14.443242212263142,51.00440271747066],[14.443661169249896,51.00452129911706],[14.443701887373063,51.00453282660325],[14.443735942309111,51.00454246163872],[14.443816676524609,51.00455942242575],[14.443880836454426,51.00456062242374],[14.443942679082587,51.00454338568356],[14.443989674475933,51.00452631510679],[14.444266384200033,51.004313202764784],[14.444358126052434,51.00426162862684],[14.444440180225769,51.00422881269282],[14.444479692983608,51.004212954056776],[14.444517028374516,51.00419785046459],[14.444691279255734,51.00413278796008],[14.44476218174739,51.00411951063139],[14.444815661546498,51.00411824322586],[14.445366945334012,51.00415294795494],[14.445879779926212,51.0041873157847],[14.445919847966582,51.00419019442308],[14.445961489834387,51.004193109480816],[14.446064959795475,51.004201530634155],[14.446152545249523,51.004202126093986],[14.446285733368349,51.00419006586966],[14.4463478837783,51.00419190716762],[14.446398453640455,51.004203361030946],[14.446671256249532,51.004310324031756],[14.446697151034606,51.00431939703709],[14.446719745569027,51.00432731341238],[14.44676103025081,51.004341792073376],[14.446799092789464,51.00435072063393],[14.446841166012362,51.00435363640907],[14.446871255631816,51.004350162103705],[14.446912535427945,51.00433622482639],[14.446978274969808,51.004310977103245],[14.447037488595639,51.004306485180656],[14.447206942507592,51.0043081777396],[14.44725941567762,51.00431153985418],[14.447326908438587,51.004321944845735],[14.447366902349936,51.00433898798543],[14.447513264457841,51.00444292584363],[14.447574414019181,51.00447053678436],[14.448101824363933,51.00464265329713],[14.44817327083394,51.00466126585008],[14.448265926483051,51.004676905330605],[14.44850673477429,51.004700285053104],[14.448607966401468,51.00471285590986],[14.449228555182613,51.0048152146125],[14.449417057413111,51.00484061662739],[14.449843629964843,51.004906432437345],[14.44985018353447,51.00490797025877],[14.449882410049831,51.004915503649606],[14.449928496775922,51.00492628669524],[14.450119919128735,51.00497841392363],[14.450517264654069,51.00504705107566]]},"properties":{"OBJECTID":93206,"fid_zbg":"3314861","jmeno":"Šluknovský potok","typtoku_p":"povrchový nesplavný","vydattok_p":"stálý","idvt":"10104877"}},{"type":"Feature","id":93288,"geometry":{"type":"LineString","coordinates":[[14.40956302031926,50.97516930899683],[14.40949995394806,50.975161285933396],[14.409410798540467,50.97512132480049],[14.409303551091782,50.97503977704919],[14.40921932033695,50.97500550643256],[14.409093175814872,50.97497258228751],[14.408948980675905,50.97495349536324],[14.408831358903994,50.97492024119553],[14.408687023254034,50.97490469849055],[14.408599926346504,50.97491980977909],[14.408539903666542,50.97492221300805],[14.408465584064873,50.97491439051817],[14.408380784653854,50.97488016052069],[14.408100315158963,50.974850875697136],[14.407922551710925,50.97482643715535],[14.407838697954437,50.97479709785818],[14.407674869056162,50.97467386309272],[14.40760780893276,50.97459718684638],[14.407381682588767,50.97447163785859],[14.407232003040988,50.97445154549239],[14.407043349127372,50.97446254300236],[14.406966525262542,50.97444960205957],[14.406882975544152,50.974411759359654],[14.406822005896336,50.97433813453533],[14.406720605141244,50.974347336822696],[14.40638774866435,50.97434120239545],[14.406289621452723,50.974306809736866],[14.406132833000239,50.97420659599324],[14.405965250824165,50.97417706924809],[14.405839125405503,50.97410718663224],[14.405707871486047,50.97408136321272],[14.405621585319606,50.97408439339029],[14.405513021440072,50.97411496575504],[14.40532317031298,50.974119595617076],[14.405112117507537,50.97410922466642],[14.40502163209607,50.974095339160684],[14.404937485216701,50.97407308563311],[14.404856060850353,50.97402162536285],[14.40477876762972,50.97394313146604],[14.404742495105117,50.97393416959569],[14.404673747868056,50.97393308989238],[14.404602960241638,50.973903160446376],[14.404536038769995,50.97389107906214],[14.404444253877804,50.973963305454774],[14.40429568102745,50.97398096038089],[14.404124613576608,50.9740490126179],[14.403997492708827,50.97408822262121],[14.403944900585653,50.97414416829263],[14.403894175326453,50.97415862895513],[14.403845162417106,50.974155363741026],[14.403797314616218,50.97412370904493],[14.40369732184033,50.97410775243498],[14.403597329131301,50.97409179574008],[14.403425227332141,50.97409016328177],[14.403320393740728,50.97406543761313],[14.403248257858504,50.974027858998056],[14.40310260396982,50.97398932912007],[14.402982620665423,50.97398134154284],[14.402770578330099,50.97400599476916],[14.40245339217323,50.9740764862144],[14.402326142038072,50.97408664800962],[14.402138349602803,50.97407657128272],[14.401869859488762,50.97405892911811],[14.401735697913663,50.9740658576587],[14.401583684956302,50.974081486032375],[14.401466816805657,50.97407713423018],[14.401369235741578,50.9740895043265],[14.401131852646675,50.97410231385194],[14.401104711109369,50.97409919016918],[14.40103431507677,50.97409045200614],[14.400967276749144,50.97408213297704],[14.400707633020968,50.974016786890395],[14.400487399635248,50.97398059292997],[14.40032797544262,50.97394247631782],[14.400201860615688,50.973914253618254],[14.40011149341031,50.97389568343978],[14.400035878896796,50.973832575376775],[14.399849205630575,50.973756808838004],[14.399679862968284,50.973664856581905],[14.399448374039101,50.97357384742335],[14.399367030653348,50.97356595207016],[14.399196192964048,50.97358157236128]]},"properties":{"OBJECTID":93288,"fid_zbg":"3321250","jmeno":null,"typtoku_p":"povrchový nesplavný","vydattok_p":"stálý","idvt":"10231869"}},{"type":"Feature","id":93683,"geometry":{"type":"LineString","coordinates":[[14.442935924995394,50.979083832437034],[14.442998612391385,50.97914360950797],[14.443027765485054,50.979212266824945],[14.44300142252794,50.97941059316542],[14.443043960559617,50.97953158969623],[14.443107626097408,50.979588457350154],[14.443285148184604,50.97968485673093],[14.443337749942334,50.979729152559536],[14.443353117754958,50.979797295912704],[14.443344458599665,50.97983712833299],[14.443215349290787,50.97997823005806],[14.443220519422134,50.980029748689546],[14.44328105883288,50.98008434024667],[14.443389481083718,50.98011991707731],[14.44350235928267,50.98013493075416],[14.443765839480745,50.98015723855584],[14.44385119821092,50.980177724959574],[14.44391959541748,50.98021613957946],[14.443990785729804,50.980315756073914],[14.444049211825194,50.98042715013649],[14.444148491799295,50.98050465787388],[14.444224200774851,50.98054183662699],[14.444254846559325,50.98061507738709],[14.444251518428652,50.9806654967984],[14.444245567448984,50.980755355153796],[14.44428618747943,50.980855045075245],[14.444349779408665,50.98095140817209],[14.444508346412112,50.981086709228684],[14.444747042032947,50.981217047051906],[14.444843175570083,50.98129297491159],[14.44487975246427,50.98142053051348],[14.444870547676498,50.98152959521478],[14.444994004295435,50.981710130287354],[14.445009486898371,50.98180156370702],[14.445005578168598,50.981877073349274],[14.44494542744322,50.98196667371636]]},"properties":{"OBJECTID":93683,"fid_zbg":"3237227","jmeno":"Stříbrný potok","typtoku_p":"povrchový nesplavný","vydattok_p":"stálý","idvt":"10101808"}},{"type":"Feature","id":93684,"geometry":{"type":"LineString","coordinates":[[14.45916573918677,50.97442170844101],[14.4591779774025,50.97451231301485],[14.459238758179959,50.9745871572058],[14.459315841223905,50.97471004436326],[14.459334393216645,50.97478413869078],[14.459322576935373,50.9749663816007],[14.459337715273712,50.97498601762809],[14.459381712911862,50.9750262951295],[14.459478465118599,50.97515986529372],[14.45950625244197,50.97521987947463],[14.459588431320936,50.97532723942085],[14.459609343102136,50.97535735456964],[14.459587330843606,50.97540117600321],[14.45956787485975,50.97544712378467],[14.459566532636458,50.97552548499022],[14.459626643102254,50.97569480644395],[14.459636379243436,50.97571152552532],[14.459645982371786,50.975720249282986],[14.459699652621191,50.97574575851056],[14.459769897375377,50.97579157221046],[14.459780902390154,50.97582826983844],[14.45977271365918,50.97587328700972],[14.459778221476855,50.97590551723089],[14.459825333163225,50.97594932990228],[14.45989079638496,50.9759807582265],[14.459938037969815,50.976016688985005],[14.459954181215426,50.976051562886354],[14.459936675540364,50.97611136982176],[14.459885994703,50.976210149654],[14.459868028339155,50.9763181008549],[14.460033075177607,50.97662569090799],[14.460031886929697,50.97668546668587],[14.460079852801645,50.976761106804894],[14.460185112113459,50.9768508655928],[14.460355850436828,50.9769647047861],[14.46044275394135,50.977033097589924],[14.460706982788496,50.97724193658249],[14.460822390489726,50.97738228953645],[14.460893337995282,50.97745401958913],[14.460951368404178,50.97747600390747],[14.461028333993518,50.977505432177296],[14.46109540988937,50.97753010392473],[14.461124180486095,50.977578317427906],[14.461148099193299,50.97759127297113],[14.461203252675746,50.97759803873535],[14.461282518170476,50.97761686945289],[14.46135686969597,50.97765106126362],[14.461441368189567,50.97769611025638],[14.46149886584294,50.97773909633021],[14.46155671150665,50.977813593956085],[14.461578990061488,50.97789172937962],[14.461583691794669,50.97797669145359]]},"properties":{"OBJECTID":93684,"fid_zbg":"3238566","jmeno":null,"typtoku_p":"povrchový nesplavný","vydattok_p":"stálý","idvt":"10229482"}},{"type":"Feature","id":94333,"geometry":{"type":"LineString","coordinates":[[14.450517264654069,51.00504705107566],[14.450761561700785,51.00515958436375],[14.450850525248692,51.00520611179267],[14.450927484796539,51.00525103809782],[14.450956859853644,51.00526818632057],[14.45100068726144,51.005289896369575],[14.45101770664686,51.00529832745558],[14.451100587376372,51.00532917723771],[14.451481039292357,51.00545584691068],[14.451605743321817,51.005493680368126],[14.4518940092133,51.00555649571689],[14.452451648421178,51.00564718461904],[14.452562824450263,51.00566092048865],[14.452621602989677,51.00567365303647],[14.452727632390328,51.005699890032815],[14.45283028271507,51.00573261180418],[14.452902377562333,51.00577306943282],[14.45302805723381,51.00585055988618],[14.45310066396804,51.00589031769097],[14.45317757801287,51.00592282709736],[14.45323112227328,51.005939797039375],[14.453265022238309,51.00594327356803],[14.453306662364701,51.00593362936132],[14.453524494100412,51.00583333939825],[14.453622913819771,51.00580850145047],[14.453746820015269,51.005799322298365],[14.453885570744704,51.00577774560065],[14.453945448045465,51.005776355878545],[14.453974178398088,51.00579694036881],[14.454008705289635,51.00583412985953],[14.454051172621254,51.00588434467837],[14.454276002548276,51.00617064773371],[14.454317191560449,51.00621463698422],[14.454380393548753,51.00626591905477],[14.454436861197262,51.006303191389975],[14.454510827666187,51.006339346027914],[14.454540012460527,51.00634989916937],[14.454570159776114,51.00635635313028],[14.454598645654679,51.00636244565797],[14.454790757827851,51.006405814582955],[14.455072129948611,51.00646697269017]]},"properties":{"OBJECTID":94333,"fid_zbg":"3349535","jmeno":"Stříbrný potok","typtoku_p":"povrchový nesplavný","vydattok_p":"stálý","idvt":"10101808"}},{"type":"Feature","id":94893,"geometry":{"type":"LineString","coordinates":[[14.48548059795811,51.009777107728205],[14.485364670235894,51.00977117776673],[14.485164469822339,51.009746551709114],[14.48506728440919,51.009738009750805],[14.485015165862388,51.009726349583836],[14.484955261561154,51.0097054905277],[14.484892565559587,51.009685570100885],[14.484793569209723,51.00966660233854],[14.484548796325722,51.00961891792214],[14.484481153747922,51.00959793572893],[14.484447766563406,51.009585440856505],[14.484385175404633,51.00956171894865],[14.484282896193442,51.00953029311581],[14.484138246756446,51.00949133114618],[14.483744111669864,51.00940175436354],[14.483497752188915,51.009375340570855],[14.483167988013319,51.009348266039034],[14.482963617543804,51.00934044057074],[14.482662017462028,51.00934286401595],[14.482534525459254,51.00935082102283],[14.482406351485613,51.00936962360539],[14.482196706049253,51.00944513982659],[14.481842636979751,51.00943187782066],[14.480212789447231,51.009454193000366],[14.480160804121141,51.009447894540806],[14.480068787052044,51.009432427664024],[14.480017248162735,51.009412922493944],[14.479940361917901,51.00937952796717],[14.4799131312118,51.00935322894236],[14.479891225725519,51.0093169564281],[14.479858658920463,51.009297363997185],[14.479819594130861,51.00928519442359],[14.479801662427315,51.009268406635194],[14.479800469612233,51.00924471647455],[14.479807902059045,51.00921904872011],[14.479795443146111,51.00920354949248],[14.479760513370326,51.00919817771619],[14.479745022697175,51.00918804161747],[14.479736271139869,51.00916406231212],[14.479726052693334,51.009146851211504],[14.479701608343492,51.0091295923332],[14.479669021620897,51.00912269895236],[14.479649327235418,51.00910276530807],[14.479631088509544,51.00906218227756],[14.479619982256876,51.009049067711665],[14.479594815492028,51.00903845978839],[14.47957715678496,51.009027047996],[14.479561307533153,51.009004633689244],[14.479543142966225,51.00898029596756],[14.479518192030955,51.00896272117574],[14.479482753138898,51.00895041063476],[14.479455635282635,51.00892956440884],[14.479338143496014,51.00881083682278],[14.479294320244755,51.00877285483235],[14.479237118456949,51.00874551235959],[14.479170670703486,51.00868453145339],[14.479109382669067,51.00865547558909],[14.479023398774308,51.00861231413403],[14.478887629889066,51.00853346842852],[14.47869337093384,51.00845910219234],[14.47852385767215,51.00839131576278],[14.478347713997879,51.00829574084322],[14.478299669343789,51.00826927855509],[14.478264587198918,51.00824139440871],[14.478236655911056,51.008230275454586],[14.478163659497008,51.008217890286396],[14.47798423589472,51.00817148352788],[14.47791242259578,51.008158483573624],[14.477827062860229,51.00815756001477],[14.477755055350757,51.00814744626425],[14.47764808653633,51.00813277373734],[14.47758698579459,51.00811480101244],[14.47749741796891,51.00811206259759],[14.477446811166606,51.0081000755909],[14.477410461524642,51.00807870438263],[14.477361650177677,51.00805843522212],[14.477234211319747,51.00804598778039],[14.477032397568216,51.00800317240575],[14.476877009437285,51.007958465764055],[14.476412253981623,51.00781334364489],[14.476270620686726,51.007772054760316],[14.476133171952943,51.007751393852125],[14.475633534177863,51.00761383617786],[14.475467795050227,51.00758438251429],[14.47542470453227,51.00757023084709],[14.47538968253167,51.00754207866541],[14.475352140428434,51.00753085527113],[14.475220229150242,51.00751185046691],[14.475156324927504,51.0075147724054],[14.47512243560725,51.00751057754395],[14.475099856078467,51.00750064538495],[14.475070818719223,51.00748534766196],[14.475000011350941,51.007467715084374],[14.474664264282515,51.0074238597431],[14.474463184331443,51.00739425744201],[14.474058546178453,51.00735490540271],[14.47364101976671,51.00728918260263],[14.473525360502865,51.007273483756386],[14.47338426824593,51.00725504511193],[14.473233776984689,51.007244141341594],[14.473089692560254,51.00722889146024],[14.472847271313007,51.00717389905012],[14.47275665897264,51.00712937105436],[14.472594140435168,51.00702481046935],[14.472526315667139,51.006949009007236],[14.47248069600845,51.006920666665216],[14.472404764083837,51.006884899252476],[14.472366102848428,51.00687022148169],[14.472329141120607,51.0068558627839],[14.472256573519457,51.006825402603084],[14.472145551864136,51.00674748650079],[14.47203381822257,51.006681937668425],[14.471985647985822,51.00663181032742],[14.471923080173465,51.00657546841955],[14.471865601453972,51.0065319947055],[14.471800735723052,51.00649533145967],[14.471745870916319,51.0064669889274],[14.471700293796612,51.00643878594864]]},"properties":{"OBJECTID":94893,"fid_zbg":"43591937302724608","jmeno":null,"typtoku_p":"povrchový nesplavný","vydattok_p":"stálý","idvt":"10231840"}},{"type":"Feature","id":94894,"geometry":{"type":"LineString","coordinates":[[14.485801198406826,51.009797506841466],[14.485833845938744,51.00948784810469],[14.4857498183805,51.00948408788564],[14.48571212089329,51.009482861084315],[14.485687001313432,51.0095182351734],[14.485598116715616,51.00965931577092],[14.48548059795811,51.009777107728205]]},"properties":{"OBJECTID":94894,"fid_zbg":"43591934937137152","jmeno":null,"typtoku_p":"povrchový nesplavný","vydattok_p":"stálý","idvt":null}},{"type":"Feature","id":94895,"geometry":{"type":"LineString","coordinates":[[14.500079429751105,51.02751741578861],[14.499866815054467,51.02753803737409],[14.499697050475582,51.027546107802706],[14.499387255978727,51.02755646089716],[14.499256572020295,51.02756208796706],[14.49914110680644,51.027575828289756],[14.49903718852701,51.02759736592435],[14.498946257835835,51.02760940738766],[14.498899574685284,51.02762371453434],[14.4988418180662,51.02763933658861],[14.498782817962503,51.027643421367124],[14.498696115110823,51.02763060740423],[14.498588451821687,51.02757386087507],[14.498484047775664,51.027536354413506],[14.498385469232383,51.02751447160728],[14.498210038480883,51.02750631299521],[14.498144317935166,51.02750814986786],[14.498078173387519,51.027504634237495]]},"properties":{"OBJECTID":94895,"fid_zbg":"3237160","jmeno":null,"typtoku_p":"povrchový nesplavný","vydattok_p":"stálý","idvt":"10220053"}},{"type":"Feature","id":94896,"geometry":{"type":"LineString","coordinates":[[14.481052416004493,51.00382250140269],[14.480983696045644,51.00378934845319],[14.48092081454295,51.00377178587194],[14.480873891889553,51.00376312060144],[14.48074671172224,51.003758291548905],[14.480691981939685,51.003748762225946],[14.480650465295353,51.00373465730524],[14.480605648871423,51.003712556485695],[14.48055442466936,51.00369879347829],[14.480491523401907,51.00369645181714],[14.480428287378095,51.00370759858187],[14.480391877491357,51.003731038737385],[14.480197406543537,51.003816712979194],[14.480127973896746,51.00384676642777],[14.480087002920152,51.00385038071824],[14.48005205434877,51.00384664000348],[14.480025193793605,51.003820372584286],[14.479981180974706,51.0037766495735],[14.479925939685147,51.00373159498006],[14.479848214736558,51.00368678704086],[14.479749423709162,51.00364742835115],[14.479724796211826,51.00364237342782],[14.479661056838681,51.003647216652226],[14.479624307861718,51.00366618204294],[14.47956313410268,51.00370562964466],[14.47949608603125,51.0037290572129],[14.479429525021988,51.00374227534641],[14.479349136615149,51.00375693138996],[14.479293350934118,51.00377615944332],[14.479236660901146,51.0037947832715],[14.479190327280545,51.0038270559016],[14.479141756175947,51.0038748936465],[14.479084825353196,51.00392627400083],[14.479030545137212,51.0039597842602],[14.478899395604293,51.00406667800007],[14.478680832454307,51.004172071666005],[14.478590887447243,51.004203085238906],[14.478511022725923,51.004209348964146],[14.478400250507711,51.00420695831721],[14.47829364513443,51.00421055177869],[14.478190768693642,51.00420158454407],[14.478094822950517,51.00419049360563],[14.478022408858783,51.00418361031967],[14.477955563427512,51.00417757036706],[14.47789296191358,51.004187772709216],[14.477843618421607,51.004204471540724],[14.477788825524353,51.004235034032114],[14.477747156719138,51.00427072066524],[14.477688710572506,51.00431548322749],[14.477650914368684,51.00433250705142],[14.477584853219073,51.0043465294563],[14.477516206547218,51.004350920971014],[14.477458462890342,51.00433652147409],[14.477178287178521,51.004207870613165],[14.477052099503277,51.00415195669319],[14.47699163140787,51.0041323503213],[14.476960831348372,51.00412883967463],[14.476903168705652,51.004122956485],[14.476857550114833,51.00412346515089],[14.476759196452187,51.00412613633066],[14.476685076511504,51.004128449257514],[14.476569283003652,51.0041425883863],[14.476513730826868,51.00416537354366],[14.4764873137601,51.004203528170116],[14.476473815956146,51.00430572183064],[14.476468642931737,51.00433820715027],[14.476449544965215,51.004370788082035],[14.476407693028253,51.00439318604954],[14.4763618967585,51.004410099728936],[14.476273079472293,51.00442847179938],[14.476183676584236,51.00442964698379],[14.475878626354094,51.00440413706814],[14.475602323645987,51.004374031159344],[14.475426057330399,51.00437859547366],[14.47532656854133,51.00438915101996],[14.475205677352625,51.004416184965606],[14.475116165747721,51.00445499929523],[14.47506692804163,51.004493751487466],[14.475026991873964,51.00454464664693],[14.474992931022522,51.00459152190803],[14.47496237318072,51.004642400940774],[14.474930211414412,51.00466738575479],[14.474871451986774,51.00469633465779],[14.474795656364842,51.00471764406229],[14.474695729946127,51.00472888715311],[14.474570743199942,51.004738329999725],[14.474487242348468,51.00474351523346],[14.47445220392209,51.00474695026603],[14.474418590615457,51.004750245206075],[14.474335780350138,51.004761595495275],[14.474228562352273,51.004785907767186],[14.474135087924374,51.00481911758468],[14.474048886250829,51.00488443545532],[14.473966053545285,51.004939520397464],[14.473875973535929,51.00497166223176],[14.473785794687068,51.00498900787256],[14.473704927984278,51.00499391194186],[14.473607520302023,51.004998839659386],[14.473539722361064,51.00500514389929],[14.473454729217654,51.00503835960988],[14.47342191574947,51.00506700743422],[14.473387343770264,51.005114373536905],[14.473345498328918,51.00515808166386],[14.47319906167279,51.005247266553184],[14.473086296829983,51.00536345370406],[14.473005260134338,51.00542549730314],[14.472935273881856,51.00546708450666],[14.472837762012032,51.00550829134871],[14.472723808452635,51.00555370348912],[14.47261578021628,51.00561223737883],[14.472530673265066,51.00569370668866],[14.472508565232584,51.00571674657601],[14.472485969834796,51.00573938150004],[14.47230650598216,51.00592374823208],[14.472101685764592,51.0061222556458],[14.47199580392565,51.00620476169201],[14.47183114717641,51.006340001315515],[14.471753812441989,51.006396231145764],[14.471700293796612,51.00643878594864]]},"properties":{"OBJECTID":94896,"fid_zbg":"3328649","jmeno":"Rožanský potok","typtoku_p":"povrchový nesplavný","vydattok_p":"stálý","idvt":"10101135"}},{"type":"Feature","id":95209,"geometry":{"type":"LineString","coordinates":[[14.463910408580979,51.010684031841244],[14.46385878928873,51.010674718558896],[14.463736346865726,51.01065379773773],[14.463592206431267,51.01063544757432],[14.463480548706718,51.010617181969096],[14.46327208712654,51.0105963587609],[14.463131736942234,51.01057379932382],[14.463045418534797,51.01056414581249],[14.462879068073304,51.01056324514428],[14.462794285639005,51.01056287812579],[14.462682410571128,51.010564824219806],[14.462409700972545,51.0105802715088],[14.462290149217853,51.01059107986165],[14.462249046189177,51.0105936066836],[14.462200987404842,51.01058909110009],[14.462153044792947,51.010590663995615],[14.462125230285691,51.01059424830146],[14.462088963376711,51.01059238461966],[14.462037392874503,51.010582847908914],[14.461982587175733,51.01056767894182],[14.461929891345427,51.01056067591616],[14.461809061357839,51.01057273418585],[14.461738592823151,51.01057009231262],[14.461610077828649,51.01055263626312],[14.461502006235499,51.01054302515037],[14.46141039839981,51.01054236670787],[14.461323961255733,51.010529816638275],[14.46114090414494,51.010490681413025],[14.461085770104622,51.01047040310411],[14.461048710510408,51.01045894462124]]},"properties":{"OBJECTID":95209,"fid_zbg":"45017534658772992","jmeno":null,"typtoku_p":"povrchový nesplavný","vydattok_p":"stálý","idvt":"10224781"}},{"type":"Feature","id":95876,"geometry":{"type":"LineString","coordinates":[[14.483427706575323,51.00096463726114],[14.48338689502963,51.000984786306475],[14.483338751998916,51.001024842038156],[14.483296551311625,51.00108624864316],[14.483280643846552,51.001143753967],[14.483248159477085,51.00123729695852],[14.483229935598152,51.001269654500575],[14.483227629802569,51.001287599634615],[14.483241701437576,51.00133480829501],[14.48323861178313,51.001355044543935],[14.483217043295593,51.00140416898794],[14.483179134991522,51.00143845762529],[14.48312107008682,51.0014695562977],[14.483098640961066,51.001478118164485],[14.482972114171133,51.00168368170223],[14.482904108488132,51.001772546225254],[14.482882898375399,51.00178955037552],[14.48284460041166,51.00178787113295],[14.482806211349548,51.0018189339592],[14.48279662902339,51.00183230518417],[14.48274906155823,51.00188463041833],[14.482681917941218,51.00197754276114],[14.482567403476557,51.00206346630675],[14.482473075730073,51.00216836771807],[14.48241161564429,51.00223636856137],[14.482371526031548,51.00226811017792],[14.482173438936954,51.002475711260495],[14.482145867273779,51.002508006360365],[14.48220930153914,51.002797894385964],[14.482264782682003,51.00282916999512],[14.482268503343587,51.0028413298804],[14.482123349940261,51.003050076502035],[14.482108582190813,51.003071319485436],[14.4820941284049,51.003092108731366],[14.481963303248241,51.00330499415493],[14.481908323406353,51.00336616922266],[14.481857266538244,51.00338295761304],[14.481653541510505,51.00333623698676],[14.481616487875682,51.003337767419566],[14.481470072329287,51.00343346713244],[14.4814468389745,51.003448654572736],[14.481418851051453,51.00346680668564],[14.481251142556975,51.00360755374763],[14.481052416004493,51.00382250140269]]},"properties":{"OBJECTID":95876,"fid_zbg":"4058941713547264","jmeno":null,"typtoku_p":"povrchový nesplavný","vydattok_p":"stálý","idvt":"10224782"}},{"type":"Feature","id":96004,"geometry":{"type":"LineString","coordinates":[[14.410155770993034,51.01005731356053],[14.410035856830213,51.009970301634056],[14.409859377445306,51.00985053951386],[14.409650036019332,51.00971186288816],[14.409120979457844,51.00941965776075],[14.408942428236532,51.009298534340275]]},"properties":{"OBJECTID":96004,"fid_zbg":"4076319906201600","jmeno":null,"typtoku_p":"povrchový nesplavný","vydattok_p":"stálý","idvt":null}},{"type":"Feature","id":96012,"geometry":{"type":"LineString","coordinates":[[14.39208992348287,50.986794932574206],[14.391734586203537,50.986867944377],[14.391597793117272,50.986885741919075],[14.39155782295487,50.98690280474521],[14.39143162746728,50.987036887429],[14.391319129463598,50.987176899073134],[14.391261466477035,50.98723755383972]]},"properties":{"OBJECTID":96012,"fid_zbg":"4076147771965440","jmeno":null,"typtoku_p":"povrchový nesplavný","vydattok_p":"stálý","idvt":"10236545"}},{"type":"Feature","id":97853,"geometry":{"type":"LineString","coordinates":[[14.400661533372768,50.99016547041385],[14.40052503814235,50.99019070869476]]},"properties":{"OBJECTID":97853,"fid_zbg":"3308011","jmeno":null,"typtoku_p":"povrchový nesplavný","vydattok_p":"stálý","idvt":"10227185"}},{"type":"Feature","id":98287,"geometry":{"type":"LineString","coordinates":[[14.470160992735307,51.00654937776104],[14.47003411881437,51.00656881425404],[14.469936343519983,51.006571439484325],[14.469841077111564,51.00659033909475],[14.469734112442485,51.00661875223841],[14.46967762113745,51.00663655463834],[14.469620334545768,51.0066619997232],[14.469563807657115,51.00667598867344],[14.469518251144013,51.00667586504949],[14.46947907642718,51.00667084916991],[14.469445566287058,51.00668346892949],[14.469398560689074,51.00672250283509],[14.469318881448878,51.00677096269679],[14.469142600146847,51.006846462018196],[14.46905122890907,51.00688783367132],[14.468944075984187,51.00696549213366],[14.468762139776622,51.007137303339036],[14.468608990147123,51.00726524128799],[14.468558817604949,51.007296861621896],[14.468390279540724,51.00738053154164],[14.468319747093481,51.00746171511194],[14.468220213604559,51.007524789800456],[14.46813876293732,51.007562844469795],[14.467790258524259,51.00778323047502],[14.467709415905299,51.00786089241576],[14.467635149708638,51.00790029310146],[14.467582432250898,51.00794509304335],[14.467492634036168,51.008019622629575],[14.467183208192367,51.00821562142193],[14.466890713517657,51.008403828313156],[14.466780496244718,51.008447199759246],[14.466712370483252,51.00846684481041],[14.466548321763952,51.00851514672303],[14.466476615793255,51.008522198569764],[14.466360037204257,51.00852265274068],[14.466287433128048,51.00852191547459],[14.466198187770297,51.00851701903678],[14.466129038443817,51.00852819259269],[14.466041724459743,51.008575356253],[14.465964531116178,51.008642808748355],[14.465869532454759,51.008708813896156],[14.465765783286022,51.0087502030257],[14.46567040607701,51.0087861461232],[14.465595109953606,51.00882563827887],[14.465514395356843,51.00888280688645],[14.465432175762881,51.00891444306496],[14.464860656732785,51.009102130301095],[14.464621128082836,51.00919266376399],[14.464529716310475,51.00921960421041],[14.464398807119405,51.009241680753945],[14.464346428019288,51.00924051233],[14.46427949390278,51.00923418533595],[14.464262015922255,51.00923984246573],[14.464254636133047,51.009254627806065],[14.464230333501506,51.009306962002626],[14.46420467682941,51.00932379725014],[14.464065174895387,51.00936028184602],[14.46391129240573,51.00944439637101]]},"properties":{"OBJECTID":98287,"fid_zbg":"3240170","jmeno":"Rožanský potok","typtoku_p":"povrchový nesplavný","vydattok_p":"stálý","idvt":"10101135"}},{"type":"Feature","id":98930,"geometry":{"type":"LineString","coordinates":[[14.508396201731665,50.99471686713349],[14.508329342902766,50.994583205015346],[14.508218800078255,50.99444814267677],[14.50801135078365,50.99431317833785],[14.507791711892043,50.99409552021474],[14.507741286427692,50.99404555099742],[14.507546510287339,50.99394049654579],[14.5074951240291,50.99391699709771]]},"properties":{"OBJECTID":98930,"fid_zbg":"4076448855883776","jmeno":null,"typtoku_p":"povrchový nesplavný","vydattok_p":"stálý","idvt":null}},{"type":"Feature","id":99859,"geometry":{"type":"LineString","coordinates":[[14.394326406334073,51.00181294132348],[14.394028648793213,51.00190012574906],[14.393924212555262,51.00192397542611],[14.393843030949586,51.001932880944835],[14.393707558972553,51.00197687712677]]},"properties":{"OBJECTID":99859,"fid_zbg":"3238063","jmeno":null,"typtoku_p":"povrchový nesplavný","vydattok_p":"stálý","idvt":"10222418"}},{"type":"Feature","id":100249,"geometry":{"type":"LineString","coordinates":[[14.473572027759289,50.996468116376896],[14.473257022837792,50.99668568662581],[14.47323364443371,50.99669736712205],[14.473212978320863,50.996701842598206],[14.473160999420921,50.99670751551775],[14.473118474542249,50.996724619165526],[14.472982610659164,50.99723473017117]]},"properties":{"OBJECTID":100249,"fid_zbg":"3314825","jmeno":"Lesní potok","typtoku_p":"povrchový nesplavný","vydattok_p":"stálý","idvt":"10283941"}},{"type":"Feature","id":102371,"geometry":{"type":"LineString","coordinates":[[14.410420337253878,51.00886275438989],[14.410131828236992,51.00877942626626],[14.409968773378267,51.00872291820744]]},"properties":{"OBJECTID":102371,"fid_zbg":"3237192","jmeno":null,"typtoku_p":"povrchový nesplavný","vydattok_p":"stálý","idvt":"10236520"}},{"type":"Feature","id":104608,"geometry":{"type":"LineString","coordinates":[[14.386060212438775,51.02321574376664],[14.386167662303123,51.02288184124205],[14.385965505792162,51.022718886147565],[14.385689197468135,51.022627872247725],[14.385387263906708,51.0226427846911]]},"properties":{"OBJECTID":104608,"fid_zbg":"3237239","jmeno":null,"typtoku_p":"povrchový nesplavný","vydattok_p":"stálý","idvt":"10229431"}},{"type":"Feature","id":105062,"geometry":{"type":"LineString","coordinates":[[14.462457024815281,50.97876381986815],[14.462463822962897,50.97881316308235],[14.462437711558533,50.97885561431813],[14.462399103017388,50.978890752152545],[14.462342566815503,50.978916845925795],[14.462248929676397,50.97903246115081]]},"properties":{"OBJECTID":105062,"fid_zbg":"3272905","jmeno":null,"typtoku_p":"povrchový nesplavný","vydattok_p":"stálý","idvt":"10220076"}},{"type":"Feature","id":105256,"geometry":{"type":"LineString","coordinates":[[14.44421288812772,50.98429053837307],[14.443986804915028,50.984418751049084],[14.443862184967621,50.98445776619381],[14.44380073995428,50.9844965012427],[14.443634039608211,50.984577207820756],[14.443565063911253,50.984621423657586],[14.44345687210471,50.98463068744088],[14.443318849322955,50.98464096898627],[14.44322825087613,50.98463641449594],[14.443152627903629,50.984634645105736],[14.443083242027807,50.98463380608216],[14.442972468462942,50.98466730598936],[14.44253842396761,50.98480925618933],[14.44231216384503,50.9848556144342],[14.442121469003245,50.98488581908504],[14.442015986052482,50.984923405663814],[14.44179579946813,50.984922657019176],[14.441412430498406,50.98497100762952],[14.441124400492987,50.98507673751025],[14.441082080717617,50.98509023663947],[14.441018944995845,50.98512040446776],[14.440914570284338,50.985186266350645],[14.440613863387838,50.98534756563718],[14.440416929324849,50.98541106882565],[14.440168186285844,50.98542462776819],[14.439996963852414,50.98552515247582],[14.439885298761787,50.98556015129281]]},"properties":{"OBJECTID":105256,"fid_zbg":"3321248","jmeno":null,"typtoku_p":"povrchový nesplavný","vydattok_p":"stálý","idvt":"10229467"}},{"type":"Feature","id":105346,"geometry":{"type":"LineString","coordinates":[[14.493111079783771,50.98317085772947],[14.493079955852249,50.98315130120758],[14.493017840853945,50.983140141051095],[14.492896434403399,50.983116594368845],[14.492849656113833,50.983134987894374],[14.492831720837602,50.98314813838252],[14.49284775180778,50.98319760134591],[14.49282971335246,50.98321255732317],[14.492726650788732,50.98319868384271],[14.49267836612131,50.983197333993495],[14.492594361806276,50.9832315514049],[14.492485158112297,50.983271307664594],[14.492376616141991,50.983286082395665],[14.492279180232988,50.98328539424547],[14.492212964941235,50.98330182171432],[14.492192302134555,50.98332027087247],[14.492189362078623,50.98339032479418],[14.49218573967803,50.98342766098868],[14.492129621414279,50.98347580335937],[14.49188700138732,50.98361673127857],[14.491836994348025,50.98364526071011],[14.491801253973652,50.983781887270624],[14.491746162092253,50.983846538189084],[14.491651218337827,50.98390938650808],[14.491624458531447,50.983959333895605],[14.491604922001095,50.984062248996075],[14.491568293312092,50.984107988992726],[14.491440495513473,50.984173620443954],[14.491208840917107,50.98434979372958],[14.490953492919697,50.984518290367916],[14.490897945332305,50.9845405358256],[14.49084133780187,50.98456767944568],[14.490738040876476,50.98464985608196],[14.49064837353528,50.984801882310364],[14.490568222424086,50.98486410027266],[14.490441892678826,50.98494909909348],[14.490357973079714,50.98498422981961],[14.490333765612315,50.98501108222902],[14.49033225871592,50.98504660504811],[14.49035879270647,50.98507873941493],[14.490379917541425,50.98513653460926],[14.490345167884671,50.98517690250638],[14.490240433207854,50.98531021141292],[14.490146689157038,50.98541199029466],[14.490129797017042,50.98542695411327],[14.490073436637292,50.98544032944195],[14.490030920465953,50.98546079514195],[14.489984091193728,50.985507832644046],[14.489888870872202,50.9855925195712],[14.48984797018788,50.985667284049974],[14.48981220330219,50.985733600648956],[14.48972550136442,50.98579552560513]]},"properties":{"OBJECTID":105346,"fid_zbg":"3239101","jmeno":"Lesní potok","typtoku_p":"povrchový nesplavný","vydattok_p":"stálý","idvt":"10283941"}},{"type":"Feature","id":105834,"geometry":{"type":"LineString","coordinates":[[14.466713011097166,51.00954612672011],[14.466174442798275,51.00978361543996],[14.463910408580979,51.010684031841244]]},"properties":{"OBJECTID":105834,"fid_zbg":"3356419","jmeno":null,"typtoku_p":"povrchový nesplavný","vydattok_p":"stálý","idvt":"10224781"}},{"type":"Feature","id":106631,"geometry":{"type":"LineString","coordinates":[[14.467288879667482,50.97517835519057],[14.467223934099653,50.975215762886585],[14.46720390644845,50.97523390032206],[14.467188978637077,50.97525701475669],[14.467190729011232,50.97530261871834],[14.46719041486992,50.9753252725368],[14.467178947953887,50.97535031914563],[14.467166727949003,50.975363597279234],[14.467120574349229,50.97538491993177],[14.467101034469945,50.9753948436448],[14.46708213866023,50.97539384543415],[14.46703128077805,50.975389812362955],[14.466964371729818,50.975387567191234],[14.466907762333935,50.97539083917919],[14.466776515392668,50.975431479261566],[14.466737684798595,50.97545216464091],[14.46671309829242,50.97548469596087],[14.466660774244353,50.97553778282781],[14.46660216041712,50.97559005382193],[14.466572614973197,50.9756176202772],[14.466559635363945,50.97564897750457],[14.466527316035862,50.97570324920267],[14.466499685633465,50.97573324928502],[14.466436787235738,50.97580129874274],[14.466410915974595,50.9758211990629],[14.46632242954372,50.97584820674608],[14.466240378952866,50.975870055087626],[14.466190069934658,50.97589065535527],[14.466076120620547,50.975968807536695],[14.466045109577141,50.97599252752705],[14.46604361754956,50.9760491010861],[14.466029455818088,50.976089882130985],[14.466002383252375,50.97611929529443],[14.465947768613061,50.976179623333636],[14.465927895349699,50.97622553553827],[14.465900215038527,50.97624582374598],[14.465864105643814,50.97626257085223],[14.465755959829178,50.97628016720864],[14.465608961653242,50.97628342719172],[14.465530185977306,50.97629149600112],[14.465427426607713,50.97630148327029],[14.465369940943683,50.976308126397036],[14.465333758674213,50.976334483824424],[14.465325501035158,50.97634737858258],[14.465306199099146,50.97637011474383],[14.465302101827351,50.97638436712862],[14.465301359517746,50.9764043529982],[14.46532536065223,50.97642620574814],[14.465362965605298,50.976451593353744],[14.46537131088321,50.97647009672733],[14.465383348788965,50.976511328187705],[14.465357691790226,50.976585227741936],[14.465340377412627,50.97662265160014],[14.465311352117375,50.97664781326742],[14.465293370619161,50.976656510616365],[14.465252513356125,50.97665406722976],[14.465221762135325,50.9766514088025],[14.46518991396905,50.97665645781562],[14.465140047407548,50.97666838647594],[14.465084892197526,50.976707347341666],[14.465008700292081,50.97672933859932],[14.464980911714466,50.976783911042666],[14.464931438464982,50.97686491476388],[14.464906609093344,50.976880005821684],[14.46488212335292,50.97689086254473],[14.464799314648621,50.97691155587141],[14.46462921179832,50.97697759448271],[14.46451411753259,50.97706099934303],[14.464332963448527,50.977171353607176],[14.46413830146534,50.97724923990744],[14.464027829760422,50.97726164401054],[14.46396799679006,50.977267176389205],[14.463920020686475,50.97727237301389],[14.463877828121603,50.97727806966483],[14.463848647907422,50.9772820788968],[14.463825464416349,50.977298854394256],[14.463816234416736,50.97731556617263],[14.463796909365888,50.97736225142187],[14.463790852992572,50.97739348132298],[14.463782990107434,50.977429726322676],[14.46374500206374,50.977472348398216],[14.463707673844755,50.977494705249484],[14.463658581254329,50.97751432116486],[14.463609265064646,50.97754689132275],[14.463585465576486,50.97757776654061],[14.463608930145584,50.97770145677137],[14.46362557930828,50.977740637635414],[14.463622733813095,50.97780144913721],[14.463608736598843,50.97786265731427],[14.463607396428735,50.97786956351076],[14.463583908723063,50.977888998130354],[14.463537322009362,50.97790964721494],[14.463480931939657,50.97792182781454],[14.463399474230098,50.97791442188157],[14.463379837494607,50.97791617156103],[14.463369366215044,50.9779227055869],[14.46337091688341,50.97794470425387],[14.463420652618694,50.97804136201922],[14.463424178045516,50.978105264661906],[14.463408872449408,50.97812480792397],[14.463268453332875,50.97816329111817],[14.463066033919324,50.97821927588881],[14.463008556229527,50.978255676430265],[14.462973826474675,50.97828923547237],[14.462875790625334,50.978358237422775],[14.462839926164678,50.97838444036395],[14.462667180818942,50.97842883736349],[14.462516452519164,50.97845653940359],[14.462487263906102,50.978468531411345],[14.4624637283547,50.97851739278938],[14.462462220214583,50.9785660722048],[14.462490082528268,50.97860722083784],[14.462495801011555,50.97862921703421],[14.462462434061104,50.978712792334775],[14.462457024815281,50.97876381986815]]},"properties":{"OBJECTID":106631,"fid_zbg":"3342490","jmeno":null,"typtoku_p":"povrchový nesplavný","vydattok_p":"stálý","idvt":"10220076"}},{"type":"Feature","id":106668,"geometry":{"type":"LineString","coordinates":[[14.4347040503662,51.01648959098381],[14.435247690974396,51.01640853438627],[14.435832991335934,51.01630478226806],[14.436632450838701,51.01614813881214],[14.43691819296866,51.016092168591875],[14.437209179214785,51.01603516402237],[14.43836969430704,51.01580773130965],[14.438814043205625,51.015720664408356]]},"properties":{"OBJECTID":106668,"fid_zbg":"3335514","jmeno":null,"typtoku_p":"povrchový nesplavný","vydattok_p":"stálý","idvt":"10229434"}},{"type":"Feature","id":107734,"geometry":{"type":"LineString","coordinates":[[14.469018327310033,51.00369038737337],[14.46909595052839,51.00382072761841],[14.469165666072286,51.003937810726576],[14.469205313236742,51.0040393962973],[14.469235661893295,51.004159321218374],[14.469283832444798,51.00447547529324],[14.469338722875403,51.004660571526934],[14.469361743919958,51.00473341370241],[14.4693477421686,51.00485588621558],[14.469333554247982,51.004980011939374],[14.46934931712068,51.005030635389105],[14.469511509228365,51.00521293164346],[14.469554790998084,51.005248059185064],[14.469792510510219,51.00540566865653],[14.46995547343266,51.00551681367776],[14.470097266091793,51.00563686276281],[14.47019297895116,51.00571386771357],[14.470247864139338,51.00575993999491],[14.470257653598436,51.005772216286886],[14.47026338329895,51.00577974200134],[14.470286423564927,51.005812930820944],[14.470306657242311,51.00586535531663],[14.470309902983551,51.005904682358626],[14.47030370247943,51.00596574723915],[14.470273780784815,51.00604336186161],[14.470237515234192,51.00610183067662],[14.4702225205483,51.006151068102454],[14.470225264946889,51.00619476094858],[14.470251152119557,51.00623981707444],[14.47026060378855,51.00627247665033],[14.47025639629797,51.006311758882376],[14.470261531808571,51.006341777713224],[14.470275749927234,51.00637566535413],[14.470282118982176,51.00639535765915],[14.470279335116544,51.00642741432937],[14.47024853014725,51.00646866386968],[14.470160992735307,51.00654937776104]]},"properties":{"OBJECTID":107734,"fid_zbg":"3855786790879232","jmeno":"Lesní potok","typtoku_p":"povrchový nesplavný","vydattok_p":"stálý","idvt":"10283941"}},{"type":"Feature","id":108643,"geometry":{"type":"LineString","coordinates":[[14.381966913198337,51.02104243002523],[14.381767198024221,51.021077339666505],[14.381558565756608,51.02116770222093]]},"properties":{"OBJECTID":108643,"fid_zbg":"3237468","jmeno":null,"typtoku_p":"povrchový nesplavný","vydattok_p":"stálý","idvt":"10224770"}},{"type":"Feature","id":109205,"geometry":{"type":"LineString","coordinates":[[14.386771965853082,50.98065003514862],[14.38677130616571,50.980769561002894],[14.3867510328016,50.98080627673075],[14.386770614908663,50.98089291323497],[14.386903033497934,50.98106936495924],[14.386985308326649,50.9811370997977],[14.387086455567095,50.98115269836627],[14.38720478570605,50.98118904823383],[14.387291794034486,50.98124111642988],[14.387458489113206,50.98135829802362],[14.387629330791913,50.9814940606157]]},"properties":{"OBJECTID":109205,"fid_zbg":"3237022","jmeno":null,"typtoku_p":"povrchový nesplavný","vydattok_p":"občasný","idvt":"10227191"}},{"type":"Feature","id":109573,"geometry":{"type":"LineString","coordinates":[[14.453090870201432,50.989058722693066],[14.453104345504409,50.98912884030044],[14.45310654711704,50.98919480699458],[14.453112286395731,50.989246472947535],[14.453128721700761,50.989266766039286],[14.453181932891967,50.98928915258405],[14.453198232835472,50.989310069029344],[14.453221702513027,50.989393934444664],[14.453257379317415,50.989426235166704],[14.453312280507356,50.98945738680502],[14.453383468090925,50.98947642948158],[14.45349853090316,50.98948738336938],[14.453805108266408,50.989524615287046]]},"properties":{"OBJECTID":109573,"fid_zbg":"3238004","jmeno":null,"typtoku_p":"povrchový nesplavný","vydattok_p":"stálý","idvt":"10229448"}},{"type":"Feature","id":109589,"geometry":{"type":"LineString","coordinates":[[14.434479189844993,50.9909034335391],[14.43469245749433,50.99106961836486],[14.434918019536212,50.99127371335828],[14.435043252395172,50.99144670117093],[14.435099077448935,50.99161031556621],[14.435321571246421,50.99178492872072],[14.43539608091895,50.99192875036181],[14.435464639981825,50.9919869525606],[14.435575086254142,50.99200659640762],[14.43572355599939,50.99199750853878],[14.435848014521925,50.99198116784525],[14.435927425074063,50.99199412934471],[14.435969635874168,50.99202146800191],[14.435996113969734,50.99206032654048],[14.436035824020099,50.9920833021224],[14.436142237877254,50.99209703424023],[14.436226299724426,50.99215667023398],[14.436330641001188,50.99219756813284],[14.436376264963608,50.992237169516336],[14.436512037716625,50.99226463254521],[14.436617701162515,50.99233929594751],[14.436845089868676,50.99243330902434],[14.436928339652553,50.992488754926036],[14.436967160733388,50.992565373404055],[14.437041854969465,50.99261058755489],[14.43721523376474,50.992675331762065],[14.437377424231332,50.992710889585496],[14.43762752855973,50.99281211341916],[14.43768864105821,50.99285771065953],[14.4376934734654,50.99290421940186],[14.437708670747991,50.99294273492993],[14.437799382558838,50.99299296560023],[14.437826716482748,50.99304977116024],[14.437876995749825,50.99307399750781],[14.438005946404338,50.99310250046861],[14.43818341425858,50.99311370471091],[14.438331538258081,50.99314586467915],[14.43849434435499,50.99317615741295],[14.438582183479523,50.993219905426166],[14.438607292708053,50.99327973878973],[14.438584809317101,50.99336478084326],[14.438609150014202,50.99347295106998],[14.438697195335571,50.99358963499156]]},"properties":{"OBJECTID":109589,"fid_zbg":"3348989","jmeno":"Stříbrný potok","typtoku_p":"povrchový nesplavný","vydattok_p":"stálý","idvt":"10101808"}},{"type":"Feature","id":110342,"geometry":{"type":"LineString","coordinates":[[14.470600194348144,51.00658129539081],[14.470484419217131,51.00673630398376],[14.47044582307976,51.00678794892771],[14.470403511731908,51.00684458938355],[14.470160138196555,51.00706306297003]]},"properties":{"OBJECTID":110342,"fid_zbg":"3237046","jmeno":null,"typtoku_p":"podzemní","vydattok_p":"stálý","idvt":"10227173"}},{"type":"Feature","id":110481,"geometry":{"type":"LineString","coordinates":[[14.450455206927089,51.0263432724439],[14.45049528498758,51.02634625749776],[14.45053689829491,51.02635481878317],[14.450618927841585,51.02637784375891],[14.450653769986886,51.026391544172185],[14.450680589656141,51.02640297220725],[14.450728166092402,51.02642155703105],[14.450761094218832,51.02643896583114],[14.450783861411686,51.02644779342527],[14.450806379494402,51.02645829602276],[14.450820236716869,51.0264711161562],[14.450881475789735,51.026519560434735]]},"properties":{"OBJECTID":110481,"fid_zbg":"3342570","jmeno":"Dřevíč","typtoku_p":"povrchový nesplavný","vydattok_p":"stálý","idvt":"10112527"}},{"type":"Feature","id":110760,"geometry":{"type":"LineString","coordinates":[[14.450881475789735,51.026519560434735],[14.451019983714747,51.02646875637969],[14.451068881294903,51.02646618037928],[14.451120631357508,51.02646702638117],[14.451189174644488,51.026472681317266],[14.451355525699393,51.02658296175739],[14.45138885255352,51.02659509744444]]},"properties":{"OBJECTID":110760,"fid_zbg":"3237417","jmeno":"Dřevíč","typtoku_p":"povrchový nesplavný","vydattok_p":"stálý","idvt":"10112527"}},{"type":"Feature","id":111709,"geometry":{"type":"LineString","coordinates":[[14.381524134102524,51.0040046732241],[14.381943045325357,51.003807380941026],[14.382070966743854,51.00376235792388],[14.38227890101159,51.00373746174916],[14.382393959593049,51.0037169785341],[14.382457503415269,51.00369939385882],[14.382495138059321,51.00368316359269],[14.382590952999546,51.00362581587733],[14.382891693263064,51.00344295314313],[14.383291209390764,51.003195105454544],[14.383381098648767,51.003145770442856],[14.383452258233856,51.00311894015432],[14.383535910911782,51.00311125474327],[14.383584468911442,51.003098334812535],[14.383683065364298,51.003065727802344],[14.383962382920052,51.003017556834315],[14.384754659130069,51.002862256990106],[14.38484101624938,51.002857982052504],[14.385739943350865,51.00278836495227],[14.385919816592018,51.002770093012174],[14.386081018194162,51.0027497412042],[14.386169731879813,51.002732059988276],[14.386235088019214,51.00271071150604],[14.386423354490429,51.0026139563606],[14.386762323303854,51.00241663007278],[14.387048258115163,51.00226123326758],[14.387137743630412,51.00220187969908],[14.387392277724274,51.00206380098286],[14.387627841222518,51.00193486778894],[14.387941606305375,51.001815918723466],[14.388323575798927,51.001666521642534],[14.388877831639435,51.00145327253447],[14.388993433421355,51.00141125379816],[14.389123688029901,51.00134891529722],[14.389904839554191,51.001053190974616]]},"properties":{"OBJECTID":111709,"fid_zbg":"3349422","jmeno":null,"typtoku_p":"povrchový nesplavný","vydattok_p":"stálý","idvt":"10227171"}},{"type":"Feature","id":113621,"geometry":{"type":"LineString","coordinates":[[14.455127635332836,51.00634260792228],[14.455120780268691,51.0063629090102],[14.455097485127483,51.0064218161334],[14.455072129948611,51.00646697269017]]},"properties":{"OBJECTID":113621,"fid_zbg":"3855778234499072","jmeno":null,"typtoku_p":"podzemní","vydattok_p":"stálý","idvt":"10231849"}},{"type":"Feature","id":113928,"geometry":{"type":"LineString","coordinates":[[14.496360009736064,51.03475115958646],[14.495487280479612,51.035013789247316]]},"properties":{"OBJECTID":113928,"fid_zbg":"4155861928771584","jmeno":null,"typtoku_p":"podzemní","vydattok_p":"stálý","idvt":null}},{"type":"Feature","id":114342,"geometry":{"type":"LineString","coordinates":[[14.482136511787068,50.981162106224694],[14.482111882572955,50.98122938243315],[14.48204138076699,50.98132200294259],[14.482017332883599,50.981344785280584],[14.481996904425468,50.9813627995784],[14.481958298947783,50.981385777184094],[14.481916045113065,50.981431573810006],[14.48188794301195,50.9814684309155],[14.481871953227085,50.98159269972042],[14.481836625241225,50.98163836824519],[14.481704757879445,50.98175154849864],[14.481679138411497,50.98181012072352],[14.48169341213039,50.98183711729887],[14.48168673883089,50.98186793090313],[14.48159992619909,50.982009312465436],[14.481382331379196,50.98246854382741],[14.481305830702459,50.9825364239107],[14.481195800815948,50.982629715379495],[14.481103705560622,50.98269262071385],[14.481083543578098,50.98277243902718],[14.481053713457465,50.98283518388436],[14.481045297541288,50.98285015234048],[14.480996606803874,50.98291172310395],[14.480975263537221,50.9829585076891],[14.48100757937348,50.98301699937771],[14.481025669522367,50.9830661891785],[14.481113774348856,50.983159070528785],[14.481166688289868,50.983231949986234],[14.481180657416523,50.98326499862169],[14.481188644243689,50.983295807285735],[14.481179520966105,50.983384380246],[14.481158735442971,50.98344318817577],[14.481153831752376,50.98347379161065],[14.481159492841462,50.98348879553345],[14.4811864456515,50.98350436680853],[14.481286623383395,50.98353487574635],[14.481307658924722,50.98354657966082],[14.481343618271664,50.98358161667344],[14.481381623509835,50.983628442519226],[14.481391488608473,50.98370831188459],[14.481386183643881,50.98378124741769],[14.48136789682053,50.983821219572995],[14.481357482628965,50.98385470414484],[14.48136285207239,50.983910870235],[14.481416871458217,50.98395808006433],[14.481457255415725,50.98403042228424],[14.481487695569937,50.984096916721754],[14.481508482941283,50.98416484618474],[14.481548112144514,50.984234038692655],[14.481578340391719,50.98430151272176],[14.481606823879623,50.98436974338206],[14.481622117016752,50.98441061742644],[14.481636775074715,50.984475659164715],[14.48161548430577,50.984496320725604],[14.481419243761307,50.9845735547881],[14.48128657335132,50.98466896628827]]},"properties":{"OBJECTID":114342,"fid_zbg":"3239327","jmeno":null,"typtoku_p":"povrchový nesplavný","vydattok_p":"stálý","idvt":"10234277"}},{"type":"Feature","id":114718,"geometry":{"type":"LineString","coordinates":[[14.456036692776586,51.0145873188215],[14.455976298002978,51.01459825542121]]},"properties":{"OBJECTID":114718,"fid_zbg":"3237413","jmeno":null,"typtoku_p":"povrchový nesplavný","vydattok_p":"stálý","idvt":"10222413"}},{"type":"Feature","id":114913,"geometry":{"type":"LineString","coordinates":[[14.430077687167278,51.00782554704022],[14.431294093294595,51.00751253225792],[14.431388759404493,51.00746883200585],[14.43145218723622,51.007412135321864]]},"properties":{"OBJECTID":114913,"fid_zbg":"3237487","jmeno":null,"typtoku_p":"povrchový nesplavný","vydattok_p":"občasný","idvt":"10236526"}},{"type":"Feature","id":116640,"geometry":{"type":"LineString","coordinates":[[14.505520359921233,50.98322288363],[14.505335912221058,50.983168694699486],[14.505256635505242,50.983098340580085],[14.504896217928996,50.9829718856932],[14.504792210874124,50.98294728242311],[14.504572320869567,50.98285486965844],[14.504491158509353,50.98283082686319],[14.504355335269102,50.98279091948746],[14.504164913236421,50.98273107039282],[14.5041341760715,50.98271436269442],[14.504071696444539,50.982657002100844],[14.50375538670453,50.98249006188871],[14.503693277754302,50.98246158101228],[14.503587822249946,50.98235171367399],[14.503528209032591,50.982313015102676],[14.503400071341721,50.98228483571197]]},"properties":{"OBJECTID":116640,"fid_zbg":"3239108","jmeno":null,"typtoku_p":"povrchový nesplavný","vydattok_p":"stálý","idvt":"10220089"}},{"type":"Feature","id":117066,"geometry":{"type":"LineString","coordinates":[[14.44183622118867,51.009858687346835],[14.44190863333007,51.00985570302718],[14.441979276801602,51.00984630537095],[14.442073762138486,51.009844388384074],[14.442177579653482,51.009872819984935],[14.442320500791682,51.009921212919714],[14.44247721794091,51.0100265063517],[14.442578689812127,51.010063144825075],[14.442780759458433,51.01013779741702],[14.442917396261969,51.01018883899792],[14.443296437162836,51.010322433187866],[14.443352748719441,51.01035842740819],[14.44349463312795,51.01043539851906],[14.44358088990874,51.01054066898119],[14.443673691506252,51.01061783632673],[14.443873731950392,51.01076398493106],[14.443944511821162,51.0108022292309],[14.443999267511206,51.01081232203542],[14.444036294116922,51.01081677926442],[14.444170671376572,51.01081772393937],[14.444211250582324,51.0108288576333],[14.44424160331232,51.0108479972688],[14.444314158252844,51.01097415462352],[14.44445515899729,51.01111881129384],[14.444499953083428,51.011163597205815],[14.444571891825783,51.01121390814108],[14.444679348638351,51.01140157745296],[14.444718504394732,51.011431821682876],[14.444840305450276,51.011472213380905],[14.444871846237127,51.011491183443226],[14.44490180706435,51.011516095401056],[14.444932732661755,51.011524669397524],[14.444988931539578,51.01153606600273],[14.445023691550352,51.01155676627496],[14.445084990361066,51.01165778815667],[14.445212686251637,51.01188268238272],[14.445268741251052,51.01195557872248],[14.4454024418188,51.012045084463615],[14.445522290041799,51.01213810885351],[14.44551974569065,51.012224532115546],[14.445491235334192,51.012272961936254],[14.445458396599395,51.012328728858726],[14.445475188056411,51.012409567531186],[14.44568795078462,51.01260103274911],[14.445936454248972,51.01304134929307],[14.446045153117378,51.01312712963585],[14.44611056905649,51.01317875269393],[14.446321363296077,51.01331058400228],[14.447241012886732,51.01380442082384],[14.44790627636327,51.01416030904085],[14.448253086908114,51.01434489447159],[14.44848969580733,51.01455053678299]]},"properties":{"OBJECTID":117066,"fid_zbg":"3355982","jmeno":null,"typtoku_p":"povrchový nesplavný","vydattok_p":"stálý","idvt":"10231843"}},{"type":"Feature","id":117204,"geometry":{"type":"LineString","coordinates":[[14.46547678503049,51.02519762260283],[14.465232345262608,51.02522288262581],[14.465126471274713,51.02522843694493],[14.464893176395993,51.02524788176415],[14.464658720637761,51.02527830307486],[14.464091697287058,51.025325772149706],[14.463969360384555,51.025344600695036],[14.463750581238305,51.02541670031001],[14.463639381211713,51.025491558899624],[14.463589171308177,51.02558366033918],[14.463649247842715,51.0257756282436],[14.463615826130098,51.025812677728545],[14.463567850620967,51.02584745415199],[14.463471558231698,51.02590400416866],[14.463434136631532,51.02594450035805]]},"properties":{"OBJECTID":117204,"fid_zbg":"3356313","jmeno":null,"typtoku_p":"povrchový nesplavný","vydattok_p":"stálý","idvt":"10227162"}},{"type":"Feature","id":117275,"geometry":{"type":"LineString","coordinates":[[14.475834256727413,50.99623348264347],[14.475603396258483,50.99628776483085],[14.47543331230486,50.99634021675453],[14.475184757293182,50.99639587385942],[14.47507380514529,50.996402353595066],[14.474948010596853,50.99646271069503],[14.474859129676258,50.99649205228899],[14.474717755446216,50.99649164152746],[14.474405037050822,50.996461287794205]]},"properties":{"OBJECTID":117275,"fid_zbg":"3314804","jmeno":null,"typtoku_p":"povrchový nesplavný","vydattok_p":"stálý","idvt":"10220072"}},{"type":"Feature","id":117341,"geometry":{"type":"LineString","coordinates":[[14.40942814104428,51.00899086215126],[14.408942428236532,51.009298534340275]]},"properties":{"OBJECTID":117341,"fid_zbg":"3237189","jmeno":"Velkošenovský potok","typtoku_p":"povrchový nesplavný","vydattok_p":"stálý","idvt":"10103812"}},{"type":"Feature","id":118024,"geometry":{"type":"LineString","coordinates":[[14.450655503540915,51.02943051409379],[14.450663805790397,51.029504809581525],[14.450719242971351,51.029593251255704],[14.45077110334075,51.02973651686873],[14.45083246657469,51.030042511005654]]},"properties":{"OBJECTID":118024,"fid_zbg":"1901808045786490","jmeno":null,"typtoku_p":"povrchový nesplavný","vydattok_p":"stálý","idvt":"10227161"}},{"type":"Feature","id":118836,"geometry":{"type":"LineString","coordinates":[[14.426018209159059,51.00589337762178],[14.426024327918784,51.00586859467408],[14.426055646935389,51.005845634412545],[14.42610606032871,51.00582677988819],[14.426208357840933,51.005810701304014],[14.426308130782777,51.00579630901422],[14.42637737807172,51.00576493395403],[14.42640938711761,51.00572098415539],[14.42643693834165,51.00568363393448],[14.426472124033092,51.005658105580736],[14.426500675736008,51.0056247434995]]},"properties":{"OBJECTID":118836,"fid_zbg":"4128827492007936","jmeno":null,"typtoku_p":"povrchový nesplavný","vydattok_p":"stálý","idvt":null}},{"type":"Feature","id":118968,"geometry":{"type":"LineString","coordinates":[[14.480376018575969,50.98940304021237],[14.479581934957158,50.98979172004849]]},"properties":{"OBJECTID":118968,"fid_zbg":"3237362","jmeno":null,"typtoku_p":"povrchový nesplavný","vydattok_p":"stálý","idvt":"10234266"}},{"type":"Feature","id":120328,"geometry":{"type":"LineString","coordinates":[[14.450299666492654,51.03330740253012],[14.449674794156984,51.03377070882107],[14.449583996732102,51.03379256973991],[14.449474369885293,51.03381897164076],[14.449448006305545,51.033825274456795],[14.449021849582957,51.03389115931743]]},"properties":{"OBJECTID":120328,"fid_zbg":"3855647321882624","jmeno":null,"typtoku_p":"povrchový nesplavný","vydattok_p":"stálý","idvt":"11001372"}},{"type":"Feature","id":120536,"geometry":{"type":"LineString","coordinates":[[14.4323808098321,50.9991360909632],[14.432421282520497,50.999202474651845],[14.432459913085694,50.99926543238233],[14.432474512308,50.99935225537442],[14.432495190410156,50.999514184525594],[14.432515767307933,50.999699694403645]]},"properties":{"OBJECTID":120536,"fid_zbg":"3237855","jmeno":null,"typtoku_p":"povrchový nesplavný","vydattok_p":"stálý","idvt":null}},{"type":"Feature","id":120976,"geometry":{"type":"LineString","coordinates":[[14.430579413813652,51.02165977127904],[14.430798339049863,51.02176900856462],[14.431084984720801,51.02204990141762],[14.431494770537004,51.02235372075586],[14.431730312666344,51.0225020024568],[14.432359454569982,51.02277915183003],[14.432626990675766,51.02287197406148],[14.432885092073475,51.02293751286288],[14.433337635318699,51.02305243122522]]},"properties":{"OBJECTID":120976,"fid_zbg":"3237249","jmeno":null,"typtoku_p":"podzemní","vydattok_p":"stálý","idvt":"10236505"}},{"type":"Feature","id":121103,"geometry":{"type":"LineString","coordinates":[[14.394980463515687,50.97647415200752],[14.394900867783386,50.97655430259517],[14.394897935829656,50.97667103394507],[14.394921060290962,50.97672703527946],[14.394880801385872,50.9768409435736],[14.39490805259161,50.976981689103496],[14.394868554599157,50.97718258921346],[14.394808957443864,50.97729553991437],[14.394813738014333,50.977466449974784],[14.394870618613702,50.97756268258984],[14.394812788182618,50.97770636531406],[14.394762137596484,50.97778625015988],[14.394668797779715,50.97785298208977],[14.394507783990761,50.977907108028674],[14.394431848147347,50.978013455223035],[14.39425466994236,50.978155195314386],[14.394107984743876,50.978250310885784],[14.393962882047047,50.97840989635607],[14.393962173184443,50.978443407187925],[14.39403322942012,50.978497774461445],[14.394108754928796,50.97865669635483],[14.39420320547828,50.978737671602254],[14.394234235847124,50.97879682930284],[14.394251894687905,50.97887522047932],[14.394314133548878,50.97892192389617],[14.394453964291793,50.978966762074116],[14.394508138620614,50.978999062091674],[14.394558874751828,50.979039864207614],[14.394574427599709,50.9791061854573],[14.394568934728932,50.97920923759918],[14.39454941074384,50.97925426725277],[14.394499549388529,50.979303551899065],[14.394247123341934,50.979437916005025]]},"properties":{"OBJECTID":121103,"fid_zbg":"3342042","jmeno":"Vilémovský potok (Poustevenský potok)","typtoku_p":"povrchový nesplavný","vydattok_p":"stálý","idvt":"10100689"}},{"type":"Feature","id":122169,"geometry":{"type":"LineString","coordinates":[[14.39271397819319,50.98217108235219],[14.392419380217014,50.98211627045805],[14.392288431650966,50.982079952884106],[14.3921057993738,50.98202439945466],[14.392032667799288,50.98199740746116],[14.391979637079926,50.98198821694433],[14.39193108125891,50.98199512257805],[14.391878344692728,50.98200885960208],[14.391663948848494,50.98212103429881],[14.391606504937842,50.982145458459684],[14.39158252386234,50.98214982174296],[14.391552283218944,50.98214987439859],[14.391493466495929,50.98214538816121],[14.391431872417172,50.982138482370765],[14.391404147217107,50.98212590567275],[14.391205642774773,50.98199959123564],[14.39075381382976,50.98172683455658]]},"properties":{"OBJECTID":122169,"fid_zbg":"3237037","jmeno":null,"typtoku_p":"povrchový nesplavný","vydattok_p":"stálý","idvt":"10229465"}},{"type":"Feature","id":122287,"geometry":{"type":"LineString","coordinates":[[14.442707910907151,50.97410161250659],[14.442698627661159,50.97418180120998],[14.442723646545788,50.974229333164494],[14.442793530060689,50.97426635396042],[14.442835790946276,50.9743515803987],[14.44284324240669,50.974437619414545],[14.442780966065838,50.974545615449635],[14.442756632384336,50.974611280965185],[14.442780782500735,50.974759990250256],[14.442834872932648,50.97490959709986],[14.442833832022616,50.974976065091724],[14.442717147681746,50.97506594635472],[14.442541667946308,50.9751797116426],[14.44247649362339,50.97530076635896],[14.442442352539208,50.97532983515043],[14.442364813458,50.97534607072351],[14.442296560248499,50.975368509199086],[14.442239925802669,50.97540030140772],[14.442206674868094,50.975438892092654],[14.442189860245346,50.97554267987679],[14.442167054457105,50.9756819585684],[14.442199617132708,50.97572843855643],[14.442213185430685,50.975839286542374],[14.442202229729624,50.97598440969774],[14.442197737441134,50.97599641392103],[14.442179745947895,50.9760867082355],[14.442141784037343,50.97625465025972],[14.442108473433741,50.9762816135068],[14.442034416441075,50.97630066390314],[14.441897030193793,50.976367420704364],[14.441779877925443,50.976445547894734],[14.441619910802913,50.97661087473381],[14.44160137154947,50.97667631647243],[14.441574080901061,50.97683753479794],[14.441550803882452,50.97686064951505],[14.441341084623465,50.976938113241],[14.441283845718184,50.97697941558931],[14.441252498218567,50.97704724953234],[14.441286856031587,50.97711422659275],[14.441392907436654,50.977213418919206],[14.44146930738024,50.9772394550979],[14.441542064392666,50.97735826278137],[14.441694427777408,50.97756834563529],[14.441771813109291,50.97762422579494],[14.441890040095553,50.9776581047713],[14.442045498879779,50.977702649363536],[14.442184280779655,50.97778272046771],[14.442242942377836,50.97787971085415],[14.442306067302138,50.9780317969718],[14.442323347748546,50.97820549620428],[14.442319441157382,50.978337167135955],[14.442287302729106,50.97843409274651],[14.442270608732732,50.97851484599222],[14.442290562747102,50.97859097193218],[14.44235622835207,50.978628053323725],[14.442461668781139,50.97866344562597],[14.442653184222719,50.9786983657601],[14.442753469016575,50.97874240203068],[14.442801096479043,50.97880296124449],[14.442846713957962,50.97889392162207],[14.442921006296327,50.97900106619932],[14.442935924995394,50.979083832437034]]},"properties":{"OBJECTID":122287,"fid_zbg":"3308034","jmeno":"Stříbrný potok","typtoku_p":"povrchový nesplavný","vydattok_p":"stálý","idvt":"10101808"}},{"type":"Feature","id":123291,"geometry":{"type":"LineString","coordinates":[[14.51337074806612,50.9939393588813],[14.513217914035671,50.993827680183166],[14.513160690150963,50.99376896472196],[14.513107384917358,50.99374775221317],[14.513087949187687,50.99374755932367],[14.513050638559204,50.99374340702328]]},"properties":{"OBJECTID":123291,"fid_zbg":"3314800","jmeno":"Rožanský potok","typtoku_p":"povrchový nesplavný","vydattok_p":"stálý","idvt":"10101135"}},{"type":"Feature","id":123872,"geometry":{"type":"LineString","coordinates":[[14.412271932694678,50.98111374069508],[14.411389690889585,50.98151630889713],[14.411050533783515,50.9816323617587],[14.410928604892353,50.98172547365778]]},"properties":{"OBJECTID":123872,"fid_zbg":"3237225","jmeno":null,"typtoku_p":"povrchový nesplavný","vydattok_p":"stálý","idvt":"0"}},{"type":"Feature","id":125776,"geometry":{"type":"LineString","coordinates":[[14.47621244157879,51.02369412749346],[14.476079083563125,51.02375719573288],[14.47596507425407,51.02378609842872],[14.475795794296744,51.02384234808408],[14.475714139822417,51.02387395095546],[14.475648105730166,51.02390980435275],[14.475608130720135,51.023966775602354]]},"properties":{"OBJECTID":125776,"fid_zbg":"3237093","jmeno":null,"typtoku_p":"povrchový nesplavný","vydattok_p":"stálý","idvt":"0"}},{"type":"Feature","id":125966,"geometry":{"type":"LineString","coordinates":[[14.49621144952407,51.01050029817594],[14.496067572439943,51.01057109576253],[14.495881465661649,51.01066692314631],[14.49579007342559,51.010731082149576],[14.495723668112905,51.01079739297462],[14.49566792917752,51.01082969616079],[14.495568902332634,51.010857364162405],[14.495400268144152,51.01089436861141],[14.495100663222525,51.010956470799],[14.494772076394824,51.011026236529545],[14.494435135524952,51.01108875022983],[14.49428863589597,51.01111051406614],[14.494151708776958,51.01111396081027],[14.493707449757332,51.011100914247656],[14.493437721100486,51.011086752210815],[14.493252079019658,51.01108200099347],[14.493192604458576,51.01108577722925],[14.493109132872304,51.01108275989277],[14.493010929543118,51.01109598201686],[14.492902564590688,51.01112093849457],[14.492770245010293,51.01116687367572],[14.49261419081375,51.01129123090852]]},"properties":{"OBJECTID":125966,"fid_zbg":"3314766","jmeno":null,"typtoku_p":"povrchový nesplavný","vydattok_p":"stálý","idvt":"10227177"}},{"type":"Feature","id":126007,"geometry":{"type":"LineString","coordinates":[[14.45083246657469,51.030042511005654],[14.450877224351432,51.030241865099875]]},"properties":{"OBJECTID":126007,"fid_zbg":"3237425","jmeno":null,"typtoku_p":"podzemní","vydattok_p":"stálý","idvt":"10227161"}},{"type":"Feature","id":126291,"geometry":{"type":"LineString","coordinates":[[14.483995427072394,50.98764469559134],[14.483892742273838,50.98765937019282],[14.483717349393565,50.98766020621762],[14.483558440591537,50.987659923891975]]},"properties":{"OBJECTID":126291,"fid_zbg":"3272915","jmeno":null,"typtoku_p":"povrchový nesplavný","vydattok_p":"stálý","idvt":null}},{"type":"Feature","id":127587,"geometry":{"type":"LineString","coordinates":[[14.49456280888472,50.98010494746966],[14.49443387581209,50.980191448203406],[14.494399267189323,50.98021060066298],[14.494326793332906,50.980220774151036],[14.494307628929096,50.980231641546865],[14.494292403612281,50.98026017577739],[14.494217411922987,50.98033182108009],[14.494147351301402,50.98038066732282],[14.494106761510768,50.9803915930701],[14.494010358699944,50.980456584677256],[14.493946620609673,50.98048284245558],[14.493911502266918,50.98051165780537],[14.493859543888886,50.98053992880734],[14.493811205388086,50.980580033124596],[14.493758559615461,50.98061214576126],[14.49371642448197,50.980644166450396],[14.49363439940896,50.98072772448231],[14.49354168992004,50.980812175891955],[14.493529889487093,50.98085942126001],[14.493561375148268,50.98093244250249],[14.493629466492276,50.981048172505005],[14.493620470149796,50.98108976283948],[14.493594966744524,50.98113192614378],[14.493529915758852,50.981192816018904],[14.493462618707904,50.981236184928655],[14.493443657543542,50.98127401331204],[14.493417865027567,50.981294923418794],[14.493293158070108,50.981363190219476],[14.49323056180136,50.98138283296001],[14.493193388026446,50.98139722811218],[14.493150845478816,50.98143710612943],[14.493119051165777,50.981476459128395],[14.493084573287502,50.9815255599008],[14.4930232941532,50.981622155182066],[14.492979179441619,50.981707166482266],[14.492977019314804,50.981725124100734],[14.493015227188604,50.98181423790893]]},"properties":{"OBJECTID":127587,"fid_zbg":"3239183","jmeno":null,"typtoku_p":"povrchový nesplavný","vydattok_p":"stálý","idvt":"10224799"}},{"type":"Feature","id":127850,"geometry":{"type":"LineString","coordinates":[[14.459030997781317,50.99299179577225],[14.459059845137752,50.99305141041434],[14.45907732354853,50.99333329697532],[14.459241684397524,50.99353703262413],[14.459353183565483,50.99361344689846],[14.459410896533473,50.99364492868813],[14.459555606108806,50.99370743026222],[14.459611566744815,50.9937473157305],[14.45963611021398,50.99375213237715],[14.459655392979233,50.993750587996345],[14.459840518144924,50.99359030788393],[14.459929904967819,50.99359290146609],[14.460000570333726,50.99359452044442],[14.46008015688934,50.993599677804674],[14.460142192056388,50.993611582607706],[14.460204866067453,50.99364299390996],[14.460341771916442,50.993754228189204],[14.46069346529848,50.99395561327237],[14.460760131182864,50.99410579166007],[14.460775762701378,50.99443140050715]]},"properties":{"OBJECTID":127850,"fid_zbg":"3308012","jmeno":null,"typtoku_p":"povrchový nesplavný","vydattok_p":"stálý","idvt":"10229448"}},{"type":"Feature","id":128135,"geometry":{"type":"LineString","coordinates":[[14.451928492756656,51.02633365884703],[14.451881142266853,51.02635955812311],[14.45138885255352,51.02659509744444]]},"properties":{"OBJECTID":128135,"fid_zbg":"3237416","jmeno":"Rožanský potok","typtoku_p":"povrchový nesplavný","vydattok_p":"stálý","idvt":"10101135"}},{"type":"Feature","id":129229,"geometry":{"type":"LineString","coordinates":[[14.429294774576416,51.02283515105268],[14.429314687543782,51.022849397405615],[14.429387078464293,51.02284859450948],[14.429424313706695,51.02286388846688],[14.429504570200775,51.02287320294581],[14.42955448248886,51.02288841605385],[14.429616029834234,51.022885221592176],[14.4296669068606,51.02289534673356],[14.429708816675086,51.02290569272865],[14.429771104404665,51.022909004071394],[14.429841781606486,51.02292002852882],[14.429857570075175,51.0229327378603],[14.429892334187437,51.02294418835706],[14.429981261676291,51.022965867180325],[14.430079613431548,51.022998433497726],[14.430180546650558,51.02302641482511],[14.430226536141312,51.02304246713408],[14.430281000370087,51.02305725781021],[14.430347462679505,51.02308696963151],[14.430377034191642,51.023094522304554],[14.430393726019922,51.02309252110716],[14.430450164872882,51.023104851689894],[14.430514163387606,51.02311021615981],[14.430542127975908,51.02312316396461],[14.430615398883923,51.02313813253588],[14.430683368047168,51.0231411191395],[14.430751890283469,51.02315939598172],[14.43080019633614,51.02318000373547],[14.430824847713867,51.023177784922005],[14.430874446999113,51.02318453255197],[14.430895002954431,51.02319847138399],[14.430976418012275,51.02321831892717],[14.431011232014471,51.02321897671289],[14.431055059897059,51.02323438770627],[14.431121161539934,51.0232452870304],[14.431193767862469,51.023262647283275],[14.431262440256955,51.02327957588334],[14.431312491539755,51.02329679622054],[14.431348893626167,51.02331591859923],[14.431402283989755,51.02333233948242],[14.431437355286972,51.02336087297302],[14.431463986905268,51.023368714974],[14.431495217465837,51.0233745965249],[14.431554272818804,51.02338878634323],[14.43158833427462,51.023414691888625]]},"properties":{"OBJECTID":129229,"fid_zbg":"3342546","jmeno":"Dřevíč","typtoku_p":"povrchový nesplavný","vydattok_p":"stálý","idvt":"10112527"}},{"type":"Feature","id":129383,"geometry":{"type":"LineString","coordinates":[[14.4139186213487,50.975790306412186],[14.413958180837088,50.97569797496823],[14.413910890898247,50.97568449304343],[14.413752538362003,50.975643513133285],[14.41364410967144,50.97561230610562],[14.413552024646897,50.9757015884599],[14.413483003746025,50.97568422186993],[14.413315117592727,50.97563950942703],[14.41317662092245,50.9756057435042],[14.413080701970667,50.975574706608214],[14.412979028277308,50.97556802139751],[14.412861892576101,50.97555407658639],[14.412762644330108,50.97553283963398],[14.412595622357385,50.975500976426325],[14.412506338863409,50.97549191061747],[14.41240368241532,50.97546448853974],[14.412351071006483,50.975402844855395],[14.412345355941655,50.97535589262065],[14.412335175296548,50.975329420995116],[14.41231241619027,50.97531713571985],[14.412220576642127,50.97529369308604],[14.412074091433675,50.975277786438006]]},"properties":{"OBJECTID":129383,"fid_zbg":"3356312","jmeno":null,"typtoku_p":"povrchový nesplavný","vydattok_p":"stálý","idvt":"10231865"}},{"type":"Feature","id":130164,"geometry":{"type":"LineString","coordinates":[[14.388030432312215,50.983097215470664],[14.387877628902324,50.983200784842566],[14.387782222736528,50.98326753268903],[14.387746449916184,50.98329190112494],[14.387703408253461,50.98330283334203],[14.387605240950995,50.983326712086075],[14.387428467054342,50.98341347543627],[14.387323344054908,50.98343208418082],[14.387228851337756,50.983431656554814],[14.387103710996575,50.98341295229296],[14.386971225638236,50.983359989765695],[14.386721946413644,50.9832913087963]]},"properties":{"OBJECTID":130164,"fid_zbg":"3342525","jmeno":"Vilémovský potok (Poustevenský potok)","typtoku_p":"povrchový nesplavný","vydattok_p":"stálý","idvt":"10100689"}},{"type":"Feature","id":130344,"geometry":{"type":"LineString","coordinates":[[14.479271741739728,51.01844548773082],[14.479101161836011,51.018360558431034],[14.47885866306255,51.018263710466165],[14.47873003605926,51.018216146813245],[14.478659046879905,51.018183352166],[14.478600388109596,51.018137468663156],[14.478549551534272,51.01809398349195],[14.478490959906216,51.01802523516168]]},"properties":{"OBJECTID":130344,"fid_zbg":"4142060319801344","jmeno":null,"typtoku_p":"povrchový nesplavný","vydattok_p":"občasný","idvt":"10224778"}},{"type":"Feature","id":130619,"geometry":{"type":"LineString","coordinates":[[14.386231381996208,50.99221998955467],[14.386161951611506,50.99217982491462],[14.38609045632604,50.992156992693076],[14.386042293509258,50.99214054810859],[14.385676671822644,50.99195016483555],[14.385653653170955,50.991938069786556],[14.385627967071034,50.99192535221192],[14.38533075686591,50.99176579772567],[14.38507751725913,50.9916431101846],[14.385011311047698,50.991624367423206],[14.384952691718475,50.991623525681476],[14.384915433954859,50.991629535332095],[14.38488384741656,50.99164511277204],[14.384855596417449,50.99167304888297],[14.384836666614714,50.99170924654612],[14.384832436673086,50.99174870283133],[14.384824059722089,50.99178174565742],[14.384813456698847,50.991800775216824],[14.384797797767938,50.991820308014596],[14.384761972021249,50.99185829130612],[14.384718672389122,50.99189961597651],[14.38469378926833,50.99191820003801],[14.384655404390717,50.99194020831152],[14.384553881052303,50.99196717838114],[14.384131173183219,50.992057014531596],[14.384045104096144,50.99207130248979],[14.383915672538581,50.99207960774489],[14.383772752847134,50.99207674752795],[14.383741871627313,50.99207818569596],[14.383652687521742,50.992079961460334],[14.383584621716968,50.992075174711964],[14.383561093390998,50.992075402382895]]},"properties":{"OBJECTID":130619,"fid_zbg":"3328644","jmeno":"Velkošenovský potok","typtoku_p":"povrchový nesplavný","vydattok_p":"stálý","idvt":"10103812"}},{"type":"Feature","id":130715,"geometry":{"type":"LineString","coordinates":[[14.44494542744322,50.98196667371636],[14.444855983679115,50.98203809544982],[14.444699952157226,50.98207968866947],[14.44457779346841,50.982134522316464],[14.444525451576435,50.982152489062756],[14.444466069016324,50.98215523880327],[14.444383401373972,50.982152968519394],[14.44433912114788,50.9821551392004],[14.444177792715498,50.98218479594968],[14.44412804774785,50.98219808819168],[14.444082272362282,50.982216260646034],[14.444067811798138,50.982234714105566],[14.444036872943224,50.98223620762337],[14.443981427491668,50.98222104376333],[14.443940047660526,50.982221905023444],[14.44388747476889,50.982240668057365],[14.443849343304752,50.98226295021997],[14.443763755202276,50.98228343508493],[14.443572366590425,50.98228482028702],[14.443384767351231,50.98237415831747],[14.443135880640991,50.98245463943278],[14.442859375658763,50.9825411016935],[14.442730251128664,50.982589614415645],[14.442356374983433,50.98267630469653],[14.442250136380537,50.98268321397828],[14.442054598439963,50.982672669580154],[14.441937674294508,50.98269527418774],[14.441651078381195,50.98278681144534],[14.441490989153571,50.98281861362266],[14.441393294561742,50.982806520011394],[14.441303741205038,50.98274363442408],[14.441103364327036,50.98267357795054],[14.441011733462728,50.98266400540181],[14.440924638741414,50.98267587476098],[14.440727530332941,50.98276667157385],[14.440639862414736,50.982793733422426],[14.440460278494804,50.982798586320634],[14.440326570649637,50.982835177064985],[14.440103312746981,50.98298540234947],[14.439984201343941,50.98308368267845],[14.439924402842564,50.98311133544832],[14.439795449777957,50.9831492540871]]},"properties":{"OBJECTID":130715,"fid_zbg":"3342544","jmeno":"Stříbrný potok","typtoku_p":"povrchový nesplavný","vydattok_p":"stálý","idvt":"10101808"}},{"type":"Feature","id":137894,"geometry":{"type":"LineString","coordinates":[[14.463753649736018,50.98620256213498],[14.463744065795643,50.9862179823408],[14.463822318381238,50.98627639592877],[14.463865623592206,50.98630767407918],[14.463978060918341,50.9863693147044],[14.464084146833768,50.98640445004974],[14.464162940899694,50.98642042411851],[14.464243889031493,50.98644879576719],[14.464332365083097,50.98648699023813],[14.464396657126061,50.986544432495215]]},"properties":{"OBJECTID":137894,"fid_zbg":"33189817646841856","jmeno":null,"typtoku_p":"povrchový nesplavný","vydattok_p":"občasný","idvt":"11001050"}},{"type":"Feature","id":137895,"geometry":{"type":"LineString","coordinates":[[14.464396657126061,50.986544432495215],[14.46458061308893,50.986714218829796],[14.464622560706824,50.986754143195846],[14.46468215322322,50.9867868741037],[14.46476127174354,50.98680387370111],[14.46490690599858,50.98680049391079],[14.465093483565528,50.98679920113118],[14.465189238217254,50.98680312249681],[14.465303719256719,50.986805332725325],[14.465377465978094,50.98681787576493],[14.465458024334,50.9868374488516],[14.465506662754848,50.986848456817796],[14.465595634680168,50.986913393013886],[14.465615598850645,50.98692273922875],[14.465706526841517,50.986944206285564],[14.465892805350627,50.98696874258543],[14.465918521587238,50.986979402367716],[14.465995604388592,50.98702825056999],[14.466046853380346,50.98706896906599],[14.466085587084763,50.98708256826983],[14.466311991736847,50.98712091408292]]},"properties":{"OBJECTID":137895,"fid_zbg":"33190227614892032","jmeno":null,"typtoku_p":"povrchový nesplavný","vydattok_p":"stálý","idvt":"10220076"}},{"type":"Feature","id":137896,"geometry":{"type":"LineString","coordinates":[[14.464129133405201,50.98594477548233],[14.463869212982184,50.9860864998122],[14.463753649736018,50.98620256213498]]},"properties":{"OBJECTID":137896,"fid_zbg":"33189724180971520","jmeno":null,"typtoku_p":"povrchový nesplavný","vydattok_p":"stálý","idvt":"11001050"}},{"type":"Feature","id":138484,"geometry":{"type":"LineString","coordinates":[[14.37911154129526,50.987516659978525],[14.379111570512881,50.9875588379457],[14.379099154143184,50.98762845932599],[14.379069260690228,50.987698716812524],[14.37905643517553,50.987759301233325],[14.379053028379976,50.98779983674789],[14.379060797285355,50.98787011066375],[14.379058708488929,50.98791184993272],[14.379057158799737,50.987990085990226],[14.37900046886545,50.988157638894855],[14.378983011749648,50.98818912795458],[14.378941284455376,50.988220497634394],[14.378915357814252,50.988288260780244],[14.378891751931993,50.988453625318215],[14.37890176033543,50.98853127189639],[14.378900941602025,50.98858330277601],[14.378840031220944,50.988759362040966],[14.378615130405564,50.98921757003274],[14.378575985027057,50.98929527824189],[14.378532059073624,50.9893501572134],[14.378330810352457,50.98951427319624],[14.37824023309881,50.98955764477304],[14.378046613393838,50.989614627596985],[14.377938587229387,50.98965166870539],[14.3778446648333,50.98968667264781],[14.377717133343332,50.989760940207354],[14.377509268509346,50.98988293807447],[14.377187140338858,50.990061068398376],[14.377135130340442,50.99008862848811],[14.377043408203223,50.99012559315801]]},"properties":{"OBJECTID":138484,"fid_zbg":"3328569","jmeno":"Vilémovský potok (Poustevenský potok)","typtoku_p":"povrchový nesplavný","vydattok_p":"stálý","idvt":"10100689"}},{"type":"Feature","id":139060,"geometry":{"type":"LineString","coordinates":[[14.38834523455347,50.99806546981216],[14.38842471606638,50.99805359862351],[14.388453757119281,50.99805605460526],[14.388506928755714,50.99807355972685],[14.388533207923567,50.99808397781851],[14.38857140794121,50.99809801074786],[14.388604117064949,50.998110785249395],[14.388629876837195,50.99811805489652],[14.388708965488343,50.99813007658625],[14.388816252727088,50.99809882204233],[14.389089401643206,50.99798116325068],[14.389154553034606,50.99796413322169],[14.389388346564786,50.9979030243814],[14.38947594617439,50.99791531471661],[14.389533619810656,50.99792347526624],[14.389644665817114,50.997910867013395],[14.389962418236818,50.997812070211424],[14.390205434017908,50.99777315843517]]},"properties":{"OBJECTID":139060,"fid_zbg":"3237036","jmeno":null,"typtoku_p":"povrchový nesplavný","vydattok_p":"stálý","idvt":"10231852"}},{"type":"Feature","id":139061,"geometry":{"type":"LineString","coordinates":[[14.409379024467578,51.00711713946247],[14.409344637536037,51.00713302465368],[14.40924033754836,51.007166789839516],[14.409165444926083,51.00722198204422],[14.409156709001609,51.00725192709846],[14.409164341527879,51.00729464478091],[14.409170584469052,51.0073276512939],[14.409153025046653,51.00735453429573],[14.408964058546859,51.007439902276666],[14.40888050867621,51.00747064287452],[14.408791623307916,51.00748780901253],[14.408741813869643,51.00751623636095],[14.408505858293207,51.00773155210621],[14.408355360394964,51.00783114930811],[14.408314202489992,51.007848532882186],[14.40806000612536,51.008004620697136],[14.40761487876354,51.00833146494469],[14.407464591633392,51.008420590912074],[14.407123101794653,51.008602255693624],[14.407033844161464,51.00866301287062],[14.406945818552995,51.00878907783771]]},"properties":{"OBJECTID":139061,"fid_zbg":"3237496","jmeno":null,"typtoku_p":"povrchový nesplavný","vydattok_p":"stálý","idvt":"10220057"}},{"type":"Feature","id":140855,"geometry":{"type":"LineString","coordinates":[[14.410878264213224,51.00977761452078],[14.410714902078542,51.00967076105027],[14.410661027374541,51.00963516928352]]},"properties":{"OBJECTID":140855,"fid_zbg":"4076322422784000","jmeno":"Velkošenovský potok","typtoku_p":"povrchový nesplavný","vydattok_p":"stálý","idvt":"10103812"}},{"type":"Feature","id":141762,"geometry":{"type":"LineString","coordinates":[[14.376826362075894,50.98412359461032],[14.37689252792626,50.984089257216326],[14.376933502176453,50.98408266719119],[14.377000357958464,50.98409575585857],[14.377059420699704,50.98412540545192],[14.377104613420126,50.98419150245445],[14.37711181321862,50.98425056637087],[14.377125998722867,50.98429281743985],[14.377149814126248,50.98432456575098],[14.377216488266292,50.984359506596036],[14.377256294579386,50.98438584371657],[14.377303025318156,50.984419952977994],[14.377349485217357,50.9844802622547],[14.377387400805013,50.984517867608446],[14.37744353630892,50.98454644505188],[14.377533486569362,50.98456699131093],[14.377598905171192,50.98458993556877],[14.377642865029875,50.98461962905689],[14.377691879513822,50.984679434952284],[14.37775576391642,50.984773112659454],[14.37783078233796,50.984885545922005],[14.377873599647062,50.984978929310536],[14.377905791375241,50.985062403091575],[14.377930671837404,50.985178631428965],[14.377927486139251,50.98525756896999],[14.3779108885236,50.985435241004545],[14.377905223347417,50.98555769863891],[14.377913519117083,50.98566431448342],[14.377947151684744,50.98574646197019],[14.3780076509471,50.9858286832775],[14.37806472046941,50.98587993570044],[14.378181559647992,50.985949737539656],[14.378329851006804,50.98604333269051],[14.378622982509153,50.98627849453996],[14.378743767435965,50.986369691063146],[14.378847165378636,50.98644902747618],[14.379060554369685,50.98660391919664]]},"properties":{"OBJECTID":141762,"fid_zbg":"3238052","jmeno":null,"typtoku_p":"povrchový nesplavný","vydattok_p":"stálý","idvt":"10236536"}},{"type":"Feature","id":142423,"geometry":{"type":"LineString","coordinates":[[14.439065040834825,50.98672849480229],[14.438998075285424,50.986800836206825],[14.438970806914709,50.98690108701651],[14.439000768783238,50.98706336525856],[14.438977822891843,50.987137135046076],[14.438927182755506,50.98720605531722],[14.438643609116587,50.98739224385207],[14.438574206569834,50.98739040309233],[14.438525767165997,50.98736633589776],[14.438404308020418,50.98726764954905],[14.438348132061538,50.987258861873556],[14.438118528788655,50.987335308750254],[14.437935464677478,50.987436755860415],[14.437816917535459,50.987581264968206],[14.437595994073787,50.98773713400347],[14.437495914000014,50.987770649231784],[14.437419103134708,50.987856444702516],[14.437347333451077,50.98794648765313],[14.437097695170538,50.98808698392776],[14.436961381521654,50.988219972559506],[14.436788715352762,50.98836160510238],[14.436695503444927,50.98837054695286],[14.436563227908977,50.988363201339645],[14.436356513802927,50.988319608297594],[14.436274433260971,50.98831703035209],[14.436145447697053,50.98832971199839],[14.435669429098668,50.98848723805334],[14.435436504101835,50.988566940197906],[14.435224676938525,50.988664892745284],[14.434915096830956,50.9887544618665],[14.434731915921002,50.98886959504501],[14.434540798359416,50.98899411091441],[14.434442815992222,50.989090953257026],[14.434277464420287,50.98928466055158],[14.434245652491823,50.98937072650011],[14.434269112785646,50.98947628217503],[14.434245100237455,50.989699571511196],[14.434202972204982,50.989886541166825],[14.434190383658596,50.99001374075321],[14.434244767523252,50.990110636025214],[14.434255345557986,50.99017234149429],[14.43423342912257,50.99034636517952],[14.434338382331825,50.990543816921324],[14.434479189844993,50.9909034335391]]},"properties":{"OBJECTID":142423,"fid_zbg":"3314282","jmeno":"Stříbrný potok","typtoku_p":"povrchový nesplavný","vydattok_p":"stálý","idvt":"10101808"}},{"type":"Feature","id":142770,"geometry":{"type":"LineString","coordinates":[[14.431147101836487,51.00586722395151],[14.431254756457326,51.00586483381766],[14.431337052582876,51.00585672513573],[14.431558907930018,51.00580999631371],[14.431723302451383,51.00577269412278],[14.433259280080025,51.00541155225913],[14.433816980199154,51.00528978798458],[14.434396661710718,51.00516321232348],[14.435151418727042,51.00499078115181],[14.43523358603052,51.004977305829364],[14.435356738481419,51.004969105702564],[14.43570941549836,51.004955398700126],[14.435909188895403,51.00494764030524],[14.43594512106024,51.0049505631595],[14.435980362497874,51.00495329006171],[14.436015912505455,51.00495605276201],[14.436053274653217,51.0049659494563],[14.43654465103665,51.005101338481396]]},"properties":{"OBJECTID":142770,"fid_zbg":"3356378","jmeno":null,"typtoku_p":"povrchový nesplavný","vydattok_p":"stálý","idvt":"10229443"}},{"type":"Feature","id":143146,"geometry":{"type":"LineString","coordinates":[[14.460861171645226,50.98021418125826],[14.460413150154876,50.980639574719504],[14.460399058642738,50.98066662590409],[14.460371526272654,50.980728060675844],[14.460362026276242,50.98078302579758],[14.460380783076758,50.98080924345409],[14.460442384678203,50.980855451549495],[14.460571265677705,50.98091852831299],[14.460715626504863,50.980998620840914]]},"properties":{"OBJECTID":143146,"fid_zbg":"4058803737722880","jmeno":null,"typtoku_p":"povrchový nesplavný","vydattok_p":"stálý","idvt":"10220076"}},{"type":"Feature","id":144461,"geometry":{"type":"LineString","coordinates":[[14.386074838425838,50.97849025978267],[14.38605346963221,50.97854592585169],[14.386034879049824,50.97859348608453],[14.385840416284577,50.97877404313518],[14.385817981542989,50.97883609501151],[14.385841555492645,50.9788738907033],[14.385883111229592,50.97895237935038],[14.385919402234004,50.97904410162488],[14.385955569465768,50.97911666737138],[14.385980826870714,50.97919245649693],[14.385982164180612,50.97923104591817],[14.38596609372361,50.97927102226193],[14.385955072329118,50.97930762752182],[14.385974977530706,50.97936253426481],[14.3860185845494,50.979414878424734],[14.386133667273668,50.97949268638544],[14.386198585389495,50.979553601791615],[14.386233532477414,50.979631160528],[14.386253247888018,50.97969824581461],[14.386226741131633,50.97980331568758],[14.38621977802199,50.979902883691345],[14.386233980234325,50.979966784643665],[14.38627628379795,50.98003311572472],[14.386323197178443,50.98010189907374],[14.386346324453344,50.980192564891105],[14.386417266192622,50.98027826814053],[14.386491476705242,50.980324168117335],[14.386515831214494,50.980357412978805],[14.386535181671228,50.980464173214045],[14.386521620233314,50.98051108279236],[14.386445024660764,50.98061619877646],[14.38644079714574,50.980701940686416],[14.386475220862012,50.9807699987187],[14.386637492554167,50.98089365624505],[14.386758543992462,50.98115011042506],[14.386858492987061,50.981231943173015],[14.386911341558578,50.98128772319042],[14.386898256107328,50.98140708295959],[14.386916472416706,50.981446053818416],[14.386909664657775,50.98147259134187],[14.386833977060219,50.981530221971894],[14.386759302639804,50.981607413153924],[14.38675855882424,50.98164632021866],[14.386778538679991,50.98171621389761],[14.386855514635648,50.98182646956604],[14.38688371544657,50.98190550889946],[14.38692564771532,50.98196684375029],[14.386949084772242,50.98208148184876],[14.386947094909056,50.982116160854076],[14.386922857917877,50.982147794837424],[14.386880917188595,50.98216894891682],[14.386853938445718,50.9821943190638],[14.386849648552005,50.98223938679848],[14.38687446488045,50.98228189969896],[14.386970152319517,50.98236627351383],[14.387150740004662,50.98248508280076],[14.38716026149685,50.982508596635824],[14.387160399476148,50.98253755396286],[14.387135591442593,50.9825911965677],[14.387042691057525,50.98272420096486],[14.386947642737692,50.9828341523269],[14.38692822404631,50.982929550030825],[14.386870746242897,50.98303860027399],[14.386805299860223,50.98316693678247],[14.386721946413644,50.9832913087963]]},"properties":{"OBJECTID":144461,"fid_zbg":"4131037504339968","jmeno":null,"typtoku_p":"povrchový nesplavný","vydattok_p":"stálý","idvt":"10224792"}},{"type":"Feature","id":145478,"geometry":{"type":"LineString","coordinates":[[14.435721087133528,51.00665129330062],[14.435846513281353,51.00658219299205]]},"properties":{"OBJECTID":145478,"fid_zbg":"4130788748558336","jmeno":null,"typtoku_p":"podzemní","vydattok_p":"stálý","idvt":null}},{"type":"Feature","id":147120,"geometry":{"type":"LineString","coordinates":[[14.435823758488143,51.0062226892274],[14.435890987825932,51.006148228971824],[14.435931848711771,51.00606621273095],[14.435961500371645,51.00601389137017],[14.436026096335837,51.00596949701744],[14.436118788931028,51.005891155053384],[14.436228493099392,51.00583705969731],[14.436364378663159,51.005746582499846],[14.436400824775728,51.00571127153303],[14.436451579163567,51.00564589906637]]},"properties":{"OBJECTID":147120,"fid_zbg":"4130789604196352","jmeno":null,"typtoku_p":"povrchový nesplavný","vydattok_p":"stálý","idvt":null}},{"type":"Feature","id":147932,"geometry":{"type":"LineString","coordinates":[[14.431849000512825,51.004109297520024],[14.432199581797468,51.00407984165497],[14.43230159923702,51.00408456538873],[14.432342525173047,51.00409010883713]]},"properties":{"OBJECTID":147932,"fid_zbg":"4128878628962304","jmeno":null,"typtoku_p":"povrchový nesplavný","vydattok_p":"stálý","idvt":null}},{"type":"Feature","id":148220,"geometry":{"type":"LineString","coordinates":[[14.469224007062035,51.00255324556607],[14.469226033018781,51.002604950856934],[14.46922260915511,51.00264883696432],[14.469212581632858,51.002688433135134],[14.469200202908342,51.00274622474817],[14.469189919401131,51.00281550132251],[14.469168937242351,51.002859993929384],[14.469149897667094,51.00291667502211],[14.46916050762301,51.00294644106147],[14.469169828121757,51.00297684873164],[14.469187551472128,51.00301220069102],[14.469178632777576,51.00304343729799],[14.46916749547861,51.00307462745414],[14.46914947745859,51.00309730330128],[14.469119969384789,51.00312124580903],[14.469088619306854,51.003161168743],[14.469058765869852,51.00321169029396],[14.46904946092308,51.003261210393426],[14.469048523599772,51.00330039409588],[14.469068728073413,51.00333650467926],[14.4690949595043,51.00336730231657],[14.469101289390018,51.00338829781387],[14.469093537783568,51.00342416226147],[14.46903648966848,51.003501547795466],[14.469023438506797,51.003536455579656],[14.46901891434921,51.00357036699163],[14.469018327310033,51.00369038737337]]},"properties":{"OBJECTID":148220,"fid_zbg":"3855786086236160","jmeno":null,"typtoku_p":"povrchový nesplavný","vydattok_p":"stálý","idvt":null}},{"type":"Feature","id":148645,"geometry":{"type":"LineString","coordinates":[[14.409968773378267,51.00872291820744],[14.409715485784929,51.00878463575883],[14.409623308409481,51.00882544293932],[14.40952441475088,51.00890558899876],[14.40942814104428,51.00899086215126]]},"properties":{"OBJECTID":148645,"fid_zbg":"3237190","jmeno":null,"typtoku_p":"povrchový nesplavný","vydattok_p":"stálý","idvt":"10236520"}},{"type":"Feature","id":149856,"geometry":{"type":"LineString","coordinates":[[14.474643666375934,51.02428627856462],[14.474584909300628,51.02429454522261],[14.474532555953882,51.02428721608097],[14.474487348330316,51.02426816542341],[14.474429433597104,51.02424602256741],[14.474372159343478,51.02424480067017],[14.474302320714981,51.02426635423636],[14.474260779748745,51.02429207292589],[14.474258484210168,51.02430729737318],[14.474263870533429,51.024352759509334],[14.474229576457825,51.024368942733716],[14.474150075265598,51.02437469366304],[14.47407350534683,51.02438350978869],[14.474015721771968,51.0243945817963],[14.473942006712845,51.02442405630484],[14.473880801893607,51.024444268015806],[14.47379064197638,51.02445472375598],[14.473724586019648,51.024454195398015],[14.473680685668615,51.024447685948445],[14.473623072819025,51.024425478012354],[14.473596232745544,51.024411277749834],[14.473573719869481,51.02440498066537],[14.473545000294138,51.0244074015514],[14.47351376924872,51.02442139942475],[14.473464655610943,51.02443494295091],[14.473421149785194,51.02444252915617],[14.473366594052447,51.024445351631016],[14.473313484449124,51.02444548651829],[14.473107562537905,51.02445312001995],[14.472771594962424,51.024469399412354],[14.472620026626167,51.024478456312636],[14.472519705296053,51.024480050832366],[14.472431763850404,51.02447563733856],[14.472307321298047,51.02445845752367],[14.472221286915207,51.02445321050662],[14.472139937736486,51.024457530556454],[14.472057473833782,51.024467651218465],[14.471989039715737,51.02447145271508],[14.471898920811796,51.02446911893638],[14.471849614762165,51.024464319590315],[14.47175774049467,51.024466098105755],[14.471659229555499,51.02446730380613],[14.471503994098635,51.024461436732295],[14.471353020110135,51.02445648155424],[14.471276870176458,51.02446070540112],[14.471235083740018,51.024460365047034],[14.471195999581905,51.02445154866726],[14.471160169161122,51.02443502962503],[14.471126632194837,51.024424514658435],[14.471087886965124,51.024417451191255],[14.471039441505777,51.024413061437016],[14.470962605069257,51.02441607367037],[14.470919063218819,51.024419845593464],[14.470868920447117,51.024418239573635],[14.470755290391473,51.024406255152336],[14.470678388787196,51.024386100449725],[14.470585723123973,51.02434843672473],[14.470514748062058,51.02431754398161],[14.470440352801564,51.02429379513087],[14.47035357751105,51.02427605394683],[14.470263227146752,51.024274787560344],[14.470203265433232,51.024279319286734],[14.470100029376608,51.024290367330266],[14.470019940273781,51.024308765765454],[14.469973811906652,51.02432047900689],[14.469931732609458,51.02432546546271],[14.469858552713626,51.02432395713953],[14.469784006907496,51.02432078860679],[14.469732597793978,51.02432170370711],[14.46968500679909,51.02433220193754],[14.469614282772099,51.02435848475621],[14.469566746558158,51.024372707251416],[14.469467604714149,51.02439272671678],[14.469278560631894,51.02442068054117],[14.469141691607806,51.024436898788025],[14.469057477808397,51.024443146781856],[14.469011046188472,51.02444830155522],[14.468985038792104,51.02445413073559],[14.468950997256373,51.02446516327656],[14.468900001066126,51.02449532600878],[14.468821992928888,51.02455118989674],[14.468775237522097,51.024575731050064],[14.468717180834005,51.02460528422876],[14.468647035699865,51.02462889487914],[14.468556662151103,51.02465556749516],[14.468465760206895,51.02466876764002],[14.468356708216417,51.024678767875116],[14.468244550248956,51.02467988132296],[14.468177426621885,51.02468161648767],[14.468084417225711,51.024689281840566],[14.468005905130607,51.024708359517945],[14.467922702404117,51.024741094061206],[14.467877378703893,51.02477229048147],[14.467846103426734,51.02481431622084],[14.467784806925525,51.02486409242578],[14.467711548091916,51.024910658543945],[14.467663520892001,51.02493508954183],[14.467617467932929,51.02495506415977]]},"properties":{"OBJECTID":149856,"fid_zbg":"3349454","jmeno":null,"typtoku_p":"povrchový nesplavný","vydattok_p":"stálý","idvt":"10227162"}},{"type":"Feature","id":149966,"geometry":{"type":"LineString","coordinates":[[14.472617026882277,50.99822966560352],[14.47239341419993,50.998213061409494],[14.471969942969697,50.99817049002227],[14.471608336857209,50.9979742414478],[14.471194188527475,50.9977197102594],[14.471085053349618,50.99774556754459],[14.47095079167331,50.997793214608734],[14.470640831237818,50.99789726804364],[14.47031475631643,50.998031863364346],[14.470239077142395,50.998071232946856],[14.470080913523573,50.998221780758314],[14.469958482127026,50.99833948840879],[14.46978668568828,50.998479967759096],[14.469667221291147,50.9985919437894],[14.46938021370596,50.999074656928634]]},"properties":{"OBJECTID":149966,"fid_zbg":"3328688","jmeno":null,"typtoku_p":"povrchový nesplavný","vydattok_p":"stálý","idvt":"10231850"}},{"type":"Feature","id":150068,"geometry":{"type":"LineString","coordinates":[[14.41366680098735,51.00822210960707],[14.41270423703264,51.008584654416474],[14.41249019313894,51.00867186050401],[14.412318788761855,51.0087521535198],[14.412181441249,51.008830595137866],[14.412068904335639,51.00891990157275],[14.411972421507524,51.00900615626784]]},"properties":{"OBJECTID":150068,"fid_zbg":"4128669467410432","jmeno":null,"typtoku_p":"povrchový nesplavný","vydattok_p":"stálý","idvt":null}},{"type":"Feature","id":150470,"geometry":{"type":"LineString","coordinates":[[14.413905013400278,51.0074050661238],[14.413739435271298,51.00748241868492],[14.413498103181885,51.0075853121738],[14.4131228030733,51.00776303956785],[14.412645802128274,51.00800216093586],[14.412526907980318,51.00805997585926],[14.412312303855103,51.00812998442918],[14.411775977117477,51.00829689980483],[14.411702172962425,51.008322064899154],[14.411650739291057,51.008365323142655],[14.411599860555723,51.00839746949761],[14.411524256860867,51.00841440304166],[14.411385773573965,51.00840709383974],[14.411266070951937,51.00842246550698],[14.411224627982662,51.008431668441524],[14.41113152124564,51.00846567263579],[14.411032909682083,51.008526418365484],[14.410865974425871,51.008637955707115],[14.410715276051421,51.008709157163864],[14.410420337253878,51.00886275438989]]},"properties":{"OBJECTID":150470,"fid_zbg":"3237557","jmeno":null,"typtoku_p":"povrchový nesplavný","vydattok_p":"stálý","idvt":"10236520"}},{"type":"Feature","id":152211,"geometry":{"type":"LineString","coordinates":[[14.480982986277299,50.98479004429924],[14.481124516679273,50.984793612265136]]},"properties":{"OBJECTID":152211,"fid_zbg":"3239263","jmeno":null,"typtoku_p":"povrchový nesplavný","vydattok_p":"stálý","idvt":"10234269"}},{"type":"Feature","id":153650,"geometry":{"type":"LineString","coordinates":[[14.469164364852807,51.00972677445439],[14.469074308105828,51.00967649465653]]},"properties":{"OBJECTID":153650,"fid_zbg":"3237041","jmeno":null,"typtoku_p":"podzemní","vydattok_p":"stálý","idvt":"10222415"}},{"type":"Feature","id":153832,"geometry":{"type":"LineString","coordinates":[[14.515492867900283,50.98600014425431],[14.515904093495216,50.98596465986152],[14.51633506881713,50.98594420748592],[14.516502896502667,50.985931061755],[14.516693406194493,50.98593601341529],[14.516817569843234,50.985952042118235],[14.516933638455509,50.98598067340725],[14.517264484421325,50.98608820610851],[14.517667750399466,50.986252020708655],[14.517927314714616,50.98633058055583],[14.518433832115143,50.98638964031194],[14.518596584838281,50.9864512302841],[14.518844073217885,50.986566514104965],[14.519087813769891,50.98677570010277],[14.51920109572002,50.98693501727731],[14.519265524565888,50.98708495489187],[14.51929100182626,50.98727153995874]]},"properties":{"OBJECTID":153832,"fid_zbg":"3238952","jmeno":null,"typtoku_p":"povrchový nesplavný","vydattok_p":"stálý","idvt":"10101135"}},{"type":"Feature","id":154115,"geometry":{"type":"LineString","coordinates":[[14.414144162262657,51.011831720953445],[14.4141249536747,51.01182588867552],[14.413994098639924,51.01178680011666],[14.413829283180124,51.011778841693236],[14.413675159006157,51.01177725520497],[14.413593289203536,51.01175762590391],[14.413352978595087,51.01164122913783],[14.413198470351418,51.01160738975628],[14.412913845836007,51.01146826288062],[14.41232095021138,51.01130762873428],[14.412142884022764,51.01125560086682],[14.412051731486384,51.01122512928701],[14.411895030358423,51.01117274245452],[14.41172131833543,51.01109087817784],[14.411569356126792,51.01093505033438],[14.411421524689858,51.01087893269485],[14.411257743468685,51.01085636155675],[14.411142271007622,51.01081738948303],[14.410902885833234,51.01077219212372],[14.410718273402031,51.01074753878798],[14.410593996982845,51.01068366666567],[14.41056201877851,51.01059360472647],[14.410578327308182,51.010444405452056],[14.410609225665947,51.0103529088871],[14.410627064633752,51.01025864488524],[14.41067820689117,51.01013633365218],[14.410770823901645,51.01003486376578],[14.410889533966774,51.00991333991904],[14.41092050438494,51.00984589366443],[14.4109096090036,51.00981409838643],[14.410878264213224,51.00977761452078]]},"properties":{"OBJECTID":154115,"fid_zbg":"3237258","jmeno":"Velkošenovský potok","typtoku_p":"povrchový nesplavný","vydattok_p":"stálý","idvt":"10103812"}},{"type":"Feature","id":155239,"geometry":{"type":"LineString","coordinates":[[14.456036692776586,51.0145873188215],[14.45602843191804,51.01462097096599],[14.4560820525362,51.01489017654666],[14.456189572994738,51.01508110172628]]},"properties":{"OBJECTID":155239,"fid_zbg":"3237412","jmeno":"Rožanský potok","typtoku_p":"povrchový nesplavný","vydattok_p":"stálý","idvt":"10101135"}},{"type":"Feature","id":155284,"geometry":{"type":"LineString","coordinates":[[14.39075381382976,50.98172683455658],[14.3906701043232,50.9818461231851],[14.39042044154737,50.98206598749056],[14.389799430317918,50.98237397459402]]},"properties":{"OBJECTID":155284,"fid_zbg":"3237029","jmeno":"Vilémovský potok (Poustevenský potok)","typtoku_p":"povrchový nesplavný","vydattok_p":"stálý","idvt":"10100689"}},{"type":"Feature","id":155985,"geometry":{"type":"LineString","coordinates":[[14.477361822386213,51.0145105902365],[14.477205934912952,51.01444951337328],[14.477097989748637,51.014403458867406],[14.477008599364583,51.01435474117201],[14.476913999217151,51.01429423385058],[14.476778914995002,51.01420818852708],[14.47656363560322,51.014097351972794],[14.476376023792758,51.014024736754806],[14.476328655780875,51.014006406688786],[14.476284441721951,51.01399342908408],[14.47621494659443,51.01397500423117],[14.476159991727409,51.013949215428795],[14.476098808145032,51.01389975538335],[14.476019608839037,51.0138438419177],[14.475969953636064,51.0138201432485],[14.475929777286616,51.013805790180484],[14.475895147212745,51.013779124028005],[14.475859997897972,51.01371240520154],[14.475829338573801,51.01366875396771],[14.475784376869353,51.01363203349805],[14.475738957228717,51.01360870016784],[14.47569424425236,51.013594046267634],[14.47566004341813,51.01357866643525],[14.475637178226776,51.01355160008747],[14.475639048690095,51.01352559760253],[14.475646789658066,51.01349387821976],[14.47564390340325,51.013472037619046],[14.475624534367341,51.01343534807864],[14.475591759304912,51.01340875113619],[14.475554578643731,51.01338721727928],[14.475501213710217,51.01336537553721],[14.47544485218351,51.0133334773401],[14.475383786714202,51.01329210111927],[14.475305709360635,51.013250254819674],[14.475218154925575,51.01321629986989],[14.475155382381518,51.01319473479139],[14.475108002357421,51.0131771288419],[14.475056734171933,51.013148935883834],[14.475005830910302,51.01313166090106],[14.474960594505824,51.01312340267759],[14.47491577759702,51.01312116821862],[14.47485991391808,51.01312278867502],[14.474790608344723,51.0131114554055],[14.474746511419571,51.01309794288868],[14.474699876351607,51.01306098674595],[14.474647220999385,51.01301598120265],[14.474620627316106,51.01296950511519],[14.474591086165589,51.01293443230816],[14.474526361625491,51.01288824906224],[14.474483881576752,51.01284738747792],[14.4744514941465,51.01279977628537],[14.474410299994394,51.01276492250031],[14.474356704539842,51.01274414888299],[14.474252650882764,51.01273190305811],[14.474175289641803,51.01273384519962],[14.474097106203327,51.01272764215442],[14.474024145667498,51.01271327129965],[14.473918472710114,51.012676662870106],[14.473805155191346,51.01262424413268],[14.473745029699336,51.0125818593094],[14.473682019412774,51.012526252338375],[14.473627596841432,51.012505316228456],[14.473523140753954,51.012482329859125],[14.473459613879273,51.012468228473466],[14.473385760259099,51.012438085312404],[14.473331051026497,51.01241449338608],[14.473276871338232,51.01240437388268],[14.473230049276633,51.01240740892812],[14.473181795063706,51.01242102545787],[14.47313958584701,51.012434619392266],[14.473095037237895,51.01243512897261],[14.47306388899443,51.012424910652754],[14.473031524810972,51.012401069897145],[14.472985274976569,51.01235770491848],[14.472948770452415,51.012317811977695],[14.472892922694635,51.01227162265198],[14.472816810815532,51.01223266562493],[14.472733343476902,51.01219579529233],[14.47258107287357,51.012121415014406],[14.472503570734697,51.012088869677896],[14.472437250643155,51.0120518462041],[14.472396351427049,51.01202028294183],[14.472354392641048,51.01198100759735],[14.472296901054504,51.01194637906982],[14.472227486072832,51.011912354267665],[14.472174920917835,51.01189810964017],[14.472114954180482,51.01188748998599],[14.472043573653394,51.01187379844931],[14.471973876690013,51.01184836767479],[14.471890964988832,51.011816897154915],[14.471830187053408,51.01180139907364],[14.471791582850566,51.01178246250954],[14.471763071389377,51.011756776565946],[14.471738624065054,51.011719647642444],[14.471687308915168,51.011664504515174],[14.471602498680538,51.011580795654304],[14.47158007843248,51.011544930323765],[14.471548021723844,51.01151503722484],[14.471528696202327,51.01148731367035],[14.471521093910383,51.011463223994895],[14.471505633139573,51.01142729715948],[14.471311114581784,51.01126050558922],[14.47127995389842,51.01122058333938],[14.471241906652791,51.01117534903317],[14.471185525692578,51.011108428025054],[14.471144234592902,51.01105414990852],[14.471117889181164,51.011007875454226],[14.471059615605522,51.01093244455613],[14.471021526799449,51.01089522634584],[14.470851620062932,51.01075699474705],[14.470748631102444,51.01066826808159],[14.470634096760431,51.01058171976737],[14.470561826929282,51.01050916258696],[14.470517011268548,51.010441969487566],[14.470505127602326,51.010407920730664],[14.470516009635594,51.010384274640124],[14.470561802742855,51.01033161787253],[14.47057442803932,51.010293969682394],[14.470565175768902,51.010267678029805],[14.470530674512995,51.010247734290886],[14.47047692314493,51.010227035738396],[14.47042800428186,51.01019731931538],[14.470409450549349,51.010158884329385],[14.470410506356467,51.01007115671465],[14.470372231350709,51.00998574877446],[14.470316067697706,51.00992174893663],[14.469164364852807,51.00972677445439]]},"properties":{"OBJECTID":155985,"fid_zbg":"3328648","jmeno":null,"typtoku_p":"povrchový nesplavný","vydattok_p":"stálý","idvt":"10222415"}},{"type":"Feature","id":156046,"geometry":{"type":"LineString","coordinates":[[14.470515093160245,50.98584906002843],[14.470238306591947,50.98591714226413],[14.470172490271842,50.985958178799315],[14.470091530582668,50.98609026303055],[14.470064454634327,50.98620187196635],[14.470021364139221,50.98627199788037],[14.469971783487233,50.98637404191917],[14.469959765956126,50.98646989583058],[14.469908666659316,50.98651265730975],[14.46981796277202,50.986571684201564],[14.469702307769422,50.986754388250695],[14.469645394554794,50.98689753134158],[14.469700786991151,50.98703912698522],[14.469785782947692,50.987176112890744],[14.46973548790578,50.98724697723512],[14.469665845963414,50.98729702764193],[14.469621413124896,50.987359416825996],[14.469515898858864,50.987465519513215],[14.46946580696541,50.9875864804341],[14.469424767360948,50.98764780188648],[14.469166374730529,50.98782189394657],[14.469156076991013,50.98783424984816],[14.469151354404865,50.98785271223523],[14.469167430358658,50.98790517815564],[14.469167043704514,50.98793943805196],[14.469146178267918,50.98800555973816]]},"properties":{"OBJECTID":156046,"fid_zbg":"3240306","jmeno":null,"typtoku_p":"povrchový nesplavný","vydattok_p":"stálý","idvt":"10222429"}},{"type":"Feature","id":157308,"geometry":{"type":"LineString","coordinates":[[14.503400071341721,50.98228483571197],[14.50330500491021,50.982335978632484],[14.502863044082394,50.98245495207877],[14.50265709423848,50.98251750161463],[14.502296322835893,50.98259819687132],[14.502237307528034,50.982615249599164],[14.502197659880862,50.98263179301521],[14.502114931059895,50.98268807994641],[14.502088210105525,50.98272460581689],[14.50207150908083,50.982736049403364],[14.502038846075916,50.98274421326742],[14.501954274755217,50.9827551641251],[14.501938708735205,50.98276734046716],[14.50188933477682,50.982818244551645],[14.50185756633575,50.982855515020255],[14.501843309208171,50.9828616352875],[14.50179172211254,50.98285828110172],[14.501771552178171,50.98286316639534],[14.501751670088646,50.982874698855895],[14.501735153291257,50.98290058236082],[14.5017165126857,50.9829356268625],[14.501670160279533,50.982974544245636],[14.501509275835994,50.98305929823557],[14.501425027049088,50.98310266273105],[14.501350365818169,50.98314621789193],[14.501322384407398,50.983151337530586],[14.5013027730441,50.983149648482076],[14.50125380422403,50.98313019041959],[14.501210812344716,50.98311233572038],[14.501184890754013,50.98310792594653],[14.501155204855136,50.98310164975662],[14.501130514073912,50.983101518987496],[14.501101391037743,50.98310726598938],[14.501059370154389,50.983120157421894],[14.501003464536337,50.983134120909384],[14.50093012795268,50.983146945928276],[14.50089970211498,50.98315938450111],[14.500865898359757,50.98320673058633],[14.500825011578055,50.983226342019535],[14.500688806568625,50.983235475664245],[14.500522672202637,50.98323613461391],[14.500423206424045,50.983213596785916],[14.50035092775022,50.98318097227472],[14.500169573610945,50.98310311892004],[14.500123215000333,50.98308687886348],[14.499818222853818,50.98304445975596],[14.49959243434351,50.982959421269456],[14.49939543953144,50.982888111681305],[14.499341123377622,50.982867466349866]]},"properties":{"OBJECTID":157308,"fid_zbg":"3239109","jmeno":"Lesní potok","typtoku_p":"povrchový nesplavný","vydattok_p":"stálý","idvt":"10283941"}},{"type":"Feature","id":158120,"geometry":{"type":"LineString","coordinates":[[14.45331634793291,51.031650327588835],[14.453202482289448,51.03172141035764],[14.45305045196353,51.031796633248604],[14.4528749427233,51.03185013919199],[14.45273359430785,51.03186894757465],[14.452595581647431,51.03187307470022],[14.452293465403649,51.03186501062564]]},"properties":{"OBJECTID":158120,"fid_zbg":"3237424","jmeno":null,"typtoku_p":"podzemní","vydattok_p":"stálý","idvt":"0"}},{"type":"Feature","id":158338,"geometry":{"type":"LineString","coordinates":[[14.460715626504863,50.980998620840914],[14.460731551137828,50.98102338684859],[14.460734366565926,50.98105326103878],[14.460502078474,50.981294677823236],[14.460320131921138,50.98147345678495],[14.460057758360012,50.98170361602718]]},"properties":{"OBJECTID":158338,"fid_zbg":"3329710","jmeno":null,"typtoku_p":"povrchový nesplavný","vydattok_p":"stálý","idvt":"10220076"}},{"type":"Feature","id":158852,"geometry":{"type":"LineString","coordinates":[[14.42936418930966,50.98922952039112],[14.429385786690322,50.98925841298568],[14.429418574599236,50.98931117639787],[14.42950740770094,50.98934283382984],[14.429571803210147,50.98947761835457],[14.42958133850338,50.98957445573511],[14.429630501539883,50.989659632598375],[14.429712136480571,50.98975961111931],[14.429932670360326,50.98993498355457],[14.43001418541222,50.98997589533109],[14.430214679896222,50.99003882970889],[14.430310183661176,50.990123778844215]]},"properties":{"OBJECTID":158852,"fid_zbg":"3328170","jmeno":null,"typtoku_p":"povrchový nesplavný","vydattok_p":"stálý","idvt":"10227188"}},{"type":"Feature","id":159391,"geometry":{"type":"LineString","coordinates":[[14.437175638941145,51.00493830422283],[14.437223893149245,51.00496667279633],[14.437502285163616,51.00508913085487],[14.43755116747994,51.005112962846404],[14.43759162431784,51.00512000607479],[14.43769520552482,51.00510856566005]]},"properties":{"OBJECTID":159391,"fid_zbg":"3237559","jmeno":"Šluknovský potok","typtoku_p":"povrchový nesplavný","vydattok_p":"stálý","idvt":"10104877"}},{"type":"Feature","id":159451,"geometry":{"type":"LineString","coordinates":[[14.451618093791778,51.03194385993957],[14.451588938624075,51.032030829646665],[14.451531995998108,51.03212006920438],[14.45149910311321,51.032172748589666],[14.451457476266638,51.03221133637953]]},"properties":{"OBJECTID":159451,"fid_zbg":"3308059","jmeno":"Rožanský potok","typtoku_p":"povrchový nesplavný","vydattok_p":"stálý","idvt":"10101135"}},{"type":"Feature","id":160116,"geometry":{"type":"LineString","coordinates":[[14.455806901482832,51.01691856974765],[14.455778364070722,51.01698682212145],[14.455791916941617,51.017043598613924],[14.455822769664533,51.017093968616045],[14.455824272583484,51.017164300879536],[14.455793705529437,51.01721846071446],[14.45571818851346,51.01727117504782],[14.455654298386776,51.017302748747234],[14.455590837879463,51.017356505330014],[14.45559267498409,51.017395312645895],[14.455619968234844,51.01747424339348],[14.455664395209451,51.01758486649721],[14.455680484466082,51.017668362777314],[14.455690547481252,51.01773391904101]]},"properties":{"OBJECTID":160116,"fid_zbg":"4157770102210560","jmeno":null,"typtoku_p":"povrchový nesplavný","vydattok_p":"stálý","idvt":"10222413"}},{"type":"Feature","id":160128,"geometry":{"type":"LineString","coordinates":[[14.455422018493927,51.022614884886266],[14.455245004968504,51.02268078108197],[14.455129678795295,51.02279510358384],[14.455115232050819,51.02285826877891],[14.45513450407559,51.022925800390695],[14.45515994657836,51.022991415850605],[14.45517244318111,51.023074238440856],[14.455171995135066,51.02313190017136],[14.455183681064666,51.023169472124266],[14.455227747691046,51.02322617350832],[14.455271344808574,51.02329562635885],[14.455318506184579,51.02338707031009],[14.45535694459073,51.02344319436473],[14.455452056180095,51.023586050302676],[14.45549213416885,51.02363396940583],[14.455552425254824,51.02368154906227],[14.455646533268164,51.02376217212087],[14.455761372128865,51.02388641070789],[14.455795123634243,51.023934980356835],[14.455818244189812,51.02396826042167],[14.455852859095279,51.024047279012365],[14.455858667006883,51.024107930932146],[14.45584842680183,51.02419940266454],[14.455797335909821,51.024276492827155],[14.455765358472359,51.024311107015635],[14.455702378846322,51.024338977021145],[14.455593713807128,51.0243845084575],[14.45546928214137,51.02441031444063],[14.455327943476536,51.02442985048776],[14.455234950126362,51.024450662256626],[14.455166082002949,51.02448027296488],[14.455108668302973,51.02451277899126],[14.454780536931557,51.02466368470459]]},"properties":{"OBJECTID":160128,"fid_zbg":"3237483","jmeno":"Rožanský potok","typtoku_p":"povrchový nesplavný","vydattok_p":"stálý","idvt":"10101135"}},{"type":"Feature","id":160492,"geometry":{"type":"LineString","coordinates":[[14.46391129240573,51.00944439637101],[14.463754080524495,51.009480448326244],[14.463508233145253,51.00955124603251],[14.46328446947184,51.00962451384103],[14.463110163526986,51.00970472184058],[14.462788861075207,51.009966539437116],[14.462614882629806,51.01007371091479],[14.462502648390808,51.0101177212917],[14.462325662401238,51.010173827534764],[14.46214262496688,51.01020945151555],[14.461747260728778,51.010236099282174],[14.461746409127295,51.01023617992217],[14.46152178899451,51.0102293800715]]},"properties":{"OBJECTID":160492,"fid_zbg":"3237696","jmeno":"Rožanský potok","typtoku_p":"povrchový nesplavný","vydattok_p":"stálý","idvt":"10101135"}},{"type":"Feature","id":160532,"geometry":{"type":"LineString","coordinates":[[14.38873974902736,50.983082622559934],[14.38852007497681,50.98318606675354],[14.388276471513203,50.983270086465104],[14.388063714050286,50.983339053308896],[14.387710006587533,50.98354461560237],[14.387572411948234,50.98363942855729],[14.387420613421853,50.983730826454625],[14.387268589374115,50.98382417356815],[14.386931959076312,50.984030885948926],[14.386114760974337,50.984409484247955],[14.385481136587055,50.98468348064578],[14.385293293904006,50.98475100264781],[14.38524181446009,50.98474910365669],[14.385065857650238,50.9845716250045],[14.384733418354974,50.984328455686224]]},"properties":{"OBJECTID":160532,"fid_zbg":"3796593216061440","jmeno":null,"typtoku_p":"povrchový nesplavný","vydattok_p":"stálý","idvt":"10224794"}},{"type":"Feature","id":160726,"geometry":{"type":"LineString","coordinates":[[14.390830921212526,51.000178676789226],[14.390922308906278,51.0000957137764],[14.391108357299489,50.99976339004116],[14.391108051537664,50.999720717393686]]},"properties":{"OBJECTID":160726,"fid_zbg":"3237097","jmeno":null,"typtoku_p":"podzemní","vydattok_p":"stálý","idvt":"10227171"}},{"type":"Feature","id":160811,"geometry":{"type":"LineString","coordinates":[[14.416326791598218,50.994692766730545],[14.417214340092492,50.99515489968946],[14.417709471733174,50.99529814782425],[14.417899163195257,50.995425854151875],[14.418078605689448,50.99548865908505],[14.418306821902002,50.99550039714794],[14.418659653115771,50.99554285052518]]},"properties":{"OBJECTID":160811,"fid_zbg":"4074740566196224","jmeno":null,"typtoku_p":"povrchový nesplavný","vydattok_p":"občasný","idvt":"10227181"}},{"type":"Feature","id":160904,"geometry":{"type":"LineString","coordinates":[[14.505404252598296,50.981621803941124],[14.505363047443462,50.98166951150604],[14.505283767366942,50.981739795358166],[14.505210553747391,50.98181060146863],[14.505160755395957,50.98184287300905],[14.505106468423522,50.98186133196803],[14.504865183806244,50.98188392084411],[14.504748235319365,50.98189507955431],[14.504565583368878,50.981942945952575],[14.504421422626617,50.981981607298884],[14.504329690074488,50.98198913085881],[14.504276634241934,50.98200188958848],[14.504153058322872,50.98205103189805],[14.504035144848572,50.98210057094658],[14.503994164898929,50.98210865417421],[14.503795984833902,50.98207008973479],[14.503709209692804,50.98207196165071],[14.503646834528654,50.982097253090586],[14.503568559924613,50.982141586806755],[14.503400071341721,50.98228483571197]]},"properties":{"OBJECTID":160904,"fid_zbg":"3239110","jmeno":"Lesní potok","typtoku_p":"povrchový nesplavný","vydattok_p":"stálý","idvt":"10283941"}},{"type":"Feature","id":161384,"geometry":{"type":"LineString","coordinates":[[14.479581934957158,50.98979172004849],[14.479511095027222,50.99003277624085],[14.479488312849547,50.99006428622621],[14.479434713093196,50.990146480657664],[14.479360336424431,50.99019785124492],[14.479298316027476,50.990222708936706]]},"properties":{"OBJECTID":161384,"fid_zbg":"3237355","jmeno":null,"typtoku_p":"povrchový nesplavný","vydattok_p":"stálý","idvt":"10234266"}},{"type":"Feature","id":162699,"geometry":{"type":"LineString","coordinates":[[14.388951290617502,50.982893993316836],[14.388914779279606,50.98293318770144],[14.38873974902736,50.983082622559934]]},"properties":{"OBJECTID":162699,"fid_zbg":"3796593266393088","jmeno":null,"typtoku_p":"podzemní","vydattok_p":"stálý","idvt":"10224794"}},{"type":"Feature","id":163555,"geometry":{"type":"LineString","coordinates":[[14.440108463970613,50.98486383327716],[14.43997027474973,50.9853359850732],[14.439863053982032,50.985461516528964],[14.439885298761787,50.98556015129281]]},"properties":{"OBJECTID":163555,"fid_zbg":"3237858","jmeno":null,"typtoku_p":"povrchový nesplavný","vydattok_p":"stálý","idvt":"10222435"}},{"type":"Feature","id":163961,"geometry":{"type":"LineString","coordinates":[[14.467747664585106,51.00908983740118],[14.466713011097166,51.00954612672011]]},"properties":{"OBJECTID":163961,"fid_zbg":"3237050","jmeno":null,"typtoku_p":"povrchový nesplavný","vydattok_p":"stálý","idvt":"10227173"}},{"type":"Feature","id":164213,"geometry":{"type":"LineString","coordinates":[[14.458315599462487,50.98872627158716],[14.458362175294207,50.988879269945386],[14.458373538374042,50.988916578913376],[14.458412188195856,50.989001011393604],[14.458420087250405,50.98909300909914],[14.458415627151352,50.98919181285133],[14.45840242879809,50.98922870326682],[14.458281116287033,50.98932274485313],[14.458015336817377,50.989559667466914],[14.457989745653641,50.989589480071544],[14.457979965637199,50.98966829069967],[14.457917729714339,50.98977286671845],[14.457902419854044,50.9898215320449],[14.457916659449488,50.98984598915664],[14.457963938176963,50.989889089827756],[14.45797853850133,50.98992446511183],[14.4579672508097,50.98994798460711],[14.457916315825512,50.99002831649514],[14.457874858767092,50.990092139629404],[14.457873101158063,50.99015386200458],[14.457884532270812,50.99023296477708],[14.457953173537724,50.9903041324616],[14.4580506127489,50.99035256914871],[14.458063553909344,50.990373738550794],[14.457994708469895,50.990647126348115],[14.457944462638933,50.99073023963386],[14.457810754691021,50.99092603667901],[14.457686960211744,50.991376611855415],[14.457680659526737,50.99151950297677],[14.45767087536395,50.9915400678621],[14.457609505878887,50.99157377198785],[14.457595420733364,50.99159381973659],[14.457559035135287,50.99168876464785],[14.457517960618844,50.99199219809662],[14.457534517080004,50.992056302743734],[14.457612418266905,50.99213442236575],[14.457683302703217,50.99219434352582],[14.457768948282514,50.99225858049744]]},"properties":{"OBJECTID":164213,"fid_zbg":"3238008","jmeno":null,"typtoku_p":"povrchový nesplavný","vydattok_p":"stálý","idvt":"10229471"}},{"type":"Feature","id":165823,"geometry":{"type":"LineString","coordinates":[[14.396905367371424,50.979855672021216],[14.396617086242825,50.97984379316178],[14.396364135010549,50.979855014051815],[14.396063774377701,50.979887976831414],[14.39597465004765,50.979873341688005],[14.395572829744138,50.97975908121256],[14.395475688832942,50.97974620681684],[14.395378027776484,50.97970794440955],[14.395165146355957,50.97968042188913],[14.39494618323742,50.97963297011624]]},"properties":{"OBJECTID":165823,"fid_zbg":"3237724","jmeno":null,"typtoku_p":"povrchový nesplavný","vydattok_p":"občasný","idvt":"10236546"}},{"type":"Feature","id":167201,"geometry":{"type":"LineString","coordinates":[[14.433337635318699,51.02305243122522],[14.433706480523341,51.0230805105859],[14.434448883635847,51.02324053976214],[14.434980135572705,51.02334099352155],[14.435540253532325,51.02347207036424],[14.436113191242583,51.02360850059406],[14.436624668548756,51.023730296490136],[14.437039088398535,51.02384012836779]]},"properties":{"OBJECTID":167201,"fid_zbg":"3314799","jmeno":"Dřevíč","typtoku_p":"povrchový nesplavný","vydattok_p":"stálý","idvt":"10112527"}},{"type":"Feature","id":167401,"geometry":{"type":"LineString","coordinates":[[14.481754209297986,50.987999585123866],[14.48147880068685,50.988030625657096],[14.481447680317297,50.98804290930553],[14.4813279125593,50.98812801315702],[14.481239353588263,50.98819113381667],[14.48103407787995,50.98831730399659],[14.480893208186746,50.9884347884305],[14.480799648362611,50.98850373707328],[14.48070698001056,50.988583830551036],[14.480674623797478,50.988614423758484],[14.480455338314274,50.988737569851914],[14.48036884467241,50.98878517354278],[14.480279145517843,50.98893184009475],[14.480376018575969,50.98940304021237]]},"properties":{"OBJECTID":167401,"fid_zbg":"3237364","jmeno":null,"typtoku_p":"povrchový nesplavný","vydattok_p":"stálý","idvt":"11000495"}},{"type":"Feature","id":168115,"geometry":{"type":"LineString","coordinates":[[14.455695435284792,51.019143196165295],[14.455683245693754,51.019221798135575],[14.455652442327287,51.01931920390029],[14.455616708863408,51.019399580961476],[14.455562758628936,51.01947575221292],[14.45548085677829,51.019552138067475],[14.455405164119213,51.0196198068098],[14.455338898403859,51.019700356786764],[14.455278088176769,51.019816034985425],[14.455222494669151,51.02002089235043],[14.455107890144278,51.020449635868324],[14.455055548133233,51.02057929185265],[14.45499190857552,51.020662971981686],[14.454918787359167,51.02071879659746],[14.454878573809559,51.02075623666062]]},"properties":{"OBJECTID":168115,"fid_zbg":"3237480","jmeno":"Rožanský potok","typtoku_p":"povrchový nesplavný","vydattok_p":"stálý","idvt":"10101135"}},{"type":"Feature","id":170051,"geometry":{"type":"LineString","coordinates":[[14.391019822011447,50.9992757795673],[14.391040075588087,50.99921056100486]]},"properties":{"OBJECTID":170051,"fid_zbg":"3784763299069952","jmeno":null,"typtoku_p":"povrchový nesplavný","vydattok_p":"stálý","idvt":"10227171"}},{"type":"Feature","id":170854,"geometry":{"type":"LineString","coordinates":[[14.468847585820694,51.00234776418583],[14.46895353138641,51.00241295367988],[14.468991289613312,51.00244370362944],[14.468999277778385,51.002475148445356],[14.46898514956249,51.002515751289174],[14.468951055737241,51.0025476441465],[14.468916222922035,51.00258890830838],[14.468901377667198,51.00264342047883],[14.468902319663528,51.0027166241293],[14.468879975709784,51.002777202123575],[14.468818740416854,51.00289112272679],[14.468777112087704,51.003020707975864],[14.46877496382376,51.00313864307154],[14.468788827835692,51.00319536259997],[14.468804864817457,51.00326261215202],[14.468800173147832,51.00331234017029],[14.46878168039597,51.003465052816004],[14.468791588732513,51.00353967497103],[14.468842884863195,51.003614269917904],[14.468847849544982,51.00362386165848],[14.468881903550596,51.00365048128657],[14.469018327310033,51.00369038737337]]},"properties":{"OBJECTID":170854,"fid_zbg":"3308027","jmeno":"Lesní potok","typtoku_p":"povrchový nesplavný","vydattok_p":"stálý","idvt":"10283941"}},{"type":"Feature","id":171497,"geometry":{"type":"LineString","coordinates":[[14.417309623046288,50.97728394237432],[14.417261233810773,50.97727226285486],[14.41688088849121,50.977208638837546],[14.415750329868187,50.977009940600375],[14.41559843777005,50.97701973655508],[14.41552154766395,50.97700984464551],[14.415397800849485,50.97696397110458]]},"properties":{"OBJECTID":171497,"fid_zbg":"3237154","jmeno":null,"typtoku_p":"povrchový nesplavný","vydattok_p":"stálý","idvt":"10231865"}},{"type":"Feature","id":171508,"geometry":{"type":"LineString","coordinates":[[14.49026683019428,50.97629755114639],[14.490450391603318,50.97636721345793],[14.490468967997487,50.976403561025364],[14.490476581057692,50.976453387634805],[14.490463468752557,50.976541888059764],[14.490489218674497,50.97662013169502],[14.490491480817981,50.97667875028862],[14.490476102272165,50.97670200922103],[14.490390154847008,50.97681897457748],[14.49039196539372,50.97688499325655],[14.490440760347335,50.97696631274236],[14.490498611123934,50.97708016499285],[14.49052139278369,50.97715751757577],[14.490533199666054,50.97718928967923],[14.490522176906584,50.97731661687548],[14.490529431788678,50.97734618205832],[14.490638169414394,50.977449997690464],[14.490691375691148,50.97753550757094],[14.490698741469057,50.97757850880338],[14.490692263206828,50.97760180947025],[14.490659880340962,50.97763857092833],[14.490652029125147,50.97768216513681],[14.490659140296598,50.977719701234605],[14.490701180225237,50.977849517330725],[14.490740336951994,50.97802852698676],[14.49075556289617,50.97809497658628],[14.490776779987018,50.97811912310063],[14.4908998906493,50.97820367494421],[14.490941090622616,50.97828025670973],[14.490953533294993,50.9783296831287],[14.49095669060214,50.97836975405784],[14.490937868208125,50.97839298827604],[14.490908876292982,50.97842317472963],[14.490893481089307,50.97844909945098],[14.490925233799288,50.9787255020747],[14.490893928045379,50.97877986538726],[14.490871275838014,50.978806851767295],[14.49065000904961,50.97893419444072],[14.490497742532472,50.97900298484316],[14.490481560826233,50.9790286239966],[14.490514276436649,50.97910656084662],[14.49053466028232,50.979167104813094],[14.49054978088789,50.97925994472972],[14.490562389858052,50.979328527363606],[14.49059405716431,50.97937943002981],[14.49058423527128,50.97944607853241],[14.490492952563088,50.9795677552282],[14.490478691997566,50.97960045473752],[14.490454326281153,50.97962937988734],[14.490396495716093,50.97968544767386],[14.490349154848932,50.979745504408356],[14.49032789813282,50.979777328494215],[14.490323197514742,50.97981366463395],[14.49032169602145,50.97987041638835],[14.490318541044962,50.97990625076615],[14.490311734505664,50.979949662890085],[14.490290281424791,50.9799923564035],[14.490256136147666,50.98003858220463],[14.490200205470467,50.980159587614466],[14.490202941618165,50.980219335643916],[14.490219026841864,50.980249934359975],[14.490251549410127,50.980276960833244],[14.49029178798258,50.98030020735571],[14.490412915248484,50.98031291966375],[14.490433604732903,50.98032622501316],[14.49044574347664,50.98034650423663],[14.490455086698944,50.980383688420254],[14.49045261088764,50.98043963038146],[14.490469858602019,50.98048411865402],[14.49052365675605,50.98051842267351],[14.490624620649898,50.980555251216295],[14.490694091807772,50.98059018075664],[14.49073524815485,50.980668300821954],[14.490737461980439,50.980738436473125],[14.490728259366565,50.98083144701649],[14.49074796571888,50.98086988754356],[14.49076826877631,50.9808889655322],[14.4908369435925,50.98091030905894],[14.490955613000029,50.9809330600381],[14.49105582912791,50.98092818338115],[14.491212056264118,50.98088295748705],[14.491276765581228,50.98087347711267],[14.491352144215304,50.98088841290757],[14.491429741636928,50.98090372138278],[14.491530023189716,50.98095300945658],[14.491625189826937,50.98105383865374],[14.491703077996092,50.981103010304494],[14.49173647461043,50.98112866007293],[14.491799601939636,50.981212846805775],[14.491843567336192,50.9812381376122],[14.491990896594984,50.98128386079202],[14.492069817966804,50.981312981517384],[14.492170875514631,50.981346732082905],[14.492240658556165,50.98135565095352],[14.492261048835717,50.981365029167264],[14.492268829414988,50.98138021499129],[14.492268671488777,50.98141349534195],[14.492267229524112,50.98145138239965],[14.492283188485185,50.98148124401959],[14.492339314776725,50.981502139792006],[14.492548004186228,50.98154988588509],[14.492652487823186,50.98160234729582],[14.492707777333973,50.98163441990737],[14.492839062411035,50.981725751291556],[14.493015227188604,50.98181423790893]]},"properties":{"OBJECTID":171508,"fid_zbg":"3778657097089024","jmeno":null,"typtoku_p":"povrchový nesplavný","vydattok_p":"stálý","idvt":"10234276"}},{"type":"Feature","id":171870,"geometry":{"type":"LineString","coordinates":[[14.399881209184587,50.97278400266298],[14.399812595162235,50.972805161836995],[14.399702058131277,50.97285878562929],[14.399629197701499,50.97291605099037],[14.399536894228381,50.97300510586167],[14.399480864910965,50.97303135241791],[14.399460165566726,50.97305513860447],[14.399477144409845,50.97309381786062],[14.399460106931146,50.973113930338336],[14.399416665272495,50.9731272808263],[14.399378235905694,50.973149270012634],[14.39931510142141,50.97320937782758],[14.399274454232852,50.97330274645088],[14.399239726836266,50.973346616618336],[14.399120479205877,50.9734394057913],[14.399115334802154,50.97346547112795],[14.399133781419415,50.973502100510736],[14.399196192964048,50.97358157236128]]},"properties":{"OBJECTID":171870,"fid_zbg":"3335632","jmeno":"Vilémovský potok (Poustevenský potok)","typtoku_p":"povrchový nesplavný","vydattok_p":"stálý","idvt":"10100689"}},{"type":"Feature","id":172830,"geometry":{"type":"LineString","coordinates":[[14.480566248295123,50.98328092210254],[14.480574594819812,50.98341291603888]]},"properties":{"OBJECTID":172830,"fid_zbg":"3239034","jmeno":null,"typtoku_p":"povrchový nesplavný","vydattok_p":"stálý","idvt":"10234266"}},{"type":"Feature","id":173358,"geometry":{"type":"LineString","coordinates":[[14.415139831099875,50.98110874669629],[14.414869536546052,50.98116790471235],[14.414681230324499,50.9812014667559],[14.414489463590664,50.981204223486905],[14.41410696802248,50.981255737069915],[14.413852965409317,50.98129935948959],[14.413756110910247,50.981347380366934],[14.413383337404197,50.981465699418074],[14.41294245887145,50.98154697834381],[14.412830777617302,50.98158454623812],[14.412758601097863,50.98160903325066],[14.412681678050749,50.98162430666926],[14.412573826848835,50.981622556747965],[14.41242421763063,50.98161126237739],[14.412258453316126,50.981602864752574],[14.412159395361229,50.9816102260087],[14.412028315628032,50.981659626806476],[14.411924743897005,50.98167911683945],[14.411746975004126,50.98168490038212],[14.411580033584029,50.98166739877794],[14.411450731346955,50.981700077060275],[14.411323931753751,50.98170348434531],[14.411214436933717,50.981715200376215],[14.410928604892353,50.98172547365778]]},"properties":{"OBJECTID":173358,"fid_zbg":"3237296","jmeno":null,"typtoku_p":"povrchový nesplavný","vydattok_p":"stálý","idvt":"10236545"}},{"type":"Feature","id":173915,"geometry":{"type":"LineString","coordinates":[[14.450881475789735,51.026519560434735],[14.45089641069109,51.0265487951032],[14.450876040131337,51.0265835955814],[14.450846839618327,51.0266159994467],[14.450823042244174,51.02665531199184],[14.450819989203314,51.02668523205777]]},"properties":{"OBJECTID":173915,"fid_zbg":"3237341","jmeno":null,"typtoku_p":"povrchový nesplavný","vydattok_p":"stálý","idvt":"10227161"}},{"type":"Feature","id":175407,"geometry":{"type":"LineString","coordinates":[[14.474405037050822,50.996461287794205],[14.474317392341984,50.9965300182575],[14.474135139250983,50.996689649022514],[14.473850348591405,50.996928336462595],[14.472982610659164,50.99723473017117]]},"properties":{"OBJECTID":175407,"fid_zbg":"3237353","jmeno":null,"typtoku_p":"povrchový nesplavný","vydattok_p":"stálý","idvt":"10224786"}},{"type":"Feature","id":175890,"geometry":{"type":"LineString","coordinates":[[14.462078574662087,50.97915742810912],[14.461489422040033,50.97907674195176]]},"properties":{"OBJECTID":175890,"fid_zbg":"3777620449689600","jmeno":null,"typtoku_p":"povrchový nesplavný","vydattok_p":"stálý","idvt":"11001285"}},{"type":"Feature","id":180626,"geometry":{"type":"LineString","coordinates":[[14.40052503814235,50.99019070869476],[14.400251043632965,50.99024136969407]]},"properties":{"OBJECTID":180626,"fid_zbg":"4076167954956288","jmeno":null,"typtoku_p":"podzemní","vydattok_p":"stálý","idvt":"10227185"}},{"type":"Feature","id":182860,"geometry":{"type":"LineString","coordinates":[[14.433647694046119,51.00399916499934],[14.433655899674793,51.00401728697529],[14.433665440359507,51.00403839167869],[14.433675457424703,51.004060544754104],[14.433721424026613,51.004158722936474],[14.43374493319877,51.00417491405068],[14.433775484376856,51.00418055585118],[14.433900489906542,51.004167800118516],[14.433938651545931,51.004172831237675],[14.43397830605578,51.00418751821632],[14.43403408360925,51.00421011677294],[14.43413835486209,51.00427265586418]]},"properties":{"OBJECTID":182860,"fid_zbg":"3237553","jmeno":"Šluknovský potok","typtoku_p":"povrchový nesplavný","vydattok_p":"stálý","idvt":"10104877"}},{"type":"Feature","id":182861,"geometry":{"type":"LineString","coordinates":[[14.455072129948611,51.00646697269017],[14.455127903767545,51.00648056897937],[14.455162362401499,51.00650755463491],[14.455162081642259,51.00654127994229],[14.455135289987401,51.00662025239689],[14.455127379304498,51.00665467875871],[14.45512879314026,51.00668192770752],[14.455146786433971,51.0067156002594],[14.45517350510146,51.00673730774809],[14.45521391520875,51.006750800140175],[14.455293112285712,51.00676354590179],[14.455371792773564,51.00677933157244],[14.45548062739113,51.00680988184165],[14.45555800453098,51.00683775713019],[14.455617344919963,51.00686697585973],[14.455653839093463,51.006894854059134],[14.455686715975933,51.0069295866907],[14.455739487462246,51.007007909018405],[14.455764144613811,51.007034672876365],[14.45578880179357,51.00706143672873],[14.455812053380368,51.00713902086918],[14.455828465232903,51.00719387677144],[14.455866677265192,51.00725760351758],[14.455955478483837,51.00736780082497],[14.45605349501559,51.007447494898415],[14.45612870770157,51.00750308030334],[14.456279276719425,51.00758188377969],[14.456302849235389,51.00759265875569],[14.456330172955646,51.007605164303605],[14.456509409564775,51.00767830818401],[14.456574918740635,51.00771640629135],[14.456880351468863,51.007948658926644],[14.456950268019122,51.008002152695276],[14.456992693732287,51.00803159555254],[14.457010218749254,51.008043798064165],[14.457027754021802,51.008056019603806],[14.457104765762447,51.00811134239141],[14.45715773509766,51.00813627143291],[14.457337250682931,51.00820046523332],[14.457375467570666,51.008214529176136],[14.457408850760926,51.00822681434528],[14.457729720415974,51.00832771455155],[14.45789827214137,51.00839121354269],[14.458062820136396,51.00847910659745],[14.458728872010479,51.00890277327255],[14.45880463083449,51.008954212204316],[14.458825533132144,51.00896391200662],[14.458851736429501,51.00897602059198],[14.45887355555796,51.00898017475111],[14.45889628557361,51.008981459115354],[14.45893218174931,51.00897171548061],[14.458966778001498,51.008964381596286],[14.459026248001882,51.00896475007903],[14.459066394326864,51.008967948120805],[14.459117052015616,51.008970421705435],[14.45916241360534,51.00896880852753],[14.459214504739286,51.00895607363806],[14.45925078637505,51.00894197219702],[14.459295581550492,51.00893568309429],[14.459340610308121,51.00893957523824],[14.459394094634622,51.00895154686379],[14.459449439365692,51.00895760077059],[14.45950617477587,51.008952615822544],[14.45955975471528,51.008939646581176],[14.459637388190394,51.00889736592841],[14.459718362813781,51.00885691632857],[14.459793267237417,51.00882918769282],[14.459867823303604,51.00880968477151],[14.459944179136302,51.00880639547147],[14.460009779865445,51.00881025096129],[14.460088362986406,51.00881922033308],[14.46029695158025,51.00886849378984],[14.460402294885592,51.00889733988342],[14.46046970728893,51.00892530272948],[14.460504862534442,51.00896009436503],[14.460579191469426,51.0090151462092],[14.460639176952231,51.00904618672365],[14.46068484588988,51.00905838951389],[14.460736940404612,51.009068153731754],[14.460801795115204,51.00908074445842],[14.460933221717637,51.00910861445883],[14.46111746247743,51.0091522075568],[14.461191444267604,51.009162502219944],[14.461277302600566,51.009167109659664],[14.461358367487549,51.00918518348688],[14.46146114179012,51.009221826456404],[14.461542690234317,51.009237673843394],[14.46164396593115,51.00925141554039],[14.461710955923037,51.00926609543802],[14.461872475513507,51.00930969247152],[14.46201839573999,51.00937268063669],[14.462121568041312,51.00944875849047],[14.46220756660956,51.00957519153899],[14.462221035278853,51.009664438654596],[14.462192657187297,51.00975434283726],[14.462102006808598,51.00985618510468],[14.461956437702598,51.00996020389487],[14.461825833742513,51.01004907666811],[14.46157435404304,51.01019830447209],[14.46152178899451,51.0102293800715]]},"properties":{"OBJECTID":182861,"fid_zbg":"3308110","jmeno":"Stříbrný potok","typtoku_p":"povrchový nesplavný","vydattok_p":"stálý","idvt":"10101808"}},{"type":"Feature","id":182862,"geometry":{"type":"LineString","coordinates":[[14.440430180889058,51.015231564535675],[14.441039546855457,51.015128974584094],[14.44108364259785,51.01512865533069],[14.44141081048703,51.01512529073325],[14.44178122167937,51.01511236852847],[14.441906471168386,51.015095168403576],[14.441980535932446,51.01509844136483],[14.442032691099959,51.01510074290209],[14.44228410775768,51.01510086127962],[14.442439826111999,51.015067436283054],[14.442538659537231,51.01508108201572],[14.442616939367035,51.01506974052016],[14.442660136850678,51.01505127019973],[14.442714041693367,51.014997599477134],[14.44277831210129,51.01496993008723],[14.442836079872752,51.0149713562507],[14.442958699570482,51.01494779431827],[14.44309168012098,51.014938157474724],[14.443129547681785,51.01493287995802],[14.443175519557773,51.01492981910391],[14.443208682811886,51.01493089345952],[14.443238149721632,51.01496138796296],[14.443303847810828,51.01498705295219],[14.443533137785531,51.01510461301002],[14.443638300360428,51.015144835035244],[14.44377855535473,51.015165231460166],[14.443887563964614,51.01517058432878],[14.444122356114953,51.015143185065256],[14.444205870323215,51.01513680470409],[14.44438791945641,51.01514557585133],[14.444582960371134,51.01513297107528],[14.444687165560865,51.01512602233484],[14.44498190381137,51.01510490757172],[14.445123583439386,51.015094751167986],[14.445349312756356,51.015077270885875],[14.446046421117499,51.01502382966725],[14.446263605532774,51.01501322921178],[14.44638413403067,51.01501322587653],[14.446586577393292,51.014992367346025],[14.446908456884064,51.01498247864712],[14.447404177001326,51.014930474016836],[14.447527464445633,51.01490521434545],[14.44760244565645,51.01489110746135],[14.447664089917602,51.01487285260196],[14.447785483715437,51.01482719702103],[14.447900077108265,51.01478371099966],[14.448015114917348,51.01474082583673],[14.448107877405667,51.01470711808948],[14.448336890695165,51.01460572320435],[14.44848969580733,51.01455053678299]]},"properties":{"OBJECTID":182862,"fid_zbg":"3356314","jmeno":null,"typtoku_p":"povrchový nesplavný","vydattok_p":"stálý","idvt":"10229434"}},{"type":"Feature","id":183072,"geometry":{"type":"LineString","coordinates":[[14.418819463418263,50.996814916066356],[14.418788171389396,50.997003506947756],[14.41877954830401,50.99711013908746],[14.41875848626419,50.99713816136083],[14.418767726423207,50.997181516556275],[14.418787704454138,50.99721518831129],[14.418780117956768,50.997258035474985],[14.418784332683162,50.99731982655547],[14.418818396817148,50.99739183933353],[14.41882272734668,50.997460354583545],[14.418843105762496,50.99754145917607],[14.418875431816437,50.99762401826539],[14.418897306536032,50.997655586331724]]},"properties":{"OBJECTID":183072,"fid_zbg":"4074751035179008","jmeno":null,"typtoku_p":"povrchový nesplavný","vydattok_p":"stálý","idvt":null}},{"type":"Feature","id":183288,"geometry":{"type":"LineString","coordinates":[[14.375811456945774,51.01977313420542],[14.375744247967031,51.019762741056546],[14.375526751006667,51.01973308211952],[14.375207328548342,51.01968864304199],[14.374969268185335,51.01967733501622],[14.374543371337605,51.01968400197739],[14.37428631808592,51.019703113431625],[14.373860220656502,51.0197332163779],[14.373431784413917,51.01975494753307],[14.373205837712552,51.01976320239079],[14.372589901743318,51.01979236201505],[14.372116999088181,51.019816110733736],[14.371834299326714,51.01982731033147],[14.371396085076451,51.019840469142764],[14.371268223370757,51.01983703586315],[14.371164152333652,51.01983204682706],[14.371055407927612,51.019816215315316],[14.370941503678495,51.01977797504863],[14.370844329652439,51.019731665558766],[14.3707205031138,51.0196645216864],[14.37052369074835,51.01954442023132],[14.370133680179832,51.019306119077214],[14.37004970180135,51.01925605930359],[14.36966372642541,51.01900789977871],[14.369521565164009,51.018881790349866],[14.369450828808159,51.01881037217711],[14.369414937811243,51.01871590462558],[14.369371717891052,51.0184781739846],[14.369237987667786,51.01777674035189],[14.369246008632551,51.017748675364295],[14.36928939199216,51.01769447572731],[14.369292770376187,51.01767380951446],[14.36928217895503,51.01764139944025],[14.369181535121257,51.0175348067079],[14.369164881813072,51.017505769831246],[14.36915159020291,51.01742004174306],[14.369172099228313,51.017326462962735],[14.369157341866668,51.017272365843894],[14.369119808083225,51.01722898619588],[14.3690181170548,51.01713636648799],[14.368768541770853,51.0169308562445],[14.368499502663637,51.016745243951064],[14.368358403526347,51.01655808438671],[14.36822307863549,51.01646797501609],[14.368042283145531,51.0163825203036],[14.367823670173985,51.01626155460263],[14.367767168477858,51.01624827900695],[14.36761322524551,51.01623721261776],[14.367508622425337,51.0162412471901],[14.367424678635349,51.0162343798619],[14.367366085175227,51.016218834616225],[14.367329346304695,51.01619612140513],[14.36729158814278,51.01614918250301],[14.367245588530356,51.016122122727936],[14.367132968478057,51.01608988771881],[14.366962511098587,51.01604916002416],[14.366769015873322,51.016007874537614],[14.366758247045716,51.01599268912131],[14.366762656342758,51.01596666839801],[14.366767227706312,51.01593793961402],[14.366743994514955,51.01590152279818],[14.366704913725357,51.0158809643137],[14.366599814505255,51.015840673649],[14.366541814990834,51.01582635934658],[14.366486856397369,51.015814578748085],[14.366448573756578,51.01581269146432],[14.366390813857516,51.01582353294455],[14.366312849429091,51.01583270281714],[14.366262279648161,51.01583502480321]]},"properties":{"OBJECTID":183288,"fid_zbg":"3237611","jmeno":"Solandský potok","typtoku_p":"povrchový nesplavný","vydattok_p":"stálý","idvt":"10231827"}},{"type":"Feature","id":183293,"geometry":{"type":"LineString","coordinates":[[14.464129133405201,50.98594477548233],[14.464203255017209,50.98599327850606],[14.464266893698175,50.98603756390673],[14.464373065805306,50.986120064390064],[14.464444603868744,50.98618564494455],[14.464490311119906,50.986250571295976],[14.464497333036618,50.98631360536718],[14.464492976286845,50.986365485750724],[14.464466230131592,50.9864357620916],[14.464444430181135,50.98648324064687],[14.464396657126061,50.986544432495215]]},"properties":{"OBJECTID":183293,"fid_zbg":"33189727049875456","jmeno":null,"typtoku_p":"povrchový nesplavný","vydattok_p":"stálý","idvt":"10220076"}},{"type":"Feature","id":184521,"geometry":{"type":"LineString","coordinates":[[14.485801198406826,51.009797506841466],[14.48570506692706,51.00979359224369],[14.48548059795811,51.009777107728205]]},"properties":{"OBJECTID":184521,"fid_zbg":"43591933276192768","jmeno":null,"typtoku_p":"povrchový nesplavný","vydattok_p":"stálý","idvt":"10231840"}},{"type":"Feature","id":184788,"geometry":{"type":"LineString","coordinates":[[14.493080856720788,50.98774980400121],[14.492985396448352,50.98775847736822],[14.49286764105832,50.98777128000412],[14.492778111759797,50.987766557193105],[14.492711592936843,50.987748486115784],[14.492662560450633,50.98770207564698],[14.492619259014148,50.987644456377204],[14.492615658401492,50.987589351798626],[14.492640005451516,50.98752531622206],[14.492624024298769,50.98749753956203],[14.492577065244914,50.987467455707105],[14.492482671817173,50.98741014996113],[14.492397157249485,50.98732575869992],[14.492329192096825,50.987237981199115],[14.492240441558494,50.987145962598255],[14.492038912065933,50.98705438314045],[14.491989032976374,50.98703248414326],[14.491908152311016,50.986983146498126],[14.491739822777806,50.98692744998103],[14.491606089709931,50.986889885582606],[14.491526746735,50.98684739338501],[14.491375552697457,50.98678092630459],[14.49123435884485,50.98669282270056],[14.491103362061352,50.98657021743444],[14.491071453992264,50.986532358376536],[14.491044863448304,50.98647391085073],[14.491015160179023,50.986459738125234],[14.490856164598567,50.98644394475037],[14.490808361862495,50.98643038887955],[14.490698422497166,50.98638317171562],[14.490647948953857,50.986329686738955],[14.490616697808063,50.98629656525852],[14.490576442928207,50.98626805626163],[14.490402865012184,50.98615692903233],[14.490244168111525,50.9860620531484],[14.49014405708092,50.986029199884],[14.490083460330075,50.98599639671635],[14.490060367941926,50.98597027438236],[14.490035081352094,50.98594632156807],[14.490021051860777,50.98593676578794],[14.489998673781102,50.985921954234435],[14.489962175346273,50.98590066351362],[14.489948304807628,50.98589502236387],[14.489921808855659,50.98588130726636],[14.48990070758879,50.985865244981795],[14.489852828967342,50.98583344748372],[14.48972550136442,50.98579552560513]]},"properties":{"OBJECTID":184788,"fid_zbg":"3239181","jmeno":null,"typtoku_p":"povrchový nesplavný","vydattok_p":"stálý","idvt":"10234270"}},{"type":"Feature","id":185534,"geometry":{"type":"LineString","coordinates":[[14.468513790861788,50.990038852191994],[14.468593255172262,50.99011539276244],[14.468643909312682,50.990201229165294]]},"properties":{"OBJECTID":185534,"fid_zbg":"4165878430040064","jmeno":null,"typtoku_p":"povrchový nesplavný","vydattok_p":"stálý","idvt":"10220076"}},{"type":"Feature","id":187835,"geometry":{"type":"LineString","coordinates":[[14.411163172286468,51.00729380033557],[14.409862300723159,51.00771785235098],[14.409430998458985,51.007856226334205],[14.409119963969449,51.00796213023185],[14.408759422889608,51.00808069964347],[14.408229682751289,51.00827403113147],[14.40775480969423,51.008432749495306],[14.407610791980485,51.00849427497959],[14.40746678752744,51.00856759676274],[14.407226048431845,51.008772423892815]]},"properties":{"OBJECTID":187835,"fid_zbg":"4128672436977664","jmeno":null,"typtoku_p":"povrchový nesplavný","vydattok_p":"občasný","idvt":null}},{"type":"Feature","id":188566,"geometry":{"type":"LineString","coordinates":[[14.41226765363565,50.9803986354813],[14.412202445829397,50.980480680902275],[14.412088079962016,50.98056734636099],[14.411873092234602,50.980662026061935],[14.411701112807416,50.98071826103548],[14.411428305964343,50.98078378031597],[14.411310396221246,50.980800281538606]]},"properties":{"OBJECTID":188566,"fid_zbg":"3237068","jmeno":null,"typtoku_p":"povrchový nesplavný","vydattok_p":"stálý","idvt":"10222438"}},{"type":"Feature","id":189239,"geometry":{"type":"LineString","coordinates":[[14.384301626761628,50.984577085110615],[14.384235263311005,50.984570939810176],[14.384111604869956,50.98455136356388],[14.383945572398106,50.984563845772776],[14.383804512127977,50.98461135093454],[14.383684414517127,50.98465647231444],[14.383613488257703,50.98468788486179],[14.38338388877347,50.98482958260926],[14.383256703702948,50.98488528314518],[14.383110412872654,50.98493106150011],[14.383034664568719,50.98500594367323],[14.382951183053788,50.98504848427162],[14.382878179711831,50.98508912503152],[14.382834729484165,50.98512018216929],[14.382792656204188,50.98517386238668],[14.382614599758737,50.98531359915184],[14.382544493873775,50.98535939213218],[14.382488656287054,50.9853883897138],[14.382334405526136,50.98541948178344],[14.382208015573836,50.98542815750179],[14.382119103641548,50.985425853311696],[14.382018421177786,50.985416897479304],[14.381907797520796,50.98542250071737],[14.381828946663807,50.985445046233025],[14.381655266059143,50.98554649050685],[14.381467206849669,50.98564978470157],[14.381372232585976,50.98569359123788],[14.380846180317011,50.98588765524172],[14.380513168847274,50.98605553292473],[14.380350452847441,50.9861251021447],[14.380156955268347,50.986188177122656],[14.379792733159958,50.98630025055389],[14.379513579402541,50.986398686949755],[14.379246334550604,50.986544528465785],[14.379060554369685,50.98660391919664]]},"properties":{"OBJECTID":189239,"fid_zbg":"3342431","jmeno":null,"typtoku_p":"povrchový nesplavný","vydattok_p":"stálý","idvt":"10100689"}},{"type":"Feature","id":189684,"geometry":{"type":"LineString","coordinates":[[14.493015227188604,50.98181423790893],[14.493035207918277,50.98197299500348],[14.493104672799882,50.98215080475954],[14.493214951804593,50.98221475111165],[14.493256695512786,50.982318947656395],[14.493293486967117,50.98241076052977],[14.493341494453153,50.982615287834506],[14.493335111938812,50.98269535060331],[14.493318578808255,50.9827837373405],[14.493297890123326,50.98290654755522],[14.493277716597749,50.98296459251416],[14.49321106578245,50.983047479971816],[14.493111079783771,50.98317085772947]]},"properties":{"OBJECTID":189684,"fid_zbg":"3239188","jmeno":null,"typtoku_p":"povrchový nesplavný","vydattok_p":"stálý","idvt":"10234276"}},{"type":"Feature","id":189773,"geometry":{"type":"LineString","coordinates":[[14.411629048062798,50.98099895184722],[14.41130327399413,50.981142172292756],[14.410849044974015,50.98132267989794],[14.410574322147228,50.98138391180017],[14.410316490414653,50.981416133769464],[14.410166040143343,50.981425831685854],[14.410027228552126,50.98142039041004]]},"properties":{"OBJECTID":189773,"fid_zbg":"3237066","jmeno":null,"typtoku_p":"povrchový nesplavný","vydattok_p":"stálý","idvt":"10231862"}},{"type":"Feature","id":190567,"geometry":{"type":"LineString","coordinates":[[14.496186810192823,51.02869899184873],[14.496080869039186,51.02879365209927],[14.495971911035499,51.02885639249928],[14.495880587474446,51.028916750032366],[14.495801143145222,51.02899001399729],[14.495697961087814,51.029055972925896],[14.495482182806825,51.029142991858166],[14.495374791100284,51.02919915364529],[14.495218953870518,51.0292445224774],[14.49509590676575,51.02926468252639],[14.494737787185011,51.02932475009283],[14.494605141049067,51.029350705598894],[14.494507222815452,51.02938237233306],[14.49440547371555,51.02943239685279],[14.494120865065799,51.029553584607775],[14.493865959666621,51.02964521542311],[14.493632268809696,51.029717263155526],[14.493500603483756,51.029765255537505],[14.493400102578068,51.02982146486842],[14.493278657420944,51.029912611163965],[14.493197541531227,51.029974299596155],[14.49311541532951,51.030014410128636],[14.493078313269615,51.03003261562537]]},"properties":{"OBJECTID":190567,"fid_zbg":"3237231","jmeno":null,"typtoku_p":"povrchový nesplavný","vydattok_p":"stálý","idvt":"10284014"}},{"type":"Feature","id":191557,"geometry":{"type":"LineString","coordinates":[[14.462078574662087,50.97915742810912],[14.46189513118091,50.97922739987334],[14.461733857221661,50.979302627168146],[14.461707085405406,50.97932202250289],[14.461658162730648,50.97935879040791],[14.461611527373602,50.9793875999457],[14.461552564959968,50.97942486957238],[14.461451718775102,50.97950415175337],[14.461351019068514,50.97961719614315]]},"properties":{"OBJECTID":191557,"fid_zbg":"3779706847494144","jmeno":null,"typtoku_p":"povrchový nesplavný","vydattok_p":"stálý","idvt":"10220076"}},{"type":"Feature","id":191808,"geometry":{"type":"LineString","coordinates":[[14.379183133309413,50.974483509226054],[14.379344974222025,50.974521576072156],[14.379464900384574,50.974552176965176],[14.379510218956936,50.974562480160415],[14.379887941027553,50.97461102116605],[14.380174987903118,50.97467461229546],[14.380549608009595,50.97478668834281],[14.380888058617247,50.97487659995801],[14.381141190704271,50.97493656938355],[14.381426628226304,50.97502264712748],[14.38153835538351,50.97502549072156],[14.381805641465657,50.97500898364581],[14.381942340972666,50.974990039603625],[14.382133774147274,50.97497587557605],[14.382382144983334,50.974966928406516],[14.382593426401112,50.97495703444716],[14.382786798572976,50.97494372801999],[14.383104027390262,50.974948185507984],[14.383539841053127,50.97492201828421],[14.383630020148122,50.97490791924637],[14.383870177776716,50.97484029848007],[14.384310976082238,50.97470633014466],[14.38447729766291,50.974676063797126],[14.384637818695447,50.974662795167234],[14.38498194308594,50.9746693194529],[14.385312509033705,50.97463642410458],[14.385602996309041,50.97463433448846],[14.385975428353653,50.97466099840224],[14.386027430733616,50.97465598403836],[14.386097967477001,50.97461595366278],[14.386108676103486,50.97461180542726],[14.386124189955998,50.974613157231836],[14.386133424165369,50.97461161173874],[14.38613909346707,50.97460323154389],[14.386148573921359,50.9745966806134],[14.386179125105135,50.974598671226836],[14.386205990254417,50.974597799983535],[14.386310937607918,50.97458168298811],[14.386357441033958,50.974583348582335],[14.386407980563881,50.97459265210449],[14.386447776834316,50.97459160090312],[14.386536016283719,50.97460221115939],[14.38658904516834,50.97460946304914],[14.386771053804907,50.97466442963508],[14.387391465564795,50.9747796505863],[14.387731087834789,50.9747993398303],[14.387969980900476,50.97479460949638],[14.388505099425968,50.97474245921374]]},"properties":{"OBJECTID":191808,"fid_zbg":"3335057","jmeno":"Salmovský potok","typtoku_p":"povrchový nesplavný","vydattok_p":"stálý","idvt":"10227200"}},{"type":"Feature","id":192263,"geometry":{"type":"LineString","coordinates":[[14.504164956620151,50.99797359211085],[14.50404337505017,50.99781851605414],[14.50395721454588,50.99768173810199],[14.503952905021094,50.997657780863015],[14.503961623504845,50.997548945734664],[14.50394987492114,50.99748425146651],[14.503933844487724,50.99736421440412],[14.503934839778468,50.997348968977974],[14.503953834144346,50.9972584359171],[14.503965469364987,50.99718332624214],[14.503953075609054,50.9970442704919],[14.503977155260358,50.99690846307763],[14.503980199915238,50.996844497826],[14.503978971049179,50.996798308036844],[14.503968836505477,50.99677802234803],[14.503923548256848,50.99674545765303],[14.503899952722666,50.99672027575071],[14.50388665839072,50.99669665184345],[14.503882002105255,50.99668028492437],[14.503872047222844,50.996559409987945],[14.503859686574952,50.99654210774157],[14.503774621563645,50.99647210032406],[14.50373877401167,50.99644042073106],[14.503635166703535,50.996390688851726],[14.503446481825433,50.99637030094556],[14.503342290537919,50.99635532649144],[14.50333068806963,50.99632520766113],[14.503318139676207,50.99624892331653],[14.503319168335388,50.99621889392187],[14.50331215191511,50.9961981508185],[14.503301690662786,50.996177383321516],[14.503274623421921,50.99612570338913],[14.503213371557434,50.99606590983705],[14.50309662277108,50.995998971067955]]},"properties":{"OBJECTID":192263,"fid_zbg":"3237283","jmeno":null,"typtoku_p":"povrchový nesplavný","vydattok_p":"stálý","idvt":"10224788"}},{"type":"Feature","id":192511,"geometry":{"type":"LineString","coordinates":[[14.496994696716111,50.98960380563775],[14.496362611404873,50.989560961334575],[14.496088957957447,50.98949175282933],[14.495840875947462,50.98943191362025],[14.495643469517034,50.98938233687501],[14.495545919389233,50.98935088920161],[14.495232888576096,50.98916869775132],[14.494988052718465,50.989041369517594],[14.494805296938596,50.98892274673616],[14.494552921167461,50.988696065867934],[14.494470356522745,50.98859070276263],[14.494364376801226,50.988502554101515],[14.494288330188596,50.98846606359517],[14.49418026034227,50.988400867838266],[14.494099006552151,50.98833861793978],[14.494054706399705,50.988265672623214],[14.493902987475112,50.988119876186026],[14.493884447497901,50.98801821569255],[14.493848951042295,50.98791055792527],[14.493803416964083,50.987849299520434],[14.493628958082041,50.98776676952098],[14.493558979412867,50.98775738192609],[14.49338513583266,50.98774575590043],[14.493087221961071,50.98774928212512],[14.493080856720788,50.98774980400121]]},"properties":{"OBJECTID":192511,"fid_zbg":"3239247","jmeno":null,"typtoku_p":"povrchový nesplavný","vydattok_p":"občasný","idvt":"11000519"}},{"type":"Feature","id":192636,"geometry":{"type":"LineString","coordinates":[[14.435846513281353,51.00658219299205],[14.435846449238428,51.00644315572316]]},"properties":{"OBJECTID":192636,"fid_zbg":"4130789201543168","jmeno":null,"typtoku_p":"povrchový nesplavný","vydattok_p":"stálý","idvt":null}},{"type":"Feature","id":194332,"geometry":{"type":"LineString","coordinates":[[14.41770094146066,50.97653427551977],[14.417589605485619,50.97675960214491],[14.417552003592045,50.97678237628095],[14.417489796356648,50.976803965868065],[14.417352951840652,50.97682596800322],[14.417273835599218,50.97683611723412],[14.417218952676498,50.97685588405024],[14.417173554909796,50.976871629635646],[14.417044046927142,50.976833985970224],[14.417022430343184,50.976826473761754],[14.416819068094942,50.97675591146827],[14.416686882770675,50.97672936729567],[14.416445158587509,50.97669324388232],[14.41621179575312,50.976629573976595],[14.416096855464987,50.976618862970476],[14.415992741115176,50.97661716755949],[14.415868626670449,50.97663133672015],[14.415759118866143,50.9766710003923],[14.415647128143648,50.976732405624894],[14.415536405122419,50.97683328990786],[14.415397800849485,50.97696397110458]]},"properties":{"OBJECTID":194332,"fid_zbg":"3237290","jmeno":null,"typtoku_p":"povrchový nesplavný","vydattok_p":"stálý","idvt":"10220088"}},{"type":"Feature","id":194342,"geometry":{"type":"LineString","coordinates":[[14.456628533052944,51.01368294151591],[14.456096430261697,51.01377015910532],[14.456023635701888,51.013788724066515],[14.455969691055161,51.01382028642717],[14.455938965914974,51.013830304227156]]},"properties":{"OBJECTID":194342,"fid_zbg":"3237345","jmeno":null,"typtoku_p":"povrchový nesplavný","vydattok_p":"stálý","idvt":"10220058"}},{"type":"Feature","id":194549,"geometry":{"type":"LineString","coordinates":[[14.418282264556167,50.99252307316787],[14.41832311560641,50.99254348698998],[14.418341868699699,50.99256931333051],[14.418371340798748,50.99261000670388],[14.418409668023894,50.992641932974344],[14.418455556989295,50.99266383662138],[14.41866970354957,50.992734055144695],[14.418699274250148,50.992751411699864],[14.41871246569702,50.99278059304796],[14.418713321867365,50.992857789295044],[14.418754352005042,50.99293667687488],[14.418796880158828,50.993000778196716],[14.418866077376077,50.99306784807853],[14.41890864887661,50.993103390781265],[14.418972243357308,50.99313086884002],[14.419159931051158,50.99318463503317],[14.419243824459546,50.99319681761324],[14.41932165893472,50.99321437168987],[14.419401681704981,50.9932383761548],[14.419505961211703,50.99328327679941],[14.419605888832818,50.993326311550994],[14.419648820739399,50.993353673998975],[14.419850179385785,50.99361002227477]]},"properties":{"OBJECTID":194549,"fid_zbg":"3237931","jmeno":"Šluknovský potok","typtoku_p":"povrchový nesplavný","vydattok_p":"stálý","idvt":"10104877"}},{"type":"Feature","id":195317,"geometry":{"type":"LineString","coordinates":[[14.401943897541065,50.97142496927241],[14.40191594597889,50.97146052828891],[14.401520307044267,50.97172692048365],[14.401465340726544,50.971829296642554],[14.401090687070814,50.972061736706884],[14.400640978380332,50.97247894306345],[14.400512490631986,50.97254502415988],[14.400357686339786,50.972623033463776],[14.399881209184587,50.97278400266298]]},"properties":{"OBJECTID":195317,"fid_zbg":"3272733","jmeno":"Vilémovský potok (Poustevenský potok)","typtoku_p":"povrchový nesplavný","vydattok_p":"stálý","idvt":"10100689"}},{"type":"Feature","id":196384,"geometry":{"type":"LineString","coordinates":[[14.449021849582957,51.03389115931743],[14.448926510537259,51.03395830689144],[14.448897340603553,51.033976651029555],[14.448863838464955,51.0340043280617],[14.448848309395716,51.03404000080314]]},"properties":{"OBJECTID":196384,"fid_zbg":"3855650996092928","jmeno":"Rožanský potok","typtoku_p":"povrchový nesplavný","vydattok_p":"stálý","idvt":"10101135"}},{"type":"Feature","id":196538,"geometry":{"type":"LineString","coordinates":[[14.411754852146364,50.97645579034411],[14.41156179202726,50.976372421805856],[14.41146368250623,50.97627576525618],[14.411326784666953,50.97612262182951],[14.411241805008876,50.97607404270368],[14.410991201471772,50.97601651192136],[14.410725962776336,50.97601686686727],[14.410573314991117,50.976009042581225],[14.410424951854816,50.97596437151854],[14.410340310674071,50.97591892414955],[14.410272320126147,50.97586955261169],[14.410230807521689,50.975785100273214],[14.410178741373805,50.97568775365844],[14.410183466535207,50.97563880517247],[14.410169944391699,50.97557520484336],[14.410035216308737,50.975429207204336],[14.409979997903923,50.975418146550695],[14.409899761529633,50.97541833971197],[14.409844321308075,50.975412250075216],[14.409807563351581,50.97539825738931],[14.409739556648228,50.97535423731347],[14.409707117399375,50.97533744432663],[14.409671145625932,50.97529493873083],[14.40966976389345,50.97525798062201],[14.409640499508354,50.97523710837099],[14.409629805517596,50.9752044309069],[14.40956302031926,50.97516930899683]]},"properties":{"OBJECTID":196538,"fid_zbg":"3237141","jmeno":null,"typtoku_p":"povrchový nesplavný","vydattok_p":"stálý","idvt":"10231869"}},{"type":"Feature","id":197194,"geometry":{"type":"LineString","coordinates":[[14.435846449238428,51.00644315572316],[14.435823758488143,51.0062226892274]]},"properties":{"OBJECTID":197194,"fid_zbg":"4130789302206464","jmeno":null,"typtoku_p":"podzemní","vydattok_p":"stálý","idvt":null}},{"type":"Feature","id":197883,"geometry":{"type":"LineString","coordinates":[[14.448848309395716,51.03404000080314],[14.448853418485713,51.03405686378406],[14.448895294531267,51.03409586771155],[14.448944583057502,51.03414776044596],[14.449028597163142,51.034200750849784],[14.44914986119891,51.03429615536462],[14.449238620306566,51.034354455016995],[14.449338158303657,51.03440289043814],[14.449378409725412,51.034458628401964],[14.449405580909318,51.03452158192915],[14.449429996106202,51.03456479135634],[14.449475888060984,51.034601874132555]]},"properties":{"OBJECTID":197883,"fid_zbg":"4309551109111808","jmeno":"Rožanský potok","typtoku_p":"povrchový nesplavný","vydattok_p":"stálý","idvt":"10101135"}},{"type":"Feature","id":201184,"geometry":{"type":"LineString","coordinates":[[14.386227665788457,50.97799961648732],[14.386176577554162,50.97811430426648],[14.386165080216072,50.97818661882657],[14.38615607622254,50.97823437915427],[14.386085136271971,50.978293257438416],[14.386025981883309,50.97834490539701],[14.386019722511211,50.97838011080225],[14.386067608546501,50.97843391672633],[14.386074838425838,50.97849025978267]]},"properties":{"OBJECTID":201184,"fid_zbg":"3240240","jmeno":null,"typtoku_p":"povrchový nesplavný","vydattok_p":"občasný","idvt":"10224792"}},{"type":"Feature","id":202010,"geometry":{"type":"LineString","coordinates":[[14.406945818552995,51.00878907783771],[14.406688405416409,51.00870411461434],[14.406543966353919,51.008670060378805],[14.406295831702792,51.00859451297854],[14.405938115728507,51.00841069769103]]},"properties":{"OBJECTID":202010,"fid_zbg":"3237102","jmeno":"Velkošenovský potok","typtoku_p":"povrchový nesplavný","vydattok_p":"stálý","idvt":"10103812"}},{"type":"Feature","id":202398,"geometry":{"type":"LineString","coordinates":[[14.449455244096766,51.02593204280549],[14.450075949664456,51.02610799458876],[14.450119522298891,51.02612792093019],[14.450147205944797,51.02614450441745],[14.450267939225432,51.02619032823139],[14.450282647480353,51.02619394090838],[14.450285665881168,51.02620242160127],[14.450281206249175,51.02622630479348],[14.450276398246537,51.0262484159437],[14.450455206927089,51.0263432724439]]},"properties":{"OBJECTID":202398,"fid_zbg":"3328695","jmeno":"Dřevíč","typtoku_p":"povrchový nesplavný","vydattok_p":"stálý","idvt":"10112527"}},{"type":"Feature","id":202913,"geometry":{"type":"LineString","coordinates":[[14.451457476266638,51.03221133637953],[14.451425509988505,51.03227139917194],[14.451302365974183,51.03244805251721],[14.4512356839093,51.03255203637827],[14.450931690099516,51.033040540730866],[14.450911423685282,51.03307127684577],[14.450888058314767,51.03310852212533],[14.450299666492654,51.03330740253012]]},"properties":{"OBJECTID":202913,"fid_zbg":"1901804321244538","jmeno":null,"typtoku_p":"povrchový nesplavný","vydattok_p":"stálý","idvt":"11001372"}},{"type":"Feature","id":202995,"geometry":{"type":"LineString","coordinates":[[14.469074308105828,51.00967649465653],[14.469023311597432,51.00965244968324],[14.46881619241541,51.009547117260155],[14.468712555238005,51.00950395640148],[14.467747664585106,51.00908983740118]]},"properties":{"OBJECTID":202995,"fid_zbg":"3237051","jmeno":null,"typtoku_p":"povrchový nesplavný","vydattok_p":"stálý","idvt":"10222415"}},{"type":"Feature","id":203132,"geometry":{"type":"LineString","coordinates":[[14.417040284007179,50.992010642238206],[14.417141626303055,50.992040836789954],[14.417355733501532,50.992119129871455],[14.417486907051822,50.99215526237919],[14.417632259585831,50.99221261410298],[14.417723911883687,50.99227149992902],[14.417801322776677,50.99234572582919],[14.417893373525247,50.99238511151142],[14.41798549963253,50.99246213920474],[14.418068399029986,50.99249206525887],[14.418282264556167,50.99252307316787]]},"properties":{"OBJECTID":203132,"fid_zbg":"3237701","jmeno":null,"typtoku_p":"povrchový nesplavný","vydattok_p":"stálý","idvt":"10236534"}},{"type":"Feature","id":203133,"geometry":{"type":"LineString","coordinates":[[14.411060940880988,50.98682738835647],[14.410991076659993,50.98690252367728],[14.410973427134403,50.98694916935759],[14.410986721897793,50.98700948271601],[14.411003844931004,50.98704499561771],[14.411067755331091,50.98711203001997],[14.411111152198334,50.987175176835585],[14.411304949670733,50.987325358217184],[14.411304601945421,50.9873506788566],[14.411287536918737,50.98737487351782],[14.41126064241143,50.98740393025368],[14.411137169287226,50.98746714877259],[14.41106791487038,50.98753408045731],[14.411023537926322,50.98762957721747],[14.41102223454593,50.98771529759569],[14.411056052831345,50.9878291485096],[14.411087039584457,50.98786700926795],[14.411140911414792,50.98790981647847],[14.411234023028886,50.987973145579986],[14.411254455576705,50.98798590879911],[14.411310437018113,50.98803703797725],[14.411381813096243,50.98814676646143]]},"properties":{"OBJECTID":203133,"fid_zbg":"3314283","jmeno":null,"typtoku_p":"povrchový nesplavný","vydattok_p":"stálý","idvt":"10229463"}},{"type":"Feature","id":203548,"geometry":{"type":"LineString","coordinates":[[14.483558440591537,50.987659923891975],[14.483419603183892,50.98765456889835],[14.483260516014331,50.98770289700476],[14.483188438274636,50.98771382484252],[14.483129480099397,50.98776259913218],[14.48309728448507,50.9878881004062],[14.483023154950631,50.98796405204677],[14.482782578903006,50.98805573547602],[14.482562651819917,50.98806368674278],[14.482420827118258,50.98808154238288],[14.482275958998326,50.98814822425568],[14.482098035859428,50.988286490322835]]},"properties":{"OBJECTID":203548,"fid_zbg":"3349285","jmeno":null,"typtoku_p":"povrchový nesplavný","vydattok_p":"stálý","idvt":"10222437"}},{"type":"Feature","id":204376,"geometry":{"type":"LineString","coordinates":[[14.472982610659164,50.99723473017117],[14.472617026882277,50.99822966560352]]},"properties":{"OBJECTID":204376,"fid_zbg":"3237351","jmeno":"Lesní potok","typtoku_p":"povrchový nesplavný","vydattok_p":"stálý","idvt":"10283941"}},{"type":"Feature","id":204682,"geometry":{"type":"LineString","coordinates":[[14.480374897536173,51.018645869542446],[14.480393051887589,51.01862349416221],[14.480400510440004,51.01860593897572],[14.480390956611837,51.01859082672541],[14.480366875293942,51.018569281573505],[14.480323016613559,51.01854236579484],[14.480253272044951,51.018512183451364],[14.480173073447347,51.018463345652265],[14.48006878202732,51.01841179499239],[14.47997782851502,51.01836745457214],[14.479862417772038,51.01832931478002],[14.479807048222042,51.018314896091205],[14.479759229289819,51.018304194889424],[14.47969478255653,51.01828912031133],[14.479649241583314,51.01826917157586],[14.479602914719079,51.018249862656326],[14.479543611900544,51.01823295454529],[14.479503678530719,51.01822177209745],[14.479403379019242,51.01820031208604],[14.479376302806108,51.018194774461534],[14.479319698378303,51.01818651776289],[14.479250238092199,51.01816723656202],[14.47919364869055,51.01814318674304],[14.47912798712425,51.01811434460948],[14.479066536062987,51.018079614973644],[14.479000401155924,51.01805163005658],[14.478947342182773,51.01803365438675],[14.478872889821755,51.01802512814529],[14.478724500574437,51.01801777259198],[14.478643500742232,51.01801669205269],[14.4785478379657,51.01802393584549],[14.478490959906216,51.01802523516168]]},"properties":{"OBJECTID":204682,"fid_zbg":"4142060571459584","jmeno":null,"typtoku_p":"povrchový nesplavný","vydattok_p":"občasný","idvt":"10236508"}},{"type":"Feature","id":206202,"geometry":{"type":"LineString","coordinates":[[14.43158833427462,51.023414691888625],[14.431650040863039,51.023420673658435],[14.431675283903598,51.02345007930859],[14.431729164148122,51.023441138597185],[14.431738236300717,51.02341534132658],[14.43176349280704,51.02339185363973],[14.43181399107127,51.02339051320735],[14.431892720098107,51.02341675047146],[14.431934127022567,51.023412898438885],[14.43198668140907,51.02340211890778],[14.432010349000912,51.02340507683074],[14.432021492398649,51.023404772138974],[14.43256708320221,51.02320499944611],[14.432918510907019,51.02308809504985],[14.43305911754222,51.02304357165749],[14.433153480326844,51.02303831901902],[14.433337635318699,51.02305243122522]]},"properties":{"OBJECTID":206202,"fid_zbg":"4309552518397952","jmeno":"Dřevíč","typtoku_p":"povrchový nesplavný","vydattok_p":"stálý","idvt":"10112527"}},{"type":"Feature","id":206580,"geometry":{"type":"LineString","coordinates":[[14.450877224351432,51.030241865099875],[14.450966979135845,51.0303945400617],[14.451034110082006,51.03053044341672]]},"properties":{"OBJECTID":206580,"fid_zbg":"3794255076130816","jmeno":null,"typtoku_p":"povrchový nesplavný","vydattok_p":"stálý","idvt":"10227161"}},{"type":"Feature","id":207857,"geometry":{"type":"LineString","coordinates":[[14.38414362200171,50.99056685028598],[14.383993812153628,50.990844967384334],[14.383888974892114,50.99110637780441],[14.383853900285047,50.99116564080576],[14.383747856928817,50.991405214400444],[14.383729865590235,50.991434488755765],[14.38365450610462,50.99164157465912],[14.3835949579417,50.991898038428154],[14.383561093390998,50.992075402382895]]},"properties":{"OBJECTID":207857,"fid_zbg":"3237034","jmeno":null,"typtoku_p":"podzemní","vydattok_p":"stálý","idvt":"10236545"}},{"type":"Feature","id":208435,"geometry":{"type":"LineString","coordinates":[[14.377717413941228,51.02065735502117],[14.377351098871456,51.020478447147056]]},"properties":{"OBJECTID":208435,"fid_zbg":"3237615","jmeno":"Solandský potok","typtoku_p":"povrchový nesplavný","vydattok_p":"stálý","idvt":"10231827"}},{"type":"Feature","id":210607,"geometry":{"type":"LineString","coordinates":[[14.411381813096243,50.98814676646143],[14.411498077399916,50.98827082950303],[14.411586559596959,50.988323884198834],[14.411677675310465,50.98836882018562],[14.41179730566367,50.988395727959066],[14.412004804815542,50.988449505502764],[14.412157262610803,50.9884985912034],[14.41219131257383,50.98852504941969],[14.412263277317303,50.98866241106149],[14.412280409916635,50.98870863093037],[14.412317250856987,50.98873923309027],[14.412427283799751,50.98879881393927],[14.412523297257893,50.988837251704574],[14.412565322649817,50.988878557003204],[14.412563378323677,50.98892702092054],[14.412606188132601,50.98901548471532],[14.412665341099453,50.98909756530794],[14.412714332349212,50.98914120869196],[14.412837303085787,50.98918708726871],[14.412930112358744,50.98922690663812],[14.413007003940852,50.989233586592626],[14.413101561407519,50.989233090850426],[14.413162706137769,50.98925409948309],[14.413251525626102,50.98932197131404],[14.413356379737696,50.98935929807514],[14.413459261955879,50.98938193619143],[14.413561337023012,50.98939245478804],[14.413639998574697,50.98943057268858],[14.413685965549334,50.98947193856933],[14.413768375410218,50.98956439512938],[14.41382553494364,50.98965365105496],[14.413936844239009,50.989729282702925],[14.413993465323422,50.98978936654982],[14.414008112779818,50.989829653926016],[14.413976947503482,50.989867749214696],[14.413968195873192,50.98990194828251],[14.414003210883955,50.9899529964827],[14.414070036606654,50.99001441126475],[14.414231743339823,50.99013252788693],[14.41431857520298,50.990189882438635],[14.4143980504245,50.99022750777896],[14.414431070681383,50.99027986145509],[14.414473758146958,50.99030561729434],[14.414633058821915,50.99036291488108],[14.414745852062142,50.99042252398731],[14.414826304110814,50.99043332256993],[14.414934961080425,50.99045981778859],[14.415005870667096,50.990515698023955],[14.41519015720819,50.99062851550714],[14.415240984625807,50.99067430397168],[14.415255558354545,50.99068065074842],[14.415312652074935,50.990687151911004],[14.415382366288197,50.990695112080644],[14.415458640618617,50.9907112271798],[14.41562131080994,50.99074398240662]]},"properties":{"OBJECTID":210607,"fid_zbg":"3356214","jmeno":null,"typtoku_p":"povrchový nesplavný","vydattok_p":"stálý","idvt":"10229463"}},{"type":"Feature","id":210705,"geometry":{"type":"LineString","coordinates":[[14.469146178267918,50.98800555973816],[14.468994419766153,50.988052080949984],[14.468940649941034,50.98810250440207],[14.468873557381235,50.98817790505608],[14.468828442965036,50.98823216085041],[14.468801109334793,50.988268719533586],[14.468779537109079,50.98827937556298],[14.468690791794337,50.9882743392497],[14.468630514620312,50.98828119764681]]},"properties":{"OBJECTID":210705,"fid_zbg":"3238010","jmeno":null,"typtoku_p":"povrchový nesplavný","vydattok_p":"stálý","idvt":"10222429"}},{"type":"Feature","id":210777,"geometry":{"type":"LineString","coordinates":[[14.466713011097166,51.00954612672011],[14.464357161080892,51.00956405044549],[14.464194938802226,51.00952414324536],[14.463951871648746,51.009454280089585],[14.46391129240573,51.00944439637101]]},"properties":{"OBJECTID":210777,"fid_zbg":"3237634","jmeno":null,"typtoku_p":"povrchový nesplavný","vydattok_p":"stálý","idvt":"10227173"}},{"type":"Feature","id":211236,"geometry":{"type":"LineString","coordinates":[[14.409451888159289,50.97256850978469],[14.409264030376905,50.97247079814136],[14.408948137590418,50.9722456150331],[14.408713476686291,50.97209242301746],[14.408490010720362,50.97205421142871],[14.408346149730152,50.972005499978586],[14.408028975903589,50.97185797075584],[14.407833560342548,50.97175704947967],[14.40773707839823,50.97172897059204],[14.407587667284862,50.97164048740808],[14.407265130401294,50.97157224498883],[14.407098363337326,50.97154159220782],[14.406587834728803,50.97136345231231],[14.406364489571526,50.971254945471294],[14.406276168345276,50.97107675564708],[14.40619825114778,50.970981240682484],[14.406097081229554,50.97091089654968],[14.40582122058251,50.970810532992964],[14.405565429735034,50.97063530680018],[14.40544079122477,50.970610493054096],[14.405339934065383,50.970607291914256],[14.405120940479897,50.97061903055294]]},"properties":{"OBJECTID":211236,"fid_zbg":"3240239","jmeno":null,"typtoku_p":"povrchový nesplavný","vydattok_p":"stálý","idvt":"10231865"}},{"type":"Feature","id":213724,"geometry":{"type":"LineString","coordinates":[[14.405938115728507,51.00841069769103],[14.405714793903874,51.0083086605203],[14.405505876669286,51.008291957216805],[14.405388093072506,51.00826756717463],[14.405040384415216,51.00821466649941],[14.404937343277846,51.00820970386285],[14.404899743736838,51.00819681846176],[14.404850733407649,51.00815517692337],[14.40481859806996,51.00813768529527],[14.404777605496756,51.0081390223234],[14.404730705897407,51.008162801540486],[14.404636758239533,51.00820181807901],[14.404588289496841,51.008200509161604],[14.404483027073415,51.00816949401384],[14.40440354712014,51.008167939616115],[14.404339269700076,51.0081981929218],[14.404129733460353,51.00823042944333],[14.40396843697777,51.00820706492234],[14.403834309310367,51.00815412333383],[14.403722360017138,51.00803979529292],[14.40364604384871,51.00798423845915],[14.403552635316768,51.0078442834417],[14.403477989193572,51.00776593411995],[14.403322411563064,51.00764625270044]]},"properties":{"OBJECTID":213724,"fid_zbg":"3237176","jmeno":"Velkošenovský potok","typtoku_p":"povrchový nesplavný","vydattok_p":"stálý","idvt":"10103812"}},{"type":"Feature","id":213783,"geometry":{"type":"LineString","coordinates":[[14.48421254778852,50.981810899750634],[14.484213500528172,50.98192265905475],[14.484230914479696,50.98204999096793],[14.484268306557896,50.982187937091446],[14.484300233848316,50.98223496326077],[14.48434052395983,50.98229513962997],[14.484349108504588,50.98232717885697],[14.484328570033377,50.982388185578685],[14.484279516416022,50.982440835346445],[14.484267713683886,50.982459503447075],[14.484286043870211,50.982522865595215],[14.48432528822409,50.98263765623393],[14.484337277286974,50.982751546973645],[14.484388695779256,50.982903041028635],[14.48443375188873,50.98302949157951],[14.48447173720717,50.98306978260933],[14.484614909638276,50.98314200971679],[14.48468371895963,50.983191945307226],[14.484706697253856,50.983300887085555],[14.484736247480342,50.98337283751345],[14.484783468340986,50.983399682007345],[14.48494091537718,50.98345045990058],[14.485028799898531,50.98351120351959],[14.485099863489397,50.98358392261915],[14.485156006424887,50.98365054635585],[14.485180735213026,50.98372153634003],[14.485207637751213,50.98373800943264],[14.485270639256395,50.983757687247234],[14.485392440365887,50.983758033427065],[14.485439848669836,50.98378335150887],[14.485510463232938,50.98388669499532],[14.485547766261952,50.9839500603445],[14.485626069881073,50.98401324283197],[14.485717068200449,50.98407089769241],[14.48591682728996,50.98413602872772],[14.485958318462606,50.98415747949688],[14.485996938672326,50.984202814191654],[14.48607072057608,50.984268962909056],[14.486191691052863,50.98439597260543],[14.486257791639863,50.98444449393398],[14.486266443609583,50.98448751579285],[14.486282334955261,50.98456282340268],[14.486312936487812,50.98461399814699],[14.486317730051592,50.98469542470095],[14.486349681275298,50.984754971368105],[14.486381266226553,50.98478699822457],[14.486583634605514,50.98499677920339],[14.486739494973348,50.98524945073323],[14.486772203141438,50.985318252414],[14.486829620038494,50.98536473606532],[14.486983745979552,50.98546980112364],[14.487028352181127,50.98552248274331],[14.487171689917572,50.98562520181112],[14.487206138116672,50.98569911572591],[14.48720344507024,50.985789240545635],[14.48717107011288,50.98584850090007],[14.487128596942616,50.98591523659079],[14.487124766319079,50.98601061578421],[14.487077871188651,50.98609910578103],[14.487021414876438,50.98613814528259],[14.486928408400232,50.98620460517546],[14.486771277953949,50.98625655337541],[14.486685463044687,50.98630240487867],[14.486504505642962,50.986412626634475],[14.486297705020755,50.986482879690364],[14.486159024777935,50.98657905697129],[14.485883239910436,50.98668645159191],[14.485744304802477,50.98671873952877],[14.485462976196844,50.986813226490796],[14.485038054415442,50.98692499233148],[14.484824826204393,50.987028890325405],[14.484719374821013,50.98711695547818],[14.484606957552383,50.98720532688244],[14.484563842873293,50.98723517425122],[14.484505683434849,50.987260820757285],[14.484350603699582,50.987289990923344],[14.483999744277266,50.98727741435401],[14.483924672834018,50.987286904943566],[14.483817793393722,50.98733973746794],[14.483677548291665,50.98749819319863],[14.483558440591537,50.987659923891975]]},"properties":{"OBJECTID":213783,"fid_zbg":"3307797","jmeno":null,"typtoku_p":"povrchový nesplavný","vydattok_p":"stálý","idvt":"10227201"}},{"type":"Feature","id":213821,"geometry":{"type":"LineString","coordinates":[[14.479298316027476,50.990222708936706],[14.479217707808104,50.990213937860055],[14.479053885288975,50.990199799466986],[14.478980553269738,50.990208530329426],[14.478942215176401,50.99022028129636],[14.478871461856889,50.990260896356915]]},"properties":{"OBJECTID":213821,"fid_zbg":"3237210","jmeno":"Lesní potok","typtoku_p":"povrchový nesplavný","vydattok_p":"stálý","idvt":"10283941"}},{"type":"Feature","id":214224,"geometry":{"type":"LineString","coordinates":[[14.450962791201084,51.031422929192175],[14.450877487165,51.0314948465234],[14.450754420490526,51.03159631366113],[14.450048554379128,51.03231877515825],[14.449990477209413,51.03241182638327],[14.449972256882427,51.03247112700481],[14.44995162962382,51.032497830844946],[14.449919149935386,51.0325201529831],[14.449800987692761,51.03257589203343],[14.449775862021351,51.03259549325154],[14.449268145884739,51.03281997034789],[14.449165699479247,51.03289056776505],[14.449069183355187,51.0329613513474],[14.449031817276504,51.03302895782281],[14.449028896557857,51.033092330444894],[14.449062191007974,51.03315438028135],[14.449130475603747,51.033263275927716],[14.449181339651199,51.033323070912196],[14.449238927640378,51.0333627348897],[14.449277205726945,51.033398433675835],[14.44934052350616,51.03341294522992]]},"properties":{"OBJECTID":214224,"fid_zbg":"1901795865527674","jmeno":null,"typtoku_p":"povrchový nesplavný","vydattok_p":"stálý","idvt":"10227161"}},{"type":"Feature","id":214914,"geometry":{"type":"LineString","coordinates":[[14.368096621792244,51.03488191123364],[14.367853146289685,51.03501406293423],[14.367698383113037,51.03505535077811],[14.36761395100009,51.03508074721363],[14.36749592045815,51.035121543903934],[14.367334842344277,51.0351814539684],[14.367277919358683,51.03518574696148],[14.36700403582034,51.035134648475626],[14.366823958141158,51.03508189135718],[14.366670480151738,51.03508587827679],[14.366582515579745,51.03509463302371],[14.366524776419363,51.035086241757206],[14.366464246619714,51.03505120207291],[14.366383556799592,51.03501621947384],[14.366284331921467,51.034966009930955],[14.3661977864349,51.034972165928124],[14.366063258923685,51.035017965441035],[14.365932408162731,51.03504503015994],[14.365378608771628,51.03512225409685],[14.365183138975302,51.03513062625738],[14.364976823781973,51.03511272704902],[14.364889087243673,51.03509996799435],[14.364840074940169,51.03509968673769],[14.364776199721765,51.035110413695385],[14.364703812122091,51.03517963305024],[14.364603204915248,51.03520724662386],[14.364454681988711,51.03519874150838],[14.364417167870522,51.035188029570875],[14.364280126059663,51.035089785889795],[14.36423458859951,51.035076287210195],[14.364184161244143,51.03507261565835],[14.363970573459723,51.035145146670075],[14.363868499416904,51.035179772941476],[14.363553360298273,51.03538963791752],[14.363490170398945,51.03540871761274],[14.363436034623444,51.035425229522],[14.363329336825082,51.03542418166905],[14.363276863043884,51.03542196460289],[14.363236845727771,51.03542791155877],[14.363137942953419,51.0354772687081]]},"properties":{"OBJECTID":214914,"fid_zbg":"3237086","jmeno":"Liščí potok","typtoku_p":"povrchový nesplavný","vydattok_p":"stálý","idvt":"10101557"}},{"type":"Feature","id":215593,"geometry":{"type":"LineString","coordinates":[[14.44104410037126,50.99306305323181],[14.440840780726514,50.99305133768094],[14.440564042198254,50.99306982484742],[14.44048723468023,50.9930647133852],[14.44042072504798,50.99305786287995],[14.440360794956463,50.9930432353684],[14.440239479197286,50.99302728186911],[14.440107674051333,50.99303509749247],[14.439931813348522,50.99306105237965],[14.439782957982649,50.993104951878],[14.43956547513917,50.99321703024452],[14.439317585468737,50.993333006277744],[14.43917441087419,50.9933910972521],[14.43906372494807,50.993418796494495],[14.438929165000275,50.99343662451483],[14.43884546015426,50.99346784075893],[14.438697195335571,50.99358963499156]]},"properties":{"OBJECTID":215593,"fid_zbg":"3237849","jmeno":null,"typtoku_p":"povrchový nesplavný","vydattok_p":"stálý","idvt":"10229462"}},{"type":"Feature","id":218279,"geometry":{"type":"LineString","coordinates":[[14.424806982482293,51.01824334566086],[14.424894609674615,51.01823860505716],[14.425059695650834,51.01822297961196],[14.425153556050033,51.01822857810878],[14.425461257320146,51.018223866905316],[14.425842391146114,51.01822806245025],[14.426055618066611,51.01822386812789],[14.426191690724254,51.01821398191028],[14.42646097222051,51.01820622731868]]},"properties":{"OBJECTID":218279,"fid_zbg":"3237104","jmeno":null,"typtoku_p":"povrchový nesplavný","vydattok_p":"stálý","idvt":"10236514"}},{"type":"Feature","id":220227,"geometry":{"type":"LineString","coordinates":[[14.415651104163787,51.011913503530245],[14.415506837362871,51.011923300007254],[14.415370127556146,51.0119336616006],[14.415224148278927,51.011917813537075],[14.415142369619474,51.01192677372507],[14.414947316681644,51.01196446113653],[14.41473955192904,51.01197536764899],[14.414679460473875,51.01196271082119],[14.414604445920432,51.011909017958814],[14.414400755392618,51.01181883960184],[14.414317241681193,51.0118126778629],[14.414144162262657,51.011831720953445]]},"properties":{"OBJECTID":220227,"fid_zbg":"3237259","jmeno":"Velkošenovský potok","typtoku_p":"povrchový nesplavný","vydattok_p":"stálý","idvt":"10103812"}},{"type":"Feature","id":220234,"geometry":{"type":"LineString","coordinates":[[14.386555218019568,50.99195411525789],[14.386231381996208,50.99221998955467]]},"properties":{"OBJECTID":220234,"fid_zbg":"3238137","jmeno":null,"typtoku_p":"podzemní","vydattok_p":"stálý","idvt":"10227185"}},{"type":"Feature","id":220574,"geometry":{"type":"LineString","coordinates":[[14.470145887271824,51.00073156535713],[14.469103430741225,51.00171513495648]]},"properties":{"OBJECTID":220574,"fid_zbg":"3237360","jmeno":"Lesní potok","typtoku_p":"povrchový nesplavný","vydattok_p":"stálý","idvt":"10283941"}},{"type":"Feature","id":220859,"geometry":{"type":"LineString","coordinates":[[14.455976298002978,51.01459825542121],[14.455883764929236,51.01464848229793],[14.455838522327799,51.014669048231944],[14.455786377230968,51.01470900394152],[14.455778110985534,51.0147284482027],[14.45576576166806,51.014755232873846],[14.455744217210595,51.014815334885704],[14.455719795510669,51.01487146844773],[14.455669604268765,51.014930363902444],[14.45560297239053,51.01497622523486],[14.455469879783033,51.015040019537594],[14.455281705206911,51.015121006662966],[14.455182592916193,51.015196538884524],[14.45515165865172,51.01523895429392],[14.455141537141843,51.01528090106983],[14.455135681632886,51.01532439610152],[14.455128175618047,51.01537482492771],[14.455113110246996,51.01540709037429],[14.455110403080457,51.0154354344762],[14.455120310589525,51.015465957936776],[14.455125849304348,51.01551261549623],[14.455107397790092,51.01558958744394],[14.455089667698342,51.01563477752762],[14.455057290521482,51.01567588876717],[14.455027288196334,51.015716660986904],[14.454998062034937,51.01575187540171],[14.454967170816973,51.01580137102074],[14.454936775827791,51.015901533724026],[14.454924916313187,51.01593625373101],[14.45491294097858,51.01605887561024],[14.45489698756913,51.016180609194144],[14.454891742194027,51.016229237541744],[14.454914879090452,51.01628095490153],[14.454997110195627,51.01631555406218],[14.455183905821059,51.016347834940284],[14.455301354881108,51.01635280891394],[14.455409218886727,51.01637740332866],[14.45550922985718,51.01641298583607],[14.455578525191884,51.016464293476325],[14.455602033004014,51.016520397445774],[14.455590288675316,51.01659245137244],[14.455589749837918,51.01665675546035],[14.45564425758403,51.01670582289813],[14.4557044524242,51.01675711479482]]},"properties":{"OBJECTID":220859,"fid_zbg":"3237415","jmeno":null,"typtoku_p":"povrchový nesplavný","vydattok_p":"stálý","idvt":"10222413"}},{"type":"Feature","id":221537,"geometry":{"type":"LineString","coordinates":[[14.439547365858841,50.98201188694517],[14.439509511304978,50.98208218723283],[14.43952744118102,50.98215372896915],[14.439510926975052,50.982213140344],[14.439527765094313,50.982255336609136],[14.43954782280086,50.982301894656466],[14.439586450000753,50.98233708774986],[14.439577538720833,50.9823668274764]]},"properties":{"OBJECTID":221537,"fid_zbg":"3335544","jmeno":null,"typtoku_p":"povrchový nesplavný","vydattok_p":"občasný","idvt":"10236547"}},{"type":"Feature","id":227167,"geometry":{"type":"LineString","coordinates":[[14.441515558314299,50.996638185250376],[14.44150702417505,50.99666142534955],[14.441486126152403,50.996684265940175],[14.441402846873915,50.99675211158558],[14.441334939427927,50.99683918010207],[14.441239846005637,50.99696107400037],[14.441005028880753,50.997233685060586],[14.440940758277149,50.99734718894476],[14.440958386324288,50.99738723877508],[14.441008837049878,50.997409844931354],[14.441130034344257,50.99742242937831],[14.441298173483426,50.99751665157641],[14.44148628996624,50.99766240407075],[14.441516990811996,50.99772564187195],[14.441580281021999,50.99789962256753],[14.44162128604111,50.99796863390168],[14.441701663921197,50.998040193390416],[14.441943497517615,50.99813901872529],[14.442005001944162,50.998217898134435],[14.442027945817838,50.998276018242755],[14.44200833219076,50.998390323551504],[14.442060235838758,50.99863345883644],[14.442058353763024,50.99876255505223],[14.442218910870169,50.99891566295249],[14.442246802835783,50.99900425126906],[14.442433596371611,50.99913312038558],[14.442425289903273,50.99919537480734],[14.442470219616974,50.99930201436422],[14.442630779915254,50.99945512165501],[14.442673688967588,50.99976376250202],[14.442752651198592,50.99992065410389],[14.4427974103326,50.99999007140003],[14.443020733513778,51.00015079027808],[14.443084088870936,51.00020306444248],[14.443311366495852,51.00035916223605],[14.443414395647665,51.000436346653736],[14.44349874868729,51.00048965845948],[14.443667291225445,51.000613895922086],[14.443792496981288,51.000696946742295],[14.443851390881303,51.000730271307035],[14.443868838540839,51.00074009261846],[14.443884341743127,51.00075078892357],[14.444000036383763,51.00082038674068],[14.444124460472244,51.000864456664665],[14.444274935687186,51.00091568125269],[14.444456146128445,51.00095913311263],[14.444700572613028,51.001025295907866],[14.444854170865872,51.00108332236381],[14.445041515220414,51.00117130671885],[14.445184403305998,51.001250951004735],[14.445215040733283,51.001273118701334],[14.445241750990498,51.00129245141677],[14.445243493370844,51.00132887477612],[14.445221064142578,51.00138130549171],[14.445185220720171,51.001441203000546],[14.44514941036787,51.001507626615215],[14.444966250140476,51.00172261463255],[14.444913944067146,51.001783364095154],[14.444880371399655,51.00186356318995],[14.44486420727413,51.00197545420115],[14.444873132725403,51.00210103962697],[14.44489165935232,51.00213155815645],[14.444918050107251,51.002158974209095],[14.444951064882453,51.00217444343972],[14.4450005832578,51.00218344821446],[14.44532342575693,51.002189895145],[14.445607881945318,51.00221152637608],[14.445927529045555,51.002253169074365],[14.44596629362703,51.0022580670873],[14.446004493685582,51.00226291621906],[14.44637895400674,51.002313022284255],[14.446659199817072,51.00236195796166],[14.446921234792006,51.00240735696906],[14.4470355081821,51.002435248110594],[14.447067341587406,51.002445506524474],[14.447106951005749,51.0024618634113],[14.447291749170141,51.00253646757829],[14.447448630439348,51.00258207237379],[14.447589647240353,51.00260997314585],[14.448114668095068,51.00262438433655],[14.44866156036718,51.002631513549055],[14.448704315333423,51.00265377613844],[14.448704462597856,51.00268471737258],[14.44870467502559,51.002727331607524],[14.44870240514294,51.003038416011286],[14.448727171637183,51.00307616016878],[14.449034694240412,51.003247435103404],[14.449151766252902,51.003336751612],[14.449231332449346,51.003460954497726],[14.449264355471302,51.003527265788115],[14.449282167258305,51.00355539886066],[14.449309407859815,51.0035942006646],[14.449336617824802,51.00362659456218],[14.44942991316063,51.003700407604384],[14.449541962796397,51.00378273853829],[14.449633608903422,51.0038488602631],[14.449664845719402,51.00387139584276],[14.449903629615699,51.00404346064416],[14.449919393038924,51.00405482258795],[14.449986863198784,51.00410436315851],[14.450035648415566,51.00414070126953],[14.450134052271729,51.00422052612353],[14.450315707378385,51.004484033587005],[14.450417067177515,51.00459862586332],[14.450458840722678,51.00464433686696],[14.450487754090195,51.00467690495581],[14.450514782966875,51.00475307600801],[14.450528300401901,51.00483167075863],[14.45053175659461,51.00489741014939],[14.450525728973776,51.004994346049145],[14.450522766232552,51.00501776908626],[14.450521787729814,51.005033915230754],[14.450517264654069,51.00504705107566]]},"properties":{"OBJECTID":227167,"fid_zbg":"3328171","jmeno":"Stříbrný potok","typtoku_p":"povrchový nesplavný","vydattok_p":"stálý","idvt":"10101808"}},{"type":"Feature","id":227820,"geometry":{"type":"LineString","coordinates":[[14.460057758360012,50.98170361602718],[14.460085678029813,50.98171787930027],[14.460155067503223,50.98176383557529],[14.460180394692403,50.98178752773726],[14.460214593598103,50.98183457762529],[14.460221414096079,50.98188923948071],[14.460226107081692,50.98193582428065],[14.46023284367558,50.98194584225853],[14.460312076113507,50.981981744510094],[14.460323227301847,50.982006188461376],[14.460317267163651,50.9821833121958],[14.460292843641957,50.98226339669868],[14.46028538317412,50.98229777128472],[14.460336515694104,50.98234229362581],[14.460373662111879,50.98239894296015],[14.46040539651014,50.982500395907415],[14.460434702905363,50.98254747617098],[14.460485360916948,50.98256637298817],[14.46067471728293,50.98259717336894],[14.460701610766867,50.982607029187584],[14.460718265459318,50.98262035436938],[14.460754604568734,50.98268999805994],[14.46077810970401,50.98274791710901],[14.460847115336273,50.98282002270897],[14.460892402244413,50.98292790937066],[14.460909035759247,50.98294994224537],[14.460942726317976,50.98296755300576],[14.461085383628506,50.98300492907113],[14.461300588478613,50.98308087616692],[14.461430081643064,50.983149774290474],[14.461476987621989,50.98317669280629],[14.46149299147674,50.98320030415957],[14.461492262946685,50.98322419244733],[14.46147879482521,50.98328426695019],[14.461469748412144,50.983321316857435],[14.461444267143246,50.983349324798006],[14.461435949259926,50.98336910930946],[14.461438531226102,50.98337840502542],[14.461440610783475,50.98343637638568],[14.461460671311023,50.98349626543189],[14.46152194676029,50.98357949619221],[14.461594087413788,50.983628555991324],[14.461648948505898,50.9836400132734],[14.46173075413105,50.98365579625321],[14.461790680850964,50.98368828592543],[14.461814375032152,50.98372480995029],[14.461839669751416,50.98379104853456],[14.461846071510758,50.983883415222884],[14.4618656050922,50.98393845016559],[14.461888605733074,50.98398280721598],[14.461908106107003,50.98399891848047],[14.461969554267217,50.984023737253736],[14.46198081204886,50.98404140393256],[14.461982087765165,50.98405539507353],[14.461834429989427,50.98413906815177],[14.461821680606944,50.98415874168908],[14.46187327695236,50.98423823202978],[14.46194409715196,50.984294707432845],[14.462061936592638,50.98434182093595],[14.462232457990424,50.984379971268076],[14.46236314014506,50.984417580055485],[14.462520888200126,50.98449340113064],[14.46268112713921,50.98455416840005],[14.462853556298478,50.98458432654446],[14.462916306880988,50.98462984263717],[14.462967214110924,50.9846929786198],[14.463060983089813,50.984796781115904],[14.46315587227167,50.98495643035551],[14.463173486654197,50.985078743319434],[14.46322508087992,50.985216550052705],[14.46330756151826,50.98531992065261],[14.46338939033145,50.98539410328893],[14.463594198892142,50.985540881604635],[14.464129133405201,50.98594477548233]]},"properties":{"OBJECTID":227820,"fid_zbg":"3335490","jmeno":null,"typtoku_p":"povrchový nesplavný","vydattok_p":"stálý","idvt":"10220076"}},{"type":"Feature","id":228387,"geometry":{"type":"LineString","coordinates":[[14.386980553602394,51.00634693171632],[14.387074490556587,51.00627383745037],[14.387178287980541,51.00619037749637],[14.387296223187802,51.00612933536462],[14.387524081936885,51.00607386174445],[14.387825837991,51.00603099121974],[14.387940820967117,51.00600915286042],[14.388024101321985,51.0059839193221],[14.388140274444629,51.00594394635966],[14.388210944882745,51.00590554698798],[14.388319304752903,51.00582896204872],[14.388393723299624,51.00577473779309],[14.388499194991237,51.00565480149484],[14.38857923912562,51.00552684447497],[14.388660848247298,51.00542197998826],[14.388714149468143,51.005303853579704],[14.388563948195337,51.00518969772327],[14.388216271745032,51.00500263797004],[14.388184716112516,51.00495951306651],[14.38817421265836,51.004918765320184],[14.388185715916121,51.00487076903099],[14.388273910038466,51.004734938059165]]},"properties":{"OBJECTID":228387,"fid_zbg":"3240177","jmeno":null,"typtoku_p":"povrchový nesplavný","vydattok_p":"občasný","idvt":"10231847"}},{"type":"Feature","id":228388,"geometry":{"type":"LineString","coordinates":[[14.390205434017908,50.99777315843517],[14.390129265148651,50.997538234557915],[14.390111332868878,50.997471615379595],[14.390104880970473,50.997423253711],[14.390101338368932,50.997396640791614],[14.390097933445187,50.997370647791776],[14.390091080804924,50.99731833141301],[14.390078277861875,50.99729198301133],[14.390056777369725,50.99726996774817],[14.389972998568808,50.9972304718312],[14.38985624540064,50.99716790719201],[14.38979324535803,50.997125973607574],[14.38974976666689,50.997088996942544],[14.389724112061431,50.99704836373625],[14.389712827164619,50.99699856498504],[14.38970355162613,50.99693247247098],[14.389702069372618,50.99689650246675],[14.389719550170941,50.99681568995373],[14.389749489843043,50.996784633226895],[14.38978573592862,50.99676116669103],[14.38981654398376,50.99673120180483],[14.389835612845069,50.99669896274097],[14.389850865298971,50.9966729335298],[14.38987303490698,50.99663124652441],[14.389835299321172,50.99648223831017],[14.389816742251,50.99633048086989],[14.389818639678136,50.99616711146536],[14.389803634378481,50.99613452817995],[14.389767539487615,50.996079302896796],[14.38964132239176,50.995905024517256],[14.389631862356675,50.995885618032325],[14.389617855486412,50.99585688719693],[14.38961886850709,50.99580891218268],[14.389619172189553,50.99576937743594],[14.389626896411649,50.995698268154335],[14.389635493224166,50.99563224350688],[14.389661647296455,50.995495511990455],[14.389631042019458,50.995102253184264],[14.389613856718764,50.994951921548804],[14.389597881508704,50.99485899547909],[14.389613895531248,50.994755425519585],[14.389655142787404,50.9946542248965],[14.389662072033687,50.99462640945583],[14.389668625484358,50.99460215447002],[14.389709849032293,50.99444410523483],[14.389714496824428,50.99430834131907],[14.389723051116368,50.994189631221175],[14.389713820492874,50.994073219901196],[14.389654585349987,50.993903066856774],[14.389635264406122,50.99386069829132],[14.389587401995675,50.993773942459455],[14.389525950959152,50.99369666502329],[14.389407155302969,50.9935422043986],[14.38928630815178,50.993464146824515],[14.389165986817925,50.9934024947245],[14.389080081974242,50.993375125281986],[14.388990830632187,50.993351883262456],[14.388881344047181,50.99333182435807],[14.388740777886445,50.993317134659364],[14.388644278213814,50.993312052819014],[14.388510426058671,50.993299798500665],[14.388343318974488,50.993268732950206],[14.38827728461598,50.99324655931598],[14.388121210666359,50.99320547500196]]},"properties":{"OBJECTID":228388,"fid_zbg":"3335538","jmeno":"Velkošenovský potok","typtoku_p":"povrchový nesplavný","vydattok_p":"stálý","idvt":"10103812"}},{"type":"Feature","id":229056,"geometry":{"type":"LineString","coordinates":[[14.514964245798772,50.99343556287163],[14.514811138728696,50.99346768218757],[14.51465675594919,50.99349032985342],[14.51458836312906,50.993492059653086],[14.514544300991389,50.9934865561679],[14.514515645508677,50.993477469842425],[14.51444159447121,50.99343164104422],[14.514347119546619,50.99338587015958],[14.514289893475016,50.99337595974336],[14.514249001069551,50.99337960970382],[14.514210997482687,50.9933978410318],[14.514179447365661,50.993418804475226],[14.514163403356795,50.99345316644933],[14.514136281011863,50.993485577874125],[14.514069824345098,50.993518416741786],[14.513946282506256,50.993541357126986],[14.51373221968897,50.99362317012543],[14.513661279766522,50.99365433509851],[14.513633342102858,50.993671880712256],[14.51362907109163,50.993693257796046],[14.513648332632295,50.993722482563186],[14.513698443283634,50.99377712977159],[14.513696944124442,50.99379006380518],[14.513686137294012,50.993802832397556],[14.51366978165658,50.99381467022444],[14.51355657085933,50.99386897898843],[14.51337074806612,50.9939393588813]]},"properties":{"OBJECTID":229056,"fid_zbg":"3328693","jmeno":"Rožanský potok","typtoku_p":"povrchový nesplavný","vydattok_p":"stálý","idvt":"10101135"}},{"type":"Feature","id":229638,"geometry":{"type":"LineString","coordinates":[[14.48922633550794,51.00131125013232],[14.489223037198466,51.00133877119448],[14.48921004614811,51.00135919718924],[14.489204918483937,51.001375311421555],[14.48918410421887,51.00141434087459],[14.489126892055111,51.001474727135744],[14.489120530974636,51.001500124465416],[14.489096667597815,51.00159441109874],[14.489052092150805,51.0016429137557],[14.48903630450412,51.00165606796961],[14.488833319453954,51.00166723862743],[14.48876616936873,51.00167523975723],[14.488717596722841,51.00168974101848],[14.488673454204584,51.00171233524979],[14.48866552098629,51.001721086198266],[14.48861406937135,51.00176920467817],[14.488571256293152,51.001831013385335],[14.488551916860802,51.001904996954636],[14.488560612692018,51.00198808312629],[14.48856769121688,51.00204277997497],[14.48857068372429,51.00208540371303],[14.488588174603382,51.00212647396731],[14.488623919232456,51.00219214213839],[14.48865481800475,51.00222474281545],[14.488711411285786,51.00226457503207],[14.488782685579192,51.00228866285163],[14.489040079586092,51.0023638197562],[14.48908272071034,51.00242280648489],[14.489080577980149,51.002492339290725],[14.489046987370115,51.00256341621483],[14.488981796577388,51.00263800178877],[14.488880561249518,51.00266862068793],[14.488857627885702,51.002676659324166],[14.48883112642645,51.00268696682285],[14.48881299975421,51.00269684405269],[14.488703197778577,51.00278243494255],[14.488631780737629,51.00287049979986],[14.488590624659425,51.002981893248744],[14.488614999658806,51.00306753740009],[14.488681998470964,51.00315620234485],[14.488679271684365,51.00320631633455],[14.488636166489572,51.003278832009855],[14.48855847589705,51.00336140287441],[14.488467307399468,51.0034347016811],[14.488380843556323,51.003497891637004],[14.488201553794816,51.0036289484311],[14.488038247922995,51.003784126112336],[14.487956872490898,51.00386710485448],[14.487919047729893,51.003936873193496],[14.487885702709024,51.00396623131848],[14.487861225486917,51.003983852761074]]},"properties":{"OBJECTID":229638,"fid_zbg":"3321707","jmeno":"Rožanský potok","typtoku_p":"povrchový nesplavný","vydattok_p":"stálý","idvt":"10101135"}},{"type":"Feature","id":230711,"geometry":{"type":"LineString","coordinates":[[14.468827716842322,51.01812008876316],[14.468789262104961,51.01812980542019],[14.468134878931409,51.018309182957935],[14.467968314901299,51.01835295405976],[14.467666928844126,51.01841021364058],[14.467566453289994,51.01843510505217],[14.466950486674104,51.018598470163575],[14.466498075004942,51.018715354031826],[14.46601857669955,51.01886954281457],[14.465857245740654,51.018928278789524],[14.46575774286369,51.01899108405486],[14.465707243390051,51.019037527329054],[14.465678992607822,51.019057677392496],[14.465638340065057,51.019072673900716],[14.46556867945491,51.01907817955623],[14.465402892181451,51.01908654213639],[14.465227949317612,51.01909864987919],[14.46513117878124,51.01910380980128],[14.465003276037722,51.01909203740568],[14.464888536745356,51.01905872116386],[14.464774277939934,51.019033792763835],[14.464678808165624,51.01902699856317],[14.464590356584587,51.01903822917877],[14.464541881894869,51.01907269013016],[14.464515036330134,51.01911419040532],[14.464479714391315,51.019139082111835],[14.464428669216023,51.01914828159274],[14.464372851436153,51.019140375879516],[14.464300302879874,51.01911678159556],[14.464213485916696,51.01910855706418],[14.464098081146126,51.01912335622972],[14.46401301774636,51.01913487909893],[14.463948722815653,51.01915409279802],[14.463901875148503,51.01920556848534],[14.463869714151555,51.01924769821004],[14.463834981698724,51.019273185017006],[14.463758269605083,51.019289965230726],[14.46360868284216,51.019295914414045],[14.46344610751673,51.01927887727726],[14.463363010950962,51.01925881666362],[14.463297518760577,51.01924644583812],[14.463247296706758,51.0192465529473],[14.463135705809565,51.01927293030774],[14.46307004015023,51.01931633887268],[14.463029276248403,51.019374236833265],[14.46300484288637,51.01941521949145],[14.462973533054868,51.0194381893525],[14.462933888542002,51.01944456272897],[14.462893448799587,51.01944333740488],[14.462839203063956,51.01942885329247],[14.46278690806397,51.0193941250353],[14.462751457418825,51.019369924159804],[14.46269690241105,51.0193568648184],[14.46261839835653,51.019360697618794],[14.462543447728459,51.01938062312133],[14.462423047535989,51.01944425173852],[14.4623023034365,51.01953198284137],[14.462244001190646,51.0195586990976],[14.462098574827243,51.01961635506641],[14.461965821675424,51.019649431168666],[14.461837269116343,51.01967905967981],[14.461721032587167,51.019702312823405],[14.461614626682248,51.01970745407934],[14.461511922467437,51.019700848892995],[14.461406483544483,51.01970153735552],[14.461312566143683,51.01972136577899],[14.461253653937264,51.01976082087134],[14.461183226033487,51.01980163979448],[14.461003885170744,51.019897552698325],[14.460917436661505,51.01996511147509],[14.460810786041439,51.020076014104454],[14.46077577075189,51.02013259381013],[14.460776689281277,51.02017803474181],[14.4608172629031,51.020233615456746],[14.460892811237901,51.02028777256674],[14.460926509313415,51.020325340331645],[14.460923753178037,51.020354587208786],[14.460905611129947,51.02037189013141],[14.460874469867464,51.02037818109075],[14.460817525463723,51.020399298565735],[14.460775508525245,51.02042851001077],[14.460720236857966,51.02048497255123],[14.460680393499956,51.02055583224953],[14.460615624686364,51.020656019252485],[14.460524549334627,51.02076672524083],[14.460361373778944,51.02094514083677],[14.460321046195713,51.020998358347455],[14.46031218138031,51.02104513133544],[14.460324371817205,51.02108238319035],[14.460312950187566,51.02111841136969],[14.460282258655972,51.02114978068043],[14.460266686411764,51.021177103694406],[14.46025879669774,51.021198195551385],[14.460288332246773,51.021402606617116],[14.460281031397095,51.02149714439998],[14.460261220208324,51.021598947772596],[14.460244633334998,51.02169186669791],[14.460247796963893,51.02173822741457],[14.46025609369252,51.02179936590626],[14.460249017762553,51.021847835750975],[14.460237568403828,51.02191180426926],[14.460244606077936,51.021967481302795],[14.46025080229393,51.02203034348048],[14.460255897833807,51.022102908652826],[14.46025520052668,51.02217234233269],[14.460258689018515,51.02222780341786],[14.46025476118592,51.02227250808238],[14.460252539907158,51.02238326148322],[14.460275758699622,51.02261675676589],[14.460287504273087,51.02268254790773],[14.46028233371184,51.022712311961875],[14.460250072161424,51.02276613574257],[14.460184147105164,51.022837191465015],[14.460151017185277,51.022873158471064],[14.460129595074239,51.02290886693002],[14.46010817050387,51.022973062239714],[14.46007167584816,51.02306226516655],[14.459986187442905,51.023222716551054],[14.459912105544813,51.02334323733233],[14.459823375806899,51.02352191613857],[14.459786360349966,51.02359165928609],[14.459755658124056,51.02366412527453],[14.45974039163087,51.02371851021337],[14.45958814530699,51.02422108950297],[14.45955862125742,51.02432276127835],[14.459537067272512,51.02439237970817],[14.459529172785114,51.024441831216045],[14.459517111182826,51.024453980189435],[14.459499641490547,51.02445347775515],[14.459462361364077,51.02443556848837],[14.45935441348422,51.024406236731416],[14.459267752775855,51.02441439844856],[14.459224603158498,51.02443502920984],[14.459133396904804,51.024584362614014],[14.458905626935987,51.0249005026037],[14.45882707468483,51.02493357877197],[14.458792233654206,51.02498336912084],[14.458776295987262,51.02504613331164]]},"properties":{"OBJECTID":230711,"fid_zbg":"4161203391692800","jmeno":null,"typtoku_p":"povrchový nesplavný","vydattok_p":"stálý","idvt":"10236508"}},{"type":"Feature","id":230716,"geometry":{"type":"LineString","coordinates":[[14.391261466477035,50.98723755383972],[14.391230364895922,50.98723949166676],[14.391119306494968,50.98722997642811],[14.390869551180415,50.9872019063003],[14.390797516096676,50.98718946412148],[14.39057931944302,50.987147236881796],[14.390407532981156,50.98709512220313]]},"properties":{"OBJECTID":230716,"fid_zbg":"4076147872628736","jmeno":null,"typtoku_p":"povrchový nesplavný","vydattok_p":"stálý","idvt":"10236545"}},{"type":"Feature","id":230717,"geometry":{"type":"LineString","coordinates":[[14.399505323553674,50.97180546151446],[14.399618646020414,50.97188119764808],[14.399765906021074,50.972091000285936],[14.399804305248182,50.97216400885782],[14.399903888081054,50.97226167749125],[14.399911595875881,50.97230556569922],[14.399906363420103,50.97239115513452],[14.399893156831371,50.97243407626807],[14.399902264820092,50.97250255776425],[14.399998447829468,50.97262416589287],[14.399991071442583,50.97265980016865],[14.399965340324805,50.972687612746995],[14.399854358575302,50.97273399352123]]},"properties":{"OBJECTID":230717,"fid_zbg":"4074865304797184","jmeno":null,"typtoku_p":"povrchový nesplavný","vydattok_p":"občasný","idvt":null}},{"type":"Feature","id":231132,"geometry":{"type":"LineString","coordinates":[[14.437531725355386,51.00523190120991],[14.437566441836834,51.005224420616486],[14.437629829405143,51.00518364983812],[14.43769520552482,51.00510856566005]]},"properties":{"OBJECTID":231132,"fid_zbg":"3237552","jmeno":null,"typtoku_p":"podzemní","vydattok_p":"stálý","idvt":"10229443"}},{"type":"Feature","id":231517,"geometry":{"type":"LineString","coordinates":[[14.391040075588087,50.99921056100486],[14.390988600324393,50.999174104905826],[14.390968350163524,50.99914636443584],[14.39096207038203,50.99911937725734],[14.391003475245135,50.99901285470477],[14.391009636073848,50.99898098904429],[14.391007065484331,50.998955912617696],[14.390988988223278,50.99889507920754],[14.390991430571507,50.99884055966767],[14.390998448846181,50.99878089445224],[14.390997181967265,50.99874926238547],[14.39098381123773,50.9987235997216],[14.390891655259429,50.99863137460393],[14.390731320082306,50.9984109200593],[14.390719866481573,50.99839385363097],[14.39070269858234,50.998374248210176],[14.390632244171705,50.99830056198546],[14.390519916517523,50.99818425932609],[14.390417754278845,50.9980589511502],[14.390351140407345,50.997969674743665],[14.390274584233403,50.99786490604417],[14.390205434017908,50.99777315843517]]},"properties":{"OBJECTID":231517,"fid_zbg":"3335537","jmeno":"Velkošenovský potok","typtoku_p":"povrchový nesplavný","vydattok_p":"stálý","idvt":"10103812"}},{"type":"Feature","id":231856,"geometry":{"type":"LineString","coordinates":[[14.455724718249606,51.01805722906027],[14.455849786839623,51.018120887926266]]},"properties":{"OBJECTID":231856,"fid_zbg":"4157769498230784","jmeno":null,"typtoku_p":"povrchový nesplavný","vydattok_p":"stálý","idvt":"10222413"}},{"type":"Feature","id":232506,"geometry":{"type":"LineString","coordinates":[[14.456635098533075,50.99073194100082],[14.456413209170405,50.99095407712169],[14.456389165675072,50.991028387978915],[14.45629786510057,50.99114782341536]]},"properties":{"OBJECTID":232506,"fid_zbg":"3237996","jmeno":null,"typtoku_p":"povrchový nesplavný","vydattok_p":"stálý","idvt":"10231858"}},{"type":"Feature","id":232536,"geometry":{"type":"LineString","coordinates":[[14.5140388953661,50.99287231577234],[14.513515860901466,50.99325668934644],[14.513197289522278,50.993461884921224],[14.512979986384595,50.99359351086332],[14.51292905956458,50.9936343070244],[14.512991484848346,50.993679917148405],[14.513050638559204,50.99374340702328]]},"properties":{"OBJECTID":232536,"fid_zbg":"4076449107542016","jmeno":null,"typtoku_p":"povrchový nesplavný","vydattok_p":"stálý","idvt":null}},{"type":"Feature","id":232919,"geometry":{"type":"LineString","coordinates":[[14.387985680775449,50.99815043323686],[14.388127057048871,50.99815503958765],[14.388219591939,50.998145747808216],[14.388240929382206,50.99813220763238],[14.388285395588484,50.998077009653834],[14.38834523455347,50.99806546981216]]},"properties":{"OBJECTID":232919,"fid_zbg":"3238124","jmeno":null,"typtoku_p":"povrchový nesplavný","vydattok_p":"občasný","idvt":"10231852"}},{"type":"Feature","id":233573,"geometry":{"type":"LineString","coordinates":[[14.410661027374541,51.00963516928352],[14.410398627570368,51.009416759249],[14.410321015635537,51.00931562909417],[14.410243186955299,51.00925437509714],[14.410001594456912,51.00914156908892],[14.40942814104428,51.00899086215126]]},"properties":{"OBJECTID":233573,"fid_zbg":"3237191","jmeno":"Velkošenovský potok","typtoku_p":"povrchový nesplavný","vydattok_p":"stálý","idvt":"10103812"}},{"type":"Feature","id":233655,"geometry":{"type":"LineString","coordinates":[[14.45033848149235,51.029232048326946],[14.45049456203997,51.02929055359343],[14.450607952019746,51.02935106460731],[14.450655503540915,51.02943051409379]]},"properties":{"OBJECTID":233655,"fid_zbg":"1901807844459898","jmeno":null,"typtoku_p":"podzemní","vydattok_p":"stálý","idvt":"10227161"}},{"type":"Feature","id":233709,"geometry":{"type":"LineString","coordinates":[[14.451876180401905,51.03123922730331],[14.451877503800869,51.03128217262889],[14.451814606777182,51.0313616163348],[14.4516565137474,51.031522347197445],[14.45160701929057,51.03158752648189],[14.451577715996663,51.03168993371785],[14.451594560410497,51.031795686667884],[14.451611933861344,51.031894309054735],[14.451618093791778,51.03194385993957]]},"properties":{"OBJECTID":233709,"fid_zbg":"3335992","jmeno":"Rožanský potok","typtoku_p":"povrchový nesplavný","vydattok_p":"stálý","idvt":"10101135"}},{"type":"Feature","id":233956,"geometry":{"type":"LineString","coordinates":[[14.384721343109758,51.01997360243201],[14.384579574181753,51.02008566012737],[14.384315445524143,51.02026446339425]]},"properties":{"OBJECTID":233956,"fid_zbg":"3237241","jmeno":null,"typtoku_p":"povrchový nesplavný","vydattok_p":"občasný","idvt":"10220049"}},{"type":"Feature","id":234033,"geometry":{"type":"LineString","coordinates":[[14.460775762701378,50.99443140050715],[14.461189619496299,50.994613870736444],[14.461197604760827,50.99463158997416],[14.461234048952083,50.994712518320824],[14.46123788028264,50.994737254322324],[14.461200784546078,50.99492801563207],[14.461194299001718,50.99500094150572],[14.461192149279013,50.995127406533584]]},"properties":{"OBJECTID":234033,"fid_zbg":"3238076","jmeno":null,"typtoku_p":"povrchový nesplavný","vydattok_p":"stálý","idvt":"10229448"}},{"type":"Feature","id":234366,"geometry":{"type":"LineString","coordinates":[[14.398309448954326,51.01712287477789],[14.398575471018729,51.01703049937957],[14.398648657941164,51.01697008214367],[14.398690714683953,51.016869122167165],[14.398679333603244,51.016766510355254],[14.398616051450446,51.01664994968428],[14.39862821253941,51.01659429813573],[14.398737006659585,51.01650785106436],[14.398760476324528,51.01646035072525],[14.398697002848074,51.016332159447806],[14.39861480236477,51.01626004684885],[14.39855524584285,51.01615079650478],[14.398526345520288,51.0160805687638]]},"properties":{"OBJECTID":234366,"fid_zbg":"3237103","jmeno":null,"typtoku_p":"povrchový nesplavný","vydattok_p":"stálý","idvt":"10222405"}},{"type":"Feature","id":236392,"geometry":{"type":"LineString","coordinates":[[14.433277723769528,51.01569122333249],[14.433317074402078,51.015725843450646],[14.433368556426073,51.015750990233],[14.4334304083033,51.01580579631197],[14.433475920209593,51.015827976086534],[14.433528127639793,51.01583658239069],[14.43367147132725,51.015829586544584],[14.433751923743129,51.015841910195384],[14.43385517457304,51.015869092482205],[14.433963452035563,51.01591612597972],[14.434051262954211,51.016013554730826],[14.434078537545682,51.016064003649134],[14.434041191370548,51.016164832986206],[14.434013922370964,51.01618523404758],[14.43377737846886,51.016242865463006],[14.433522379838307,51.016311989522514],[14.433429814535447,51.0163722602627]]},"properties":{"OBJECTID":236392,"fid_zbg":"3237257","jmeno":null,"typtoku_p":"povrchový nesplavný","vydattok_p":"stálý","idvt":"11000076"}},{"type":"Feature","id":236511,"geometry":{"type":"LineString","coordinates":[[14.411436153853915,50.980628700236025],[14.411380623300042,50.98066715418687],[14.411310396221246,50.980800281538606]]},"properties":{"OBJECTID":236511,"fid_zbg":"3237067","jmeno":null,"typtoku_p":"povrchový nesplavný","vydattok_p":"stálý","idvt":"0"}},{"type":"Feature","id":236880,"geometry":{"type":"LineString","coordinates":[[14.418659653115771,50.99554285052518],[14.418721308730266,50.995565650723144],[14.418797382511576,50.99557685497122],[14.418849473082176,50.99558239324989],[14.418973564613454,50.995561691025756],[14.419029443657932,50.99553533935028],[14.419074092291039,50.995523636705464],[14.419127828707744,50.99552136058912]]},"properties":{"OBJECTID":236880,"fid_zbg":"3798158479982592","jmeno":null,"typtoku_p":"povrchový nesplavný","vydattok_p":"stálý","idvt":"10227181"}},{"type":"Feature","id":237415,"geometry":{"type":"LineString","coordinates":[[14.389763464973713,50.9823921293754],[14.389577442827937,50.98251887625109],[14.389446444055832,50.98257788868462],[14.389258457772872,50.982702368104704],[14.389136887178438,50.9827932789128],[14.388951290617502,50.982893993316836]]},"properties":{"OBJECTID":237415,"fid_zbg":"325216718816634","jmeno":null,"typtoku_p":"povrchový nesplavný","vydattok_p":"stálý","idvt":"10224794"}},{"type":"Feature","id":237938,"geometry":{"type":"LineString","coordinates":[[14.449387105817326,51.03360356662378],[14.449381037997297,51.03364079240992],[14.44914196308584,51.03380655755657],[14.449021849582957,51.03389115931743]]},"properties":{"OBJECTID":237938,"fid_zbg":"1901803012621690","jmeno":"Rožanský potok","typtoku_p":"povrchový nesplavný","vydattok_p":"stálý","idvt":"10101135"}},{"type":"Feature","id":239039,"geometry":{"type":"LineString","coordinates":[[14.437525807218801,50.993280366480626],[14.437628610191094,50.99333119135353],[14.437834130195933,50.993373769208716],[14.438060141567632,50.99337502634706],[14.43823551879698,50.993409457139975],[14.438722357251844,50.99366693801678]]},"properties":{"OBJECTID":239039,"fid_zbg":"3237859","jmeno":null,"typtoku_p":"povrchový nesplavný","vydattok_p":"stálý","idvt":"10220073"}},{"type":"Feature","id":239321,"geometry":{"type":"LineString","coordinates":[[14.370163625098751,51.040818470964716],[14.370214350236916,51.04089971926277],[14.370258653209081,51.040975598766366],[14.370309655458431,51.041020857142996],[14.37039957735627,51.04106230229319],[14.370494147272993,51.04108254762138],[14.37058227879906,51.04109743179558],[14.370720543662975,51.0411094797174],[14.370811775090171,51.04111022461056],[14.370936002871021,51.04109944441021],[14.371057840140374,51.04110134059749]]},"properties":{"OBJECTID":239321,"fid_zbg":"4309556192608256","jmeno":null,"typtoku_p":"povrchový nesplavný","vydattok_p":"stálý","idvt":"10503945"}},{"type":"Feature","id":240011,"geometry":{"type":"LineString","coordinates":[[14.456243979587502,51.01443152075558],[14.456304481342332,51.01445411587066],[14.456327291485403,51.01446510583011],[14.456459279277906,51.01453811800773],[14.456501085366565,51.01458400959503],[14.456515826218547,51.014656502372944],[14.45649182606023,51.01470341858896],[14.456442415409224,51.01474151520443],[14.456407582042278,51.01478268650114],[14.456389347674898,51.01483881068006],[14.45636844327666,51.01490722396348],[14.456334097841085,51.014960050123754],[14.456219346122616,51.015055278999384],[14.456189572994738,51.01508110172628]]},"properties":{"OBJECTID":240011,"fid_zbg":"3237346","jmeno":null,"typtoku_p":"povrchový nesplavný","vydattok_p":"stálý","idvt":"0"}},{"type":"Feature","id":240055,"geometry":{"type":"LineString","coordinates":[[14.454479567702403,50.98090478383418],[14.454649125913178,50.98092744009629],[14.454719551969406,50.98092809065141],[14.454809893711174,50.980919758841296],[14.454902037290513,50.980905776426766],[14.455066216610142,50.98089231140632],[14.455138439625632,50.98088005269494],[14.455309755668138,50.980820481123594],[14.455448933775042,50.98079242290897],[14.45558237874844,50.980758334221505],[14.455713858608165,50.98072071852224],[14.456010418139591,50.980660188169644],[14.456206443895585,50.98060992069984],[14.456273869785763,50.98059724631555],[14.456327801583791,50.98056199317382],[14.456381370265275,50.98054231339482],[14.45642383237595,50.98054598712868],[14.45649228731013,50.980578220081455],[14.456559994817551,50.980625811660616],[14.45663164725466,50.980648613518895],[14.456722559093235,50.980670087613056],[14.456961279685483,50.980772030262145],[14.457057082547166,50.980819965397075],[14.457107600513684,50.980834859932486],[14.45719409227137,50.98084624360507],[14.457267635746552,50.980864309441024],[14.457352535437094,50.98089560556825],[14.457478042857774,50.9809503740985],[14.457594679795783,50.980988407453246],[14.457623509092578,50.98100986297236],[14.45766604745996,50.98105754458795],[14.457686950671675,50.981066520139564],[14.457736704170491,50.98107699341728],[14.457816651291571,50.981086086652816],[14.457869845891246,50.98108070844155],[14.457971186958849,50.98110181346317],[14.458052263876349,50.98112225419304],[14.458109065376354,50.98113270189445],[14.458162834425174,50.98114851221844],[14.458217958308216,50.98116271593015],[14.458278977175429,50.98119412296976],[14.45832620108093,50.98120764327087],[14.458416714988752,50.9812249988362],[14.458471139019407,50.98124639989111],[14.45850550031812,50.98125826316024],[14.45856386374623,50.98126548889244],[14.458604361512245,50.98126563502628],[14.458658185926641,50.98126530081077],[14.458706457936936,50.98127002053913],[14.458776103155218,50.98128221390375],[14.458826258966553,50.981294808155575],[14.458942050703769,50.98134601275606],[14.458955216624844,50.981352232139095],[14.458994982990689,50.981371639310396],[14.459039614033268,50.981381215296466],[14.459122599741804,50.98139220344791],[14.459567556692749,50.9814589762079],[14.459626369606408,50.9814775082931],[14.459695259310305,50.9815017928654],[14.459947522632353,50.98164799408514],[14.459978873331938,50.98166598352366],[14.460057758360012,50.98170361602718]]},"properties":{"OBJECTID":240055,"fid_zbg":"3356263","jmeno":null,"typtoku_p":"povrchový nesplavný","vydattok_p":"stálý","idvt":"10229475"}},{"type":"Feature","id":240350,"geometry":{"type":"LineString","coordinates":[[14.467531898439745,51.028597863068036],[14.467122280487711,51.028805526289084],[14.466741304594391,51.028960629377465],[14.466367885189834,51.029102848168996],[14.46625940615347,51.02912844661109],[14.466196918060925,51.02913689569118],[14.466101834863355,51.02915671942273],[14.466015312784913,51.02918680803888],[14.465851293520698,51.02925511279578],[14.46579165338723,51.02927336966307],[14.46573929892119,51.02927728644925],[14.465694200827846,51.029263685364036],[14.465659091656551,51.02924250958866],[14.465633057049534,51.029239173037716],[14.465584264805887,51.029251199408236],[14.465522103711104,51.029267151877875],[14.465396341096302,51.02932232047377],[14.465331459993187,51.02934476956863],[14.465234269962526,51.029350439576774],[14.46510417304435,51.02936388258176],[14.465037266452324,51.02938114878437],[14.464973859207209,51.02941940173249],[14.464934763192053,51.029464289984766],[14.46492478281987,51.029527477941016],[14.464884996952042,51.02958283037368],[14.46481470228881,51.02964153606355],[14.464528931490847,51.02980474519088],[14.464474359305418,51.02983278349585],[14.464410439005858,51.0299051941555],[14.464344228437495,51.02998285035245],[14.464329803679709,51.030047287541734],[14.464330870917701,51.030117235711614],[14.464311604125056,51.030183432111855],[14.464267259234694,51.03023857220042],[14.464224417183228,51.030264266648565],[14.464161627944573,51.03028926374695],[14.46396026505071,51.0303181617161],[14.46387197043695,51.030301873061006],[14.463718346272431,51.03031253918232],[14.463387127466545,51.030317648097366],[14.463328545701149,51.030324528032224],[14.463197635377687,51.030346336158956],[14.463112440092585,51.03037426953289],[14.463087630213465,51.03038801237692],[14.462899387006503,51.030501234057716],[14.46284746829099,51.03052711493148],[14.462712378916612,51.030610751847775],[14.462647386852554,51.0306546278493],[14.462558096115208,51.030690217982276],[14.462434087850502,51.03072402529539],[14.462337773132315,51.03073757094112],[14.462242525960294,51.0307422271953],[14.462166705264009,51.03073957970495],[14.462085098938259,51.03075893163045],[14.462010809549941,51.03080023525432],[14.461831994483479,51.0309359344468],[14.461780171174645,51.030958920065096],[14.461365277701452,51.03111758417798],[14.461263270436433,51.03111606730531],[14.461194053888798,51.03112805168786],[14.461143101412139,51.03112682585083],[14.461093394755164,51.03111854051602],[14.460999378897078,51.031096992645864],[14.460934592404978,51.03108858405662],[14.460873858854603,51.031097944272105],[14.460807251946775,51.03112639321276],[14.460682548005405,51.03119246330579],[14.460377083133093,51.031309781298965],[14.460301071470798,51.03135701370392],[14.460240517056526,51.03142210195514],[14.460201664331123,51.031445046202556],[14.46014565635491,51.03145318130628],[14.460087309734716,51.03144360486328],[14.460024034088342,51.03141963127884],[14.459925545917784,51.031369662874084],[14.459704453485223,51.03128669418462],[14.459598635205847,51.03126185750023],[14.459502487451887,51.03125409555747],[14.459407894896907,51.0312601670496],[14.459310786777683,51.03127291608396],[14.459209783197313,51.03126763752682],[14.459137320479819,51.031257476094474],[14.459044999894882,51.031236073080926],[14.458949010636127,51.03123042914248],[14.45807348716444,51.03121966923021],[14.45796202210637,51.03120446779414],[14.45786763814205,51.03121110042817],[14.457823900734663,51.03122301638461],[14.457778112053829,51.03124437174297],[14.457716531949586,51.031258284151],[14.457667950050594,51.03127395472896],[14.457627051027723,51.03127876729769],[14.457535877206347,51.03127261291901],[14.457393463140557,51.031257948297004],[14.457276558121105,51.03124639497775],[14.457144063265662,51.0312496431454],[14.456953257611167,51.0312649990721],[14.456862356387886,51.03126222448489],[14.456794157075864,51.03123972871903],[14.456706414950421,51.031193951945085],[14.456588185094178,51.031160691259544],[14.456545147459316,51.031154159664986],[14.456499729317285,51.03115858131768],[14.45640005433741,51.03118426109758],[14.456307938455085,51.0312009773654],[14.456225436257478,51.03120854479606],[14.456076116857567,51.031210228928174],[14.455932706767298,51.031197036858806],[14.455804828496829,51.03117573352535],[14.455647103097746,51.031144139017584],[14.455371711055136,51.03108794970311],[14.455161215265276,51.031056874211004],[14.455080626677375,51.0310463707714],[14.455003710420035,51.031047434412045],[14.454831570292512,51.031071567352754],[14.454615149852755,51.03111010823628],[14.454471488486082,51.031144867348765],[14.454154079281682,51.03125152155533],[14.454041207928206,51.03128494976319],[14.453756303184125,51.031354584898054],[14.453419507236546,51.03144901040998],[14.453302172148671,51.03150091365542],[14.453063878824182,51.03169781609333],[14.452956503130288,51.03174632507211],[14.452873230483176,51.03177066208095]]},"properties":{"OBJECTID":240350,"fid_zbg":"3240174","jmeno":null,"typtoku_p":"povrchový nesplavný","vydattok_p":"stálý","idvt":"10227157"}},{"type":"Feature","id":241360,"geometry":{"type":"LineString","coordinates":[[14.367001643678673,51.04245632344116],[14.367102862702612,51.04258519348717],[14.367172524225728,51.04270169443619],[14.36723014155301,51.042789043737166]]},"properties":{"OBJECTID":241360,"fid_zbg":"4309558960848896","jmeno":null,"typtoku_p":"povrchový nesplavný","vydattok_p":"stálý","idvt":"10503947"}},{"type":"Feature","id":241506,"geometry":{"type":"LineString","coordinates":[[14.461192149279013,50.995127406533584],[14.461296970727176,50.995164411105264],[14.461446178961857,50.99521913340183],[14.46157926976476,50.995290951777534],[14.463626503212428,50.99624127883081],[14.463788442765782,50.99630678717337],[14.463905075817095,50.99637040291187],[14.464057477567374,50.996449457142425],[14.464341836256063,50.996580150536914],[14.464562829324759,50.99665914372127],[14.46468602065534,50.996700363142594],[14.464792288709859,50.99672708305764],[14.464878818178002,50.9967525417421],[14.465047201687234,50.99679161466765],[14.465369074176898,50.99682331971672],[14.465524392302243,50.99681315238353],[14.465698962095944,50.99681391115502],[14.465787803956559,50.996818312464384],[14.465931807336917,50.99682848691034],[14.466032209770672,50.99685077049479],[14.466254424021226,50.99690798322811],[14.467086902640007,50.99710176617516],[14.46753457380057,50.99720139780912],[14.467812590334008,50.997279603874865],[14.467958157660052,50.99734334654229],[14.468011687481624,50.99737076029422],[14.468141187613789,50.99749266516966],[14.468233522277947,50.99758528567254],[14.468390573343756,50.997758669214],[14.468462769642864,50.99786791214942],[14.468821085594255,50.998241522363884],[14.468984635412887,50.99844262835399],[14.469204850321216,50.998671490350304],[14.469278190314336,50.99876818450369],[14.469296228319664,50.99883342968964],[14.469298463022604,50.99895310428464],[14.46931405830915,50.99898593197627],[14.46938021370596,50.999074656928634]]},"properties":{"OBJECTID":241506,"fid_zbg":"3238083","jmeno":null,"typtoku_p":"povrchový nesplavný","vydattok_p":"stálý","idvt":"10229448"}},{"type":"Feature","id":242106,"geometry":{"type":"LineString","coordinates":[[14.432515767307933,50.999699694403645],[14.432532384283695,50.99975611660414],[14.432513304280695,50.99994744311561],[14.432529671219793,51.00005018797001],[14.43262342701966,51.00036690234602],[14.432628077471652,51.000387810197154],[14.432678404827765,51.00048752881022],[14.432704363568517,51.000636832365856],[14.43279077658398,51.0008121984394],[14.432806137653039,51.000864419771986],[14.432835817965753,51.000973780344374],[14.432880028883666,51.00103885453035],[14.432989723537755,51.001117062680336],[14.43299346357106,51.00117458230526],[14.432967769940745,51.0012339509991],[14.432954938002883,51.001276842213755],[14.433001916124377,51.001356881446725],[14.433088305643802,51.0014295309346],[14.433174231359068,51.001491234534235],[14.433190228067962,51.00152673508909],[14.433190627029722,51.00157113603325],[14.433218223354373,51.00161081749701],[14.433321742530469,51.00166370279155],[14.43337724046236,51.00170798005883],[14.433402041631819,51.00174068711652],[14.433408525259185,51.001771670417185],[14.43340056175803,51.00182740437389],[14.433403437651414,51.00187165706355],[14.433421930840419,51.00189040766518],[14.433478030904682,51.001920692234954],[14.43354464637476,51.00194613597063],[14.433674822443027,51.00197710671198],[14.433737023864648,51.002001822981306],[14.43377103990688,51.00203117320845]]},"properties":{"OBJECTID":242106,"fid_zbg":"3237860","jmeno":null,"typtoku_p":"povrchový nesplavný","vydattok_p":"stálý","idvt":"10229447"}},{"type":"Feature","id":244575,"geometry":{"type":"LineString","coordinates":[[14.462248929676397,50.97903246115081],[14.462167733750558,50.97919273624281],[14.462136936086175,50.979284336003644],[14.462105020334088,50.979438711233584],[14.462082831844935,50.97956017803588],[14.462129404302903,50.979597228942986],[14.462106762405073,50.979636006429686],[14.462080972873874,50.9797005496966],[14.462046529121793,50.97986259936671],[14.461968637660718,50.98003214192829],[14.461899657938288,50.980176507847524],[14.461793864231877,50.98033157125236],[14.461724428917108,50.980401866444055],[14.461620927675488,50.98048609061384],[14.461531511293552,50.98054044135354],[14.46117660939262,50.98073761530406],[14.46107353242417,50.980812458601186],[14.460862394320223,50.98093172945052]]},"properties":{"OBJECTID":244575,"fid_zbg":"325227204576634","jmeno":null,"typtoku_p":"povrchový nesplavný","vydattok_p":"stálý","idvt":"11000487"}},{"type":"Feature","id":244709,"geometry":{"type":"LineString","coordinates":[[14.482098035859428,50.988286490322835],[14.482005025168073,50.98837368569897],[14.481965726187857,50.988404351470436],[14.481811908394931,50.98855388713289],[14.48172598346043,50.98865660825442],[14.481716458682468,50.98869261906077],[14.48167381995803,50.988941234543965],[14.481648541003175,50.98899158071631],[14.481572312809522,50.98904687501492],[14.481116298419897,50.98934582531288],[14.480950986380172,50.98939697055519],[14.480376018575969,50.98940304021237]]},"properties":{"OBJECTID":244709,"fid_zbg":"3237363","jmeno":null,"typtoku_p":"povrchový nesplavný","vydattok_p":"stálý","idvt":"10234266"}},{"type":"Feature","id":244881,"geometry":{"type":"LineString","coordinates":[[14.476488120009591,50.97956800086612],[14.476706367266061,50.97958348890193],[14.476843365284985,50.97962906649502],[14.476888646595956,50.979647582483814],[14.476931676417092,50.97967715358015],[14.476978261150297,50.979733431694676],[14.47705149583814,50.97978212208532],[14.477208440925956,50.97983798557804],[14.477274925166325,50.97984931428601],[14.4773947446855,50.97985412534463],[14.477486705390001,50.97985154131368],[14.477696291259042,50.97978363195351],[14.477765478861372,50.979772731049486],[14.47781447211019,50.97978340214324],[14.477874272287698,50.979812515538924],[14.477956965707605,50.97991811518257],[14.478009659568384,50.97995336467369],[14.47807230976091,50.97998378543154],[14.478147986773662,50.980007211177394],[14.478237790236616,50.980024934347],[14.478414714371187,50.98004012657452],[14.478462583913759,50.980049684268124],[14.478509070567332,50.980073520093235],[14.478551440316004,50.98008876296092],[14.478603271351048,50.980103253095756],[14.4787309207241,50.98012884258417],[14.478870827823417,50.98015954533042]]},"properties":{"OBJECTID":244881,"fid_zbg":"3239187","jmeno":null,"typtoku_p":"povrchový nesplavný","vydattok_p":"stálý","idvt":"10220090"}},{"type":"Feature","id":244947,"geometry":{"type":"LineString","coordinates":[[14.436195073841434,51.004780375735116],[14.436207354710579,51.00482173214688],[14.436219098591659,51.004846792626985],[14.436224555944754,51.004852110352815],[14.43623278075814,51.00485475548961],[14.436272578198118,51.00486482682972],[14.43628714821391,51.00486989980272],[14.436315175041749,51.004886481712504],[14.436422021188436,51.004982928781686],[14.43654465103665,51.005101338481396]]},"properties":{"OBJECTID":244947,"fid_zbg":"4130805156675584","jmeno":null,"typtoku_p":"povrchový nesplavný","vydattok_p":"stálý","idvt":null}},{"type":"Feature","id":245734,"geometry":{"type":"LineString","coordinates":[[14.437102073930346,51.0207168551688],[14.437122270701959,51.02079726484499],[14.437097928760002,51.02088660980514],[14.43708513566449,51.02093790593298],[14.437039322292296,51.02103885529299],[14.437030947219114,51.021077324151904],[14.437059538329892,51.02114884372072],[14.437117212816958,51.02120636964555],[14.437131499839479,51.02124580312438],[14.437112089525659,51.02132042373427],[14.437103125254728,51.0213536701129],[14.4371121391216,51.02141732472395],[14.437055477828217,51.021512399077785],[14.437036959088259,51.021582923447276],[14.437007476869535,51.021627820526305],[14.436914648893067,51.021686828675776],[14.436874458481169,51.02172871163113],[14.43687481157753,51.021772019117684],[14.4368910275869,51.021817789131106],[14.436866705878202,51.02185814311956],[14.436814293163556,51.021952859559796],[14.436787408324442,51.02201621774407],[14.436774209517564,51.02209137629711],[14.436781171275783,51.022167890725],[14.436836142217123,51.022390333352156],[14.436908457943465,51.022504833736264],[14.43693973323177,51.02259772512441],[14.436937189985757,51.02285916216264],[14.436959186068025,51.023007228590124],[14.436948190712245,51.023267842882184],[14.43696426995773,51.02342392521197],[14.437039088398535,51.02384012836779]]},"properties":{"OBJECTID":245734,"fid_zbg":"3237108","jmeno":null,"typtoku_p":"povrchový nesplavný","vydattok_p":"občasný","idvt":"10236512"}},{"type":"Feature","id":246644,"geometry":{"type":"LineString","coordinates":[[14.452816164024176,50.98825652431971],[14.45271912477767,50.98852656484366],[14.45273081351605,50.98856341303436],[14.452781198044978,50.98862792423053],[14.45281964549046,50.98869312623406],[14.452861942369069,50.988763106879745],[14.45293508061573,50.98889227843615],[14.452995301262892,50.98899356802419],[14.453030977606605,50.98902586882221],[14.453090870201432,50.989058722693066]]},"properties":{"OBJECTID":246644,"fid_zbg":"3238005","jmeno":null,"typtoku_p":"povrchový nesplavný","vydattok_p":"stálý","idvt":"10220078"}},{"type":"Feature","id":247355,"geometry":{"type":"LineString","coordinates":[[14.456189572994738,51.01508110172628],[14.456147697852096,51.015159314736984],[14.456070549209764,51.01526351000446],[14.455990510163,51.015411456590556],[14.455842932215354,51.015647826628225],[14.45581393520819,51.015732959304785],[14.455826484657967,51.015801633771524],[14.455843846217206,51.01593686218196],[14.45587714437672,51.01602919493561],[14.455918544204264,51.01611932489612],[14.455981843826718,51.016213253297046],[14.456016990591399,51.01627589753032],[14.456047528068005,51.01634585481902],[14.456061750731182,51.01643463315193],[14.456060762696882,51.01670926035935],[14.456090758795064,51.01696706039636],[14.456090164387017,51.0170664426154],[14.456066922263728,51.01711714406208],[14.456026926264386,51.01716485484431],[14.456025367100898,51.017260071080244],[14.456003711546783,51.017339215599286],[14.455962297104131,51.01742853684024],[14.45584814344356,51.01761762629583],[14.45584011897206,51.01769096345626],[14.455844146474968,51.017806803416725],[14.455867631321107,51.017948276595384],[14.455874261842949,51.01804882774124],[14.455849786839623,51.018120887926266]]},"properties":{"OBJECTID":247355,"fid_zbg":"3237414","jmeno":"Rožanský potok","typtoku_p":"povrchový nesplavný","vydattok_p":"stálý","idvt":"10101135"}},{"type":"Feature","id":248103,"geometry":{"type":"LineString","coordinates":[[14.478490959906216,51.01802523516168],[14.478182629861037,51.01800522636449],[14.477732849961425,51.017959389108725],[14.47736338635298,51.01792090486703]]},"properties":{"OBJECTID":248103,"fid_zbg":"3272485","jmeno":null,"typtoku_p":"povrchový nesplavný","vydattok_p":"stálý","idvt":"10236508"}},{"type":"Feature","id":248754,"geometry":{"type":"LineString","coordinates":[[14.389904839554191,51.001053190974616],[14.389933608520362,51.00104558728322],[14.390221469203633,51.000936536886776],[14.390270563820584,51.0009073287443],[14.390355862358248,51.000859858252355],[14.390368242596207,51.000829541142735],[14.390374029724239,51.000787943237725],[14.390370938557755,51.000681058973875],[14.390362377367232,51.00055032487203],[14.390360428574324,51.00052062962973],[14.390373259181645,51.00047989890052],[14.39041288744446,51.000420123352384],[14.390489260733329,51.00037269255602],[14.390612439218614,51.00034467035569],[14.390693444865278,51.00030531897238],[14.390736217061713,51.00027904465344],[14.390830921212526,51.000178676789226]]},"properties":{"OBJECTID":248754,"fid_zbg":"3321705","jmeno":null,"typtoku_p":"povrchový nesplavný","vydattok_p":"stálý","idvt":"10227171"}},{"type":"Feature","id":249584,"geometry":{"type":"LineString","coordinates":[[14.432835192916306,51.01578942417201],[14.432858134006544,51.015839951645084],[14.432869288155018,51.01589308688895],[14.43312674391062,51.016203548008036],[14.433188290545212,51.01624852908498],[14.433429814535447,51.0163722602627]]},"properties":{"OBJECTID":249584,"fid_zbg":"3237256","jmeno":null,"typtoku_p":"povrchový nesplavný","vydattok_p":"stálý","idvt":"10231830"}},{"type":"Feature","id":250402,"geometry":{"type":"LineString","coordinates":[[14.477311007254006,51.0235651077788],[14.477326746276258,51.0236390595334],[14.477312070767386,51.023668593198785],[14.477296342495874,51.0237044408981],[14.477289686210586,51.0237324163863],[14.477276402644296,51.02375612794381],[14.477230240222392,51.02377378302893],[14.47720677409856,51.02378070399564],[14.477163418218453,51.023792713398116],[14.477107503575862,51.02379517535167],[14.477071001717421,51.02378751810891],[14.477041882732632,51.023768567966506],[14.47701860956634,51.023764582837295],[14.476978345631675,51.02376319641794],[14.476934754652232,51.023773371059086],[14.476888430306081,51.02377883741184],[14.476851631827492,51.023776461641354],[14.47680195572777,51.02377257590494],[14.476751908476905,51.0237831370736],[14.476710323365158,51.0237982565413],[14.476672771587975,51.0238065842252],[14.476626362016088,51.02380667249368],[14.476573538449554,51.023807350554144],[14.47652665028253,51.0238130947304],[14.476494862835356,51.02383397630731],[14.476409713687827,51.02388686958196],[14.476322417853016,51.023937853951594],[14.476234212759103,51.023965172569795],[14.476156598821566,51.02397217620313],[14.47608765076048,51.02396840585413],[14.476040483513971,51.023961706174354],[14.47598033011921,51.02395651712969],[14.475908675499854,51.02396920573447],[14.475855626000538,51.023986311598534],[14.47579561798648,51.02399438017234],[14.475721096357919,51.02399375761875],[14.475662263669134,51.02398115255492],[14.475608130720135,51.023966775602354]]},"properties":{"OBJECTID":250402,"fid_zbg":"3237171","jmeno":null,"typtoku_p":"povrchový nesplavný","vydattok_p":"stálý","idvt":"10227162"}},{"type":"Feature","id":250517,"geometry":{"type":"LineString","coordinates":[[14.387779723042613,51.02527865127209],[14.387749841545677,51.02524596298162],[14.38771850297296,51.02516088407073],[14.387702537703301,51.02514152906525],[14.38765229703196,51.02508070122355],[14.387571614370797,51.02502118028488]]},"properties":{"OBJECTID":250517,"fid_zbg":"4309554431000576","jmeno":null,"typtoku_p":"povrchový nesplavný","vydattok_p":"stálý","idvt":"10504670"}},{"type":"Feature","id":252189,"geometry":{"type":"LineString","coordinates":[[14.384260552680301,51.01825268059742],[14.384139928368624,51.018337814891176],[14.384080411122337,51.01841520337531],[14.384011302590118,51.0185896616828],[14.383944114587477,51.01868697951094],[14.383840970815617,51.01876256572359],[14.383790692375898,51.0188654389321],[14.383747493541465,51.01892873216181],[14.383600121319795,51.01901906839283],[14.383502570984533,51.019058574506374],[14.383424238883416,51.01912661198444]]},"properties":{"OBJECTID":252189,"fid_zbg":"3237305","jmeno":null,"typtoku_p":"povrchový nesplavný","vydattok_p":"stálý","idvt":"10231831"}},{"type":"Feature","id":253244,"geometry":{"type":"LineString","coordinates":[[14.470160138196555,51.00706306297003],[14.4697376860955,51.00741054782221],[14.46958131087273,51.00757165756957],[14.469503028138858,51.00762958261946],[14.469417709548363,51.007691436178305],[14.467747664585106,51.00908983740118]]},"properties":{"OBJECTID":253244,"fid_zbg":"3238143","jmeno":null,"typtoku_p":"povrchový nesplavný","vydattok_p":"stálý","idvt":"10227173"}},{"type":"Feature","id":253526,"geometry":{"type":"LineString","coordinates":[[14.514210711651275,50.99430455724534],[14.5141417289656,50.99428677782578],[14.514096084135328,50.99428041241764],[14.51405950633212,50.99426447613381],[14.51400813206935,50.994220869374914],[14.51396200687285,50.994197489835074],[14.513893373017586,50.994177163940755],[14.513710196367628,50.99414208903365],[14.51364383964298,50.99411987236044],[14.513592889044814,50.994083559003805],[14.513548061454273,50.994070813803994],[14.513464616382638,50.99404984887724],[14.513445036866067,50.99403600922355],[14.51337074806612,50.9939393588813]]},"properties":{"OBJECTID":253526,"fid_zbg":"3314801","jmeno":null,"typtoku_p":"povrchový nesplavný","vydattok_p":"stálý","idvt":"10224793"}},{"type":"Feature","id":253716,"geometry":{"type":"LineString","coordinates":[[14.412067560574428,51.008998168394555],[14.41205058133237,51.00901817923184],[14.411972421507524,51.00900615626784]]},"properties":{"OBJECTID":253716,"fid_zbg":"3237186","jmeno":null,"typtoku_p":"povrchový nesplavný","vydattok_p":"stálý","idvt":"10229440"}},{"type":"Feature","id":253760,"geometry":{"type":"LineString","coordinates":[[14.479000295215615,50.97867858627356],[14.479029347760317,50.97872670914576],[14.479029177882099,50.978779440061636],[14.479019299092673,50.97884435140039],[14.479051184435983,50.978897508901596],[14.479127885543255,50.97895341925357],[14.47923045144704,50.97900310704591],[14.479378922543397,50.97902882422863],[14.479531613062658,50.97905609389029],[14.47958461028838,50.97910480472514],[14.47962863672541,50.979171511450744],[14.479604288141298,50.979260104001774],[14.47956631888596,50.979324531964515],[14.47955220930267,50.97940758526694],[14.479561255270943,50.97949407077112],[14.479629242499755,50.97957409522693],[14.479646843955196,50.97966155508416],[14.479670047349018,50.97973078263394],[14.479730969517911,50.97981635711649],[14.479782110124205,50.97996022856285],[14.479805920973034,50.98006195048189],[14.479787317451102,50.98014843523655],[14.479737687220238,50.9801864819268],[14.479682324824358,50.98023500204289],[14.479656424256511,50.98029320501839],[14.479665130014137,50.98040740371351],[14.479727657086086,50.9805070695876],[14.479792991174985,50.980632524855395],[14.47983980023207,50.98069435479467],[14.479963655037968,50.980823327944655],[14.480025682900495,50.980860679269945],[14.480072661728807,50.98091701692695],[14.480107332179827,50.98098937502073],[14.480146044588407,50.98108122417505],[14.480112457424607,50.98111951269238],[14.48007545431381,50.98119878459695],[14.480067273829,50.981261764931865],[14.480069491912744,50.98131920157541],[14.48009165736078,50.98159572833322],[14.480086830896186,50.98168104344578],[14.480070149059971,50.98169502623995],[14.479925548102745,50.981784697667166],[14.479854537859525,50.981815945764794],[14.479765385766601,50.981879194855246]]},"properties":{"OBJECTID":253760,"fid_zbg":"3239254","jmeno":null,"typtoku_p":"povrchový nesplavný","vydattok_p":"stálý","idvt":"10229479"}},{"type":"Feature","id":254218,"geometry":{"type":"LineString","coordinates":[[14.478126005025263,51.01504889483472],[14.478093380686179,51.01501296764374],[14.478022163905768,51.0149832369444],[14.477894684567039,51.01494302805116],[14.477811816682525,51.014898049019706],[14.477763541020309,51.01488190937578],[14.47772429232192,51.01486990509029],[14.477692363259685,51.01485200036468],[14.477683904841673,51.01483131219425],[14.477686623718435,51.014803514140546],[14.477681078266691,51.014773370178865],[14.477664303767515,51.014740624547514],[14.47763640158044,51.01470746327321],[14.477587641289388,51.01467631285542],[14.477549575501333,51.01465089319488],[14.477497055279338,51.014629125451115],[14.477449928892007,51.014602379776456],[14.477424500297426,51.014585670786396],[14.477395343364416,51.01455829801242],[14.477361822386213,51.0145105902365]]},"properties":{"OBJECTID":254218,"fid_zbg":"3237158","jmeno":null,"typtoku_p":"povrchový nesplavný","vydattok_p":"stálý","idvt":"10224777"}},{"type":"Feature","id":254912,"geometry":{"type":"LineString","coordinates":[[14.452293465403649,51.03186501062564],[14.451618093791778,51.03194385993957]]},"properties":{"OBJECTID":254912,"fid_zbg":"4138820102520832","jmeno":null,"typtoku_p":"povrchový nesplavný","vydattok_p":"stálý","idvt":"0"}},{"type":"Feature","id":255682,"geometry":{"type":"LineString","coordinates":[[14.4989886079979,51.00141815582645],[14.49893716054878,51.00134160545428],[14.498909935985626,51.001282018534596],[14.498874714820259,51.00123879784773],[14.498794173854204,51.0011558412354],[14.498758859475151,51.00113365887816],[14.498729772592103,51.001123896741355],[14.498696021036288,51.0011170894464],[14.498578925248093,51.00110210715178],[14.498560096961853,51.001092774792944],[14.498538562819993,51.00107468198735],[14.498485701888974,51.0010159716189],[14.498379551997472,51.00092645485908],[14.49833288672641,51.0009155416863],[14.498261948917298,51.00091714370691],[14.498220291836008,51.00091963436602],[14.498190601007781,51.0009159888465],[14.498042295879168,51.00085586251255],[14.497838027775897,51.000795905828404],[14.497752664968216,51.00077911962511],[14.497672195005972,51.00077427586216],[14.497609841420054,51.000776072466635],[14.497475584597819,51.00079589801628],[14.497440697244224,51.00079234905376],[14.497409443818214,51.000775323986105],[14.497341415689963,51.00072891429642],[14.497307871044393,51.000716499892235],[14.497184420292838,51.00069434637425],[14.497151189829232,51.00068313830781],[14.497057444039289,51.00065791856004],[14.496649715959752,51.00054306007791],[14.49653742501066,51.00052767296383],[14.496306673972702,51.00050906750155],[14.496174899198795,51.00050479298935],[14.495863829779708,51.00052317571658],[14.495677508203778,51.00052581392577],[14.495614692429093,51.00052974687288],[14.495465009796069,51.000560397561266],[14.495315465743701,51.00057445863697],[14.494975026676093,51.00061162781943],[14.494642067983692,51.000647444702444],[14.494356029221873,51.000671064388634],[14.494212427341019,51.00070151172783],[14.494130405643093,51.00071912063855],[14.493967098409572,51.00074787909514],[14.493503856718208,51.000816094763785],[14.493159924446696,51.000874966298866],[14.492794860964219,51.00092464982595],[14.492420176487437,51.00096583757414],[14.492265432562276,51.00097680702879],[14.492229648235487,51.00096803548159],[14.492059252528447,51.000922118121785],[14.491905860318875,51.00090505363004],[14.491738971923805,51.000913279438116],[14.49121311495678,51.00092381872208],[14.49102622931396,51.00093449327502],[14.490914632065538,51.000951501739976],[14.490852789768347,51.000942361934726],[14.49071987666409,51.00086874680103],[14.490689259639836,51.000858687357564],[14.490619206251967,51.000871673663625],[14.490563697420425,51.000892853419536],[14.49047815553356,51.00092565133276],[14.490267616274032,51.0010376238933],[14.49003131382731,51.00107785786616],[14.48979518904513,51.00117571319044],[14.489712551187234,51.001204787452565],[14.489542647784008,51.00123250900714],[14.48942326476019,51.00126794143907],[14.489275536068721,51.00128886492464],[14.48922633550794,51.00131125013232]]},"properties":{"OBJECTID":255682,"fid_zbg":"3314802","jmeno":null,"typtoku_p":"povrchový nesplavný","vydattok_p":"stálý","idvt":"10229459"}},{"type":"Feature","id":256535,"geometry":{"type":"LineString","coordinates":[[14.425772258357227,51.01711961933674],[14.425823063643143,51.017208584431536],[14.425834273748174,51.01726208876885],[14.425836996792249,51.017399416995445],[14.425850315831692,51.0174881257261],[14.425911723842457,51.017610944819275],[14.425963952927747,51.01764849893941],[14.42605044050072,51.01767142195729],[14.42614827454055,51.017687163062426],[14.426233442672515,51.01771614112234],[14.42626633079965,51.017744759783575],[14.426301527093539,51.01779770347738],[14.426318146871026,51.017941961441984],[14.426341956703743,51.018010258201244],[14.42646097222051,51.01820622731868]]},"properties":{"OBJECTID":256535,"fid_zbg":"3237105","jmeno":null,"typtoku_p":"povrchový nesplavný","vydattok_p":"stálý","idvt":"10236505"}},{"type":"Feature","id":257388,"geometry":{"type":"LineString","coordinates":[[14.43769520552482,51.00510856566005],[14.437792759376677,51.00509442554371]]},"properties":{"OBJECTID":257388,"fid_zbg":"3272791","jmeno":"Šluknovský potok","typtoku_p":"povrchový nesplavný","vydattok_p":"stálý","idvt":"10104877"}},{"type":"Feature","id":258367,"geometry":{"type":"LineString","coordinates":[[14.438722357251844,50.99366693801678],[14.43875700943212,50.99380258491871],[14.438794790006678,50.99388116268348],[14.438795058918371,50.99403152242911],[14.438766175816653,50.994252573915944],[14.438779365237396,50.994317770708086],[14.43886042693283,50.99445308355161],[14.438873877002367,50.99460358726193],[14.438906191859168,50.99466962450101],[14.439076490978653,50.99479350687201],[14.439185062572347,50.99488233664103],[14.439348434255459,50.99506278597524],[14.439466853848117,50.995173562804524],[14.439871685909358,50.99568368566446],[14.439880743159664,50.9958059548569],[14.439922877629401,50.996077478824496],[14.439993699465616,50.996154145829315],[14.439993556076418,50.996256519715445],[14.440011012606256,50.996275079693525],[14.44005565215276,50.99630000463987],[14.44010714171506,50.996320405916684],[14.440244070524303,50.99632999032494],[14.440546357153789,50.99639110595812],[14.440952728831787,50.99644300035209],[14.441072706222458,50.996449945040894],[14.441235739854624,50.99649028693489],[14.441397464923574,50.99655383221048],[14.441480171772138,50.99660191399161],[14.441515558314299,50.996638185250376]]},"properties":{"OBJECTID":258367,"fid_zbg":"3314284","jmeno":"Stříbrný potok","typtoku_p":"povrchový nesplavný","vydattok_p":"stálý","idvt":"10101808"}},{"type":"Feature","id":258540,"geometry":{"type":"LineString","coordinates":[[14.479581934957158,50.98979172004849],[14.479191446492395,50.98987365341367],[14.478971941832368,50.98994442344296],[14.478957286662261,50.98997491105409],[14.478916986274276,50.99009410615721],[14.478900382793007,50.990186460788934],[14.478871461856889,50.990260896356915]]},"properties":{"OBJECTID":258540,"fid_zbg":"3237354","jmeno":null,"typtoku_p":"povrchový nesplavný","vydattok_p":"stálý","idvt":"10224791"}},{"type":"Feature","id":259023,"geometry":{"type":"LineString","coordinates":[[14.50604657895736,50.976112361369566],[14.506057807606446,50.976133485476815],[14.50610374247776,50.97615791524974],[14.506117539545603,50.976165752715374],[14.506123678244146,50.97618449723077],[14.506137680371445,50.97623089802144],[14.506157194251792,50.97635455625865],[14.50619206336074,50.97639801819657],[14.506337896647457,50.97647126362195],[14.506443615355217,50.97652200460883],[14.50665279641403,50.97661331311448],[14.506805953999324,50.97667793527434],[14.506876950998176,50.976715798398075],[14.507031731497861,50.97681548591603],[14.507098759648672,50.976867068306625],[14.507154425265364,50.976920031106026],[14.507185114880619,50.9769742002689],[14.507266808618079,50.977056346578365],[14.507330644248933,50.97715464524719],[14.507343046065046,50.97720433707156],[14.507337146859808,50.97724029738578],[14.507324001647747,50.97727853685946],[14.507290285445473,50.977321537070395],[14.50724830999686,50.97736418913639],[14.507169936984239,50.977420209236705],[14.507096470573268,50.97747639768982],[14.506979526920425,50.977592698827074],[14.506898325989606,50.977641317795346],[14.506791738030207,50.97768239887149],[14.506776245444795,50.977697575591634],[14.506786973237311,50.97773705381336],[14.506803254328286,50.97776213254531],[14.50687949821129,50.97783691537491],[14.506890937977184,50.977859127948946],[14.506898010678436,50.977927502308646],[14.5069078473646,50.977946492498646],[14.507011107555737,50.97803457770384],[14.507018815358258,50.97805411034296],[14.507019385979328,50.97813063374086],[14.507007272715574,50.978147462161616],[14.506949066215308,50.97818009881786],[14.506887832924894,50.97821211201564],[14.506869223699319,50.978229741957925],[14.506819282599759,50.97829130305449],[14.506759645384305,50.978385776083826],[14.506772791035893,50.97839743092601],[14.506795728657993,50.97840965658806],[14.50682908030871,50.978416247153675],[14.506925210831465,50.97843622524774],[14.50693237361668,50.97844963294072],[14.506899650160626,50.97849734514563],[14.506864547654931,50.97852679989279],[14.506821095964192,50.978551000030606],[14.506784268479606,50.978565156550495],[14.506767307136949,50.97857848322769],[14.506766184855516,50.97859099625325],[14.506773020555993,50.97860791375544],[14.506781305505264,50.97862477458561],[14.506790122747171,50.97863451460867],[14.506802729850335,50.97864068006707],[14.506823814393572,50.97864684959018],[14.506838422227544,50.97865373158265],[14.50686584236795,50.978671151095696],[14.50686847147318,50.97868425921541],[14.5068475149962,50.97871275455234],[14.506807115560234,50.978730141546414],[14.506619713315857,50.97878676334461],[14.506584405385075,50.97879987132037],[14.506521901048826,50.97885772001688],[14.506471818062735,50.97889531958015],[14.506407652800787,50.9789382383965],[14.506269476773317,50.97912818779977],[14.506326854594931,50.979292970670386],[14.506314758226619,50.97942346877173],[14.506251008634415,50.979483750282185],[14.506267840160332,50.979591428791615],[14.506301941543072,50.9796803641838],[14.506401342829628,50.97985085116529],[14.50638400179373,50.97991848453773],[14.506344926438326,50.980079408805885],[14.506266509938332,50.98014105851787],[14.506090920312833,50.98019352608486],[14.506093721075418,50.98027368878181],[14.50609809395627,50.980305997588324],[14.506075552157832,50.980343155931926],[14.506042479658099,50.98041841594099],[14.506043139633821,50.98044396420415],[14.506130210155131,50.98059170840237],[14.506159067336528,50.98062576216777],[14.506170616273117,50.98065877945664],[14.5061579822027,50.98069797008519],[14.506036264219098,50.98078310701549],[14.506016296494805,50.98081034481985],[14.50599530998054,50.98085560200365],[14.505995270655335,50.9808936997067],[14.506018542007626,50.98094097085672],[14.506016656164865,50.98096167338508],[14.50600606170685,50.98097745321415],[14.50593578803117,50.98102401913329],[14.5059131759667,50.98103023696958],[14.50584777054973,50.98103630864154],[14.505799519343539,50.9810541081223],[14.505778817069885,50.98110603023952],[14.505756374858757,50.98116035170707],[14.505730178111094,50.98122739503056],[14.505687822449223,50.98129938831337],[14.505643087792125,50.98135990973613],[14.505613196192586,50.98140820127617],[14.505564101579084,50.981455311302845],[14.505501938723409,50.98151554786209],[14.505404252598296,50.981621803941124]]},"properties":{"OBJECTID":259023,"fid_zbg":"4159791018541056","jmeno":null,"typtoku_p":"povrchový nesplavný","vydattok_p":"stálý","idvt":"10236561"}},{"type":"Feature","id":259100,"geometry":{"type":"LineString","coordinates":[[14.412087308582576,51.01744377401694],[14.412125945027665,51.01749149653751],[14.412169630512224,51.01755299499769],[14.412208856974427,51.01756901257759],[14.412249443725383,51.01757879702477],[14.41232939599445,51.01764417011054],[14.412452258313419,51.01775482384337],[14.412530822684579,51.01778885544976],[14.412698193577935,51.01783279297826],[14.412756533602229,51.01786471466021],[14.41280435779835,51.017936915501245],[14.412858894639003,51.01798692544768],[14.412928099352511,51.01812594628954],[14.412953347158162,51.01821986792903],[14.412984832121555,51.01826279548462],[14.41303382414796,51.018299984406674],[14.413065867618052,51.018316094788275],[14.413168991623118,51.01836942443004],[14.413295112714382,51.0184763676212],[14.413332512644496,51.01849812369841],[14.413361651111567,51.01850763964752],[14.413439285490629,51.01857507873478],[14.413472628252748,51.01862333906853],[14.413463212392935,51.018662534253636],[14.413526234898637,51.018732334011204],[14.413549088110573,51.0187396710952],[14.413597119518046,51.01875028270243],[14.413621093562606,51.018772787571045]]},"properties":{"OBJECTID":259100,"fid_zbg":"3237109","jmeno":null,"typtoku_p":"povrchový nesplavný","vydattok_p":"stálý","idvt":"10283976"}},{"type":"Feature","id":260628,"geometry":{"type":"LineString","coordinates":[[14.389763464973713,50.9823921293754],[14.38874092818993,50.98265371907623],[14.388701531459093,50.982679414435026],[14.388570134136012,50.98276496830248],[14.388239296329198,50.98296497417158],[14.388164511953407,50.98302603256715],[14.388165134725272,50.98304711975054],[14.388198667942866,50.983088758184884],[14.388196027677486,50.98310576832889],[14.388165596340658,50.98312727204435],[14.388119893127165,50.98313374420286],[14.388086395913005,50.98312613542482],[14.388030432312215,50.983097215470664]]},"properties":{"OBJECTID":260628,"fid_zbg":"3238133","jmeno":"Vilémovský potok (Poustevenský potok)","typtoku_p":"povrchový nesplavný","vydattok_p":"stálý","idvt":"10100689"}},{"type":"Feature","id":261305,"geometry":{"type":"LineString","coordinates":[[14.432342525173047,51.00409010883713],[14.432398108792151,51.00407324255812],[14.432499048121981,51.00408054009861],[14.432631922100537,51.00409531435139],[14.432733935538183,51.004093650055886],[14.432861654970717,51.00410594494573],[14.433016968440477,51.0041029211095],[14.433082116881105,51.00410414013418],[14.433151909624033,51.004094066728086]]},"properties":{"OBJECTID":261305,"fid_zbg":"4128882252840960","jmeno":null,"typtoku_p":"povrchový nesplavný","vydattok_p":"stálý","idvt":"10236527"}},{"type":"Feature","id":261986,"geometry":{"type":"LineString","coordinates":[[14.45629786510057,50.99114782341536],[14.456543306220263,50.99137177851367],[14.456647096056551,50.991516752678514],[14.456700340200486,50.99171257915839],[14.456825916432063,50.99187758240442],[14.456942861470688,50.99200766280483],[14.457010108598856,50.99207598854338],[14.457073249942447,50.992126812099976],[14.45717407857228,50.99217554235538],[14.457263259576246,50.992199132301586],[14.457414979088611,50.99223130627792],[14.45768101883813,50.99225603850107],[14.457768948282514,50.99225858049744]]},"properties":{"OBJECTID":261986,"fid_zbg":"3237994","jmeno":null,"typtoku_p":"povrchový nesplavný","vydattok_p":"stálý","idvt":"10229448"}},{"type":"Feature","id":262046,"geometry":{"type":"LineString","coordinates":[[14.420883388990818,51.00073690247074],[14.421324068091796,51.00057018446567],[14.421702829237587,51.00048038487335],[14.422039118405507,51.00039016501695],[14.42212982014558,51.00035203511145],[14.422166238884978,51.00033205896685],[14.422204195998482,51.0003056836904],[14.422302945871202,51.000229963675835],[14.422421434078778,51.00018045363216],[14.4227016059089,51.00008023649251],[14.422783594602347,51.000064531836514],[14.422894512498114,51.000055891940995],[14.423048672531369,50.9999949051993],[14.423094963686804,50.99999791461801],[14.423263912719278,51.00004378491504],[14.423314204450927,51.000061758044666],[14.423336564993722,51.000064061064464],[14.423371046062957,51.00005825191975],[14.423420048501345,51.00002539476362]]},"properties":{"OBJECTID":262046,"fid_zbg":"4159734999416832","jmeno":null,"typtoku_p":"povrchový nesplavný","vydattok_p":"stálý","idvt":null}},{"type":"Feature","id":262796,"geometry":{"type":"LineString","coordinates":[[14.461583691794669,50.97797669145359],[14.461614028368816,50.978017691475976],[14.461633112642414,50.97803703316986],[14.461827135963297,50.97811114973263],[14.461935248340163,50.978138444149685],[14.46206564823656,50.97816713954246],[14.462161654306415,50.978183996848394],[14.46221684417943,50.97821404515081],[14.462230899250162,50.97823894872777],[14.462204342969274,50.978379026511895],[14.462212586016895,50.97841574791157],[14.462250013091301,50.97843930661727],[14.462259082740662,50.978490896671175],[14.462208559076672,50.97854359359109],[14.462211046645232,50.97857783042927],[14.462257927616562,50.97862670225873],[14.462302667441575,50.978668221669544],[14.462331762014722,50.978681170825425],[14.46241400219153,50.97869915095159],[14.462457024815281,50.97876381986815]]},"properties":{"OBJECTID":262796,"fid_zbg":"3349409","jmeno":null,"typtoku_p":"povrchový nesplavný","vydattok_p":"stálý","idvt":"10229480"}},{"type":"Feature","id":263996,"geometry":{"type":"LineString","coordinates":[[14.455653162917766,51.02228467115503],[14.455622862205546,51.02236651589273],[14.455588397199282,51.02244700269467],[14.455517492614439,51.02255219181838],[14.455422018493927,51.022614884886266]]},"properties":{"OBJECTID":263996,"fid_zbg":"3237327","jmeno":"Rožanský potok","typtoku_p":"povrchový nesplavný","vydattok_p":"stálý","idvt":"10101135"}},{"type":"Feature","id":264383,"geometry":{"type":"LineString","coordinates":[[14.499051952778947,51.029527795490246],[14.498924452974148,51.02945460136859],[14.498815699762776,51.02938944303973],[14.498746460593608,51.02936039728512],[14.498647615852045,51.029340524206134],[14.498529403116326,51.02935005452017],[14.49836287522342,51.02937477645827],[14.498250775597988,51.0293734749388],[14.498104946894859,51.02936357352256],[14.497962972332212,51.0293617870768],[14.497827025387185,51.02936511854215],[14.497673630866899,51.029351290573096],[14.497518615074137,51.029312784095715],[14.497365883812222,51.029249898963336],[14.497301719243607,51.02921655363708],[14.497214352624885,51.02916485508926],[14.497130450421794,51.02912466719187],[14.497028762738868,51.02909340798225],[14.496928051798381,51.02906428293549],[14.496860736876386,51.02905413449675],[14.496801589453396,51.02903150793171],[14.496726901264063,51.02899328302832],[14.49668662197302,51.028952340992554],[14.496668334172185,51.028909690433856],[14.496660247521818,51.02885473684025],[14.496632194515813,51.02878775014484],[14.496544037826677,51.0287273467354],[14.496468277287521,51.02869986084814],[14.496360856729982,51.028688446108546],[14.496222628356794,51.02870876997389],[14.496186810192823,51.02869899184873]]},"properties":{"OBJECTID":264383,"fid_zbg":"3335546","jmeno":null,"typtoku_p":"povrchový nesplavný","vydattok_p":"stálý","idvt":"10229429"}},{"type":"Feature","id":264603,"geometry":{"type":"LineString","coordinates":[[14.4887632589478,51.00457010286974],[14.488582692552557,51.00453013596345],[14.488487684808396,51.00450806686631],[14.488414231441073,51.00447941870595],[14.488349511013821,51.00443301656417],[14.488241950364642,51.00432150493305],[14.488088115404066,51.00416672304687],[14.488006126700954,51.004080548701666],[14.48794903111742,51.00403811474965],[14.48791701717127,51.00401670330284],[14.487889534005813,51.003997542141555],[14.487861225486917,51.003983852761074]]},"properties":{"OBJECTID":264603,"fid_zbg":"3237045","jmeno":null,"typtoku_p":"povrchový nesplavný","vydattok_p":"stálý","idvt":"10222422"}},{"type":"Feature","id":264777,"geometry":{"type":"LineString","coordinates":[[14.41164257032373,51.00571311582738],[14.411650344008182,51.00579876186872],[14.411692384372927,51.0059221890063],[14.411602112059576,51.006039323324856],[14.411501419194343,51.00613006581541],[14.411361572290483,51.00621484887286],[14.41110536220886,51.00636648413988],[14.410360017934552,51.00669776369197],[14.410096472082198,51.006876460735995],[14.40979435999438,51.00701354527569],[14.409537987525374,51.00709846624917],[14.409379024467578,51.00711713946247]]},"properties":{"OBJECTID":264777,"fid_zbg":"3237622","jmeno":null,"typtoku_p":"povrchový nesplavný","vydattok_p":"stálý","idvt":"10220057"}},{"type":"Feature","id":264960,"geometry":{"type":"LineString","coordinates":[[14.478871461856889,50.990260896356915],[14.478732568095298,50.99030551906473],[14.47868189106106,50.9903244606638],[14.478625338459914,50.99040767012125],[14.47852266708182,50.990459592060226],[14.47845750177877,50.99048635526076],[14.478417287949542,50.99050211737634],[14.47840997216137,50.99051863228418],[14.478411507419883,50.99053609255719],[14.478443047493888,50.990597511406854],[14.478449470814654,50.99061430490211],[14.478444909599592,50.99062606788351],[14.478346567134627,50.990709752914846],[14.478274794524358,50.99078956207476],[14.478171324529717,50.990876342590894],[14.47814773056912,50.990911592655095],[14.47813900923164,50.99098169326671],[14.478192309626088,50.99109062312575],[14.478200286096746,50.99114801238581],[14.478176275884673,50.991192480108516],[14.478149656966796,50.99123372887006],[14.478148404739565,50.99128859790318],[14.478126737787901,50.99132954829563],[14.478108182495376,50.991358792040124],[14.478119521328697,50.99142454570403],[14.478310426703441,50.9916646504081],[14.47832039108978,50.99169163813032],[14.478325594900673,50.991826173272514],[14.478360597016763,50.991965820384415],[14.478353121711406,50.99202287392732],[14.47832036706848,50.99212228983282],[14.478267458929743,50.99218866752845],[14.478140671229223,50.99247193389162],[14.478105708625884,50.99258286226631],[14.478062621877347,50.99266759679088],[14.478067753605721,50.99268836126023],[14.478128432650696,50.992734059973905],[14.478124728661781,50.99274916290681],[14.47807504599622,50.99279468091356],[14.47806673951251,50.99281510205728],[14.478113278215519,50.99290748116651],[14.47809040570827,50.99293608017653],[14.478040446526574,50.992992823756126],[14.477999009639584,50.99303279365766],[14.477959322813074,50.99306402390997],[14.47790449099171,50.993095489281174],[14.477791455208996,50.993134178499595],[14.477742299217013,50.99315669867152],[14.47763548045729,50.993203182057144],[14.47755853081557,50.99323455273405],[14.477491313125855,50.993264132428386],[14.47738427860877,50.993336815479054],[14.477306997972885,50.99342476758892],[14.477216106963587,50.99362195283031],[14.477126807230214,50.99390863595822],[14.477061663774839,50.99411502907597],[14.477039359284865,50.99418676966128],[14.477025812793205,50.99424529508603]]},"properties":{"OBJECTID":264960,"fid_zbg":"3314798","jmeno":"Lesní potok","typtoku_p":"povrchový nesplavný","vydattok_p":"stálý","idvt":"10283941"}},{"type":"Feature","id":265637,"geometry":{"type":"LineString","coordinates":[[14.428823535169597,50.988829223558085],[14.429035720418964,50.988982561807646],[14.429176765875788,50.98906220796323],[14.429315917856629,50.98911219336683],[14.429358066598313,50.989146062176005],[14.42936418930966,50.98922952039112]]},"properties":{"OBJECTID":265637,"fid_zbg":"3237845","jmeno":null,"typtoku_p":"povrchový nesplavný","vydattok_p":"stálý","idvt":"10222428"}},{"type":"Feature","id":265787,"geometry":{"type":"LineString","coordinates":[[14.451890347863722,51.02023757100013],[14.451979895831752,51.020215375794095],[14.452083615966387,51.02019812580503],[14.452173246717289,51.02018745965647],[14.45224776678557,51.020184105580505],[14.452370935013853,51.0202050991558],[14.452444110166462,51.02022712226616],[14.452532200223173,51.0202334695648],[14.452624667195042,51.020228945431185],[14.452754026427932,51.02021881106573]]},"properties":{"OBJECTID":265787,"fid_zbg":"4155878890536960","jmeno":null,"typtoku_p":"povrchový nesplavný","vydattok_p":"stálý","idvt":null}},{"type":"Feature","id":266673,"geometry":{"type":"LineString","coordinates":[[14.469103430741225,51.00171513495648],[14.468743969794039,51.001661952589096],[14.468450338391651,51.00161258606252],[14.468222598736663,51.00154010572046],[14.468151237167296,51.00145734474307],[14.46818319681144,51.00133243131578],[14.468127793927332,51.00132555922885],[14.468101047870592,51.00132358468193],[14.468037590966997,51.001315663056],[14.467970227526571,51.00131401764018]]},"properties":{"OBJECTID":266673,"fid_zbg":"3237442","jmeno":null,"typtoku_p":"povrchový nesplavný","vydattok_p":"stálý","idvt":"10222423"}},{"type":"Feature","id":270880,"geometry":{"type":"LineString","coordinates":[[14.393707558972553,51.00197687712677],[14.393616482715245,51.00180156278877],[14.39359220652107,51.00168893424146],[14.393540232631706,51.001579339624335],[14.393492557232998,51.00151521467227],[14.393418541889691,51.001455149112196],[14.393383614562055,51.00144178402782],[14.393345462136354,51.00143291098545],[14.393233678146904,51.001433799588966],[14.393194242978444,51.001422110942315],[14.393163206436343,51.00139962969412],[14.393129026379766,51.001355542889705],[14.392967373322987,51.001260965499704],[14.392869018815293,51.00121955992091],[14.392776359980292,51.0011926232382],[14.392693897324767,51.00117831503209],[14.39266714829943,51.0011631934053],[14.392636526306422,51.00114243574244],[14.3924809908413,51.0008885676165],[14.392468736833695,51.00085660557652],[14.392466920866294,51.00081419180061],[14.392460539455678,51.00066503815074],[14.392533873422368,51.0005130860705],[14.392527483766692,51.000462715944856],[14.392488039409928,51.00041028571756],[14.392405195485836,51.00036759806841],[14.392330511909277,51.00031718210065],[14.392237385990224,51.000186674343304],[14.39198079850163,50.99997180080893],[14.391880419011976,50.99989882312552],[14.3918183882017,50.99984052507069],[14.391749822698879,50.999762785094205],[14.391644870428452,50.999637054370744],[14.391487425976973,50.999455180156275],[14.391468079414597,50.9994336975969],[14.391450738078317,50.999414422058564],[14.391442509478772,50.999405031458934],[14.39134487865288,50.99934481395856],[14.391210699353259,50.99929339227087],[14.391040075588087,50.99921056100486]]},"properties":{"OBJECTID":270880,"fid_zbg":"3342538","jmeno":"Velkošenovský potok","typtoku_p":"povrchový nesplavný","vydattok_p":"stálý","idvt":"10103812"}},{"type":"Feature","id":270894,"geometry":{"type":"LineString","coordinates":[[14.42478136001549,51.00164127411411],[14.424842638959118,51.001662286293055],[14.42508636019721,51.0017553774173],[14.42523206764196,51.00181918863926],[14.425313315215401,51.001857447550734],[14.42533824356346,51.00186314839911],[14.425360665127624,51.001867815224124],[14.42543874685302,51.00187440679845],[14.425515309997412,51.00188730843149],[14.425538208163232,51.00189836766777],[14.425569855254453,51.001929329840195],[14.425609532255711,51.001995375220034],[14.425633863372557,51.00201635757322],[14.425653762598904,51.002025342047254],[14.425680144584886,51.00202899137901],[14.425743130288616,51.00202732337],[14.42584849054962,51.00202454030463],[14.426008217087796,51.00205173197859],[14.426159685554493,51.002103166964204],[14.426312163214101,51.002139410333925],[14.426519154076466,51.00221848813243],[14.426585330896287,51.00224151184277],[14.42663955937825,51.00227443216481],[14.426680078633115,51.00232539817331],[14.426702720251756,51.00234423765579],[14.426785659566146,51.00237737975062],[14.42689496332427,51.002409632795406],[14.426944499406385,51.0024139289969],[14.426992136757965,51.00241043919924],[14.427034433120797,51.00241628499025],[14.427064334248314,51.002421999348456],[14.427429982658747,51.00256323038042],[14.42751233357312,51.002591221842735],[14.427630084401661,51.00262450607969],[14.427745227474144,51.002672997153255],[14.427814299929942,51.00271963405814],[14.427849029574253,51.00275467338818],[14.427946606770396,51.00282056710111],[14.428015847666018,51.00290868188761],[14.428046929207547,51.00294159018102],[14.428090380062986,51.00296722397588],[14.428154475963172,51.00298647329162],[14.42828975211195,51.003007830353845],[14.428353712341934,51.00301192502249],[14.428491733753093,51.00299948724988],[14.428682068336002,51.00298850073314],[14.428785149010803,51.00298727735922],[14.428884877205846,51.002980319432865],[14.428997634770752,51.002970317644895],[14.429076845778047,51.00297437337016],[14.429177935881512,51.002997473996935],[14.429230118439637,51.00301206959949],[14.429261854050313,51.003034055945506],[14.42927393338858,51.003066404950054],[14.429289276066294,51.00309631502428],[14.429306923411929,51.00311762417504],[14.429351556073527,51.00313519425508],[14.429415133668,51.003144281555414],[14.429509698296954,51.00315779755623],[14.429668346277156,51.00316157278626],[14.429870425402958,51.00315113082645],[14.429971780410682,51.00314759741509],[14.430144176397754,51.00314159480817],[14.430369989880157,51.003126822432684],[14.43043537039303,51.00311779262054],[14.430741515370073,51.00300327750321],[14.430770198060054,51.0030039586256],[14.43078038635777,51.00300966868283],[14.430818546691405,51.00304058582945],[14.430856719249249,51.003071513091456],[14.430861275654438,51.00307403116325],[14.430995120824615,51.00314785659056],[14.431029802991883,51.00316820158355],[14.431222428479444,51.003355362186916],[14.431311250384436,51.00341896025122],[14.431342377319993,51.003433181191056],[14.431375095867068,51.00343150828072],[14.431409739320017,51.0034249576958],[14.431570006732901,51.00339158106157],[14.431632333691601,51.00336223477468],[14.43176179763629,51.00326031846163],[14.431796950982832,51.00324812327543],[14.431841606360512,51.003243601795546],[14.431924983245738,51.003243253400704],[14.431994218741712,51.00324689603644],[14.432115408461472,51.003264205771536],[14.432221356883371,51.00327556706724],[14.432320808752808,51.003281102866595],[14.432398759807425,51.003279058979594],[14.432504155882663,51.00327050252661],[14.432629636910379,51.003264140549824],[14.43280910704271,51.003261505381225],[14.432918943474917,51.003242328047314],[14.432971338397262,51.00324267771987],[14.432998984055981,51.003258755794455],[14.43304840315404,51.00332475283915],[14.433142790801273,51.00341418131231],[14.433168077989425,51.00343032710164],[14.433193326732377,51.00344645140603],[14.433364931092568,51.00359143863436],[14.433547333758657,51.0038381517935],[14.433614815451618,51.00392647261944],[14.433647694046119,51.00399916499934]]},"properties":{"OBJECTID":270894,"fid_zbg":"4074842303234048","jmeno":"Šluknovský potok","typtoku_p":"povrchový nesplavný","vydattok_p":"stálý","idvt":"10104877"}},{"type":"Feature","id":272860,"geometry":{"type":"LineString","coordinates":[[14.433821121677886,51.00257788948411],[14.43384661862751,51.00269003511937],[14.43385204725785,51.002780689833344],[14.433815496839816,51.00285868786825],[14.433831540528473,51.002944836998545],[14.433822748059509,51.002996652188905],[14.433860168468124,51.00303599624172],[14.433964409022975,51.0030875005245],[14.43398348301149,51.00311283375604],[14.433989430529772,51.0031793088646],[14.434050572151898,51.003284862803056],[14.434042507227407,51.00334304667177],[14.4339812510809,51.00345269092353],[14.433954274426496,51.003542260981355],[14.433952779509388,51.003562998987796],[14.43396575542199,51.003581997078236],[14.433996767827738,51.00360863711958],[14.434068898586425,51.00366569630907],[14.434120941907963,51.003717929809675],[14.434106419983276,51.00375775314722],[14.434100534205196,51.00379040433047],[14.434097712083465,51.0038060100238],[14.434091105312454,51.00384269965122],[14.43410652221621,51.00392354112902],[14.434099698497763,51.00407338668211],[14.434134129969916,51.00415275494604],[14.434141847379395,51.00421176217551],[14.43413835486209,51.00427265586418]]},"properties":{"OBJECTID":272860,"fid_zbg":"3237554","jmeno":null,"typtoku_p":"povrchový nesplavný","vydattok_p":"stálý","idvt":"10229447"}},{"type":"Feature","id":272861,"geometry":{"type":"LineString","coordinates":[[14.430310183661176,50.990123778844215],[14.430496195306388,50.99011985906531],[14.430566975295873,50.99010839567995],[14.43061593903157,50.990084424951775],[14.430653217257397,50.99005100296899],[14.430728913898044,50.99003815128287],[14.430832339785635,50.99003514405317],[14.43097957945949,50.99005215865292],[14.431133340508474,50.990069593405515],[14.431265517678124,50.99011353649987],[14.43139770476086,50.99014224679197],[14.431616085477117,50.99018576195935],[14.431795844587533,50.990209242631884],[14.431970924292902,50.99023903124589],[14.432076761090185,50.99024403467497],[14.432143292761973,50.990258822010645],[14.432260490501196,50.99025733424872],[14.432345559445587,50.990246927310295],[14.432417897056176,50.99021972025905],[14.432482991066069,50.99020994025644],[14.432610686756076,50.99021701993878],[14.433029626102664,50.99026903896461],[14.433261672283358,50.99038239956469],[14.433401516116852,50.990448062932735],[14.433561817236932,50.99054054089056],[14.433698069792836,50.990574953845915],[14.433755510032283,50.99057458052233],[14.433870069556374,50.99057398742568],[14.434057016948016,50.99059219020183],[14.434104321973198,50.99061302153059],[14.434152015814234,50.99065789344749],[14.434170926476272,50.99072219935093],[14.434280360999374,50.99086161005583],[14.43434082501107,50.99089305408821],[14.434479189844993,50.9909034335391]]},"properties":{"OBJECTID":272861,"fid_zbg":"3237770","jmeno":"Robotnický potok","typtoku_p":"povrchový nesplavný","vydattok_p":"stálý","idvt":"10236539"}},{"type":"Feature","id":273308,"geometry":{"type":"LineString","coordinates":[[14.375612749603965,51.006662265714134],[14.375547810009055,51.00664553529023],[14.375324488266845,51.006634871362806],[14.37511859468106,51.0066716399813],[14.374869196390978,51.006709515930616],[14.374708798250994,51.00670442654332],[14.374671464100159,51.00671006452735],[14.374587215427914,51.00674210118303],[14.37410559274705,51.00680364979498],[14.373940726708499,51.00682421198704],[14.373603183382087,51.00687735820838],[14.373416840148048,51.006898134346635],[14.373310610658674,51.006922174376555],[14.37322770883886,51.0069539646457],[14.373179495023392,51.006965277633675],[14.372966751915616,51.00694373553484],[14.372917290207083,51.00693579366226],[14.37278195599933,51.00692789625781],[14.372613965083081,51.00692332170476],[14.37255931990609,51.0069285386235],[14.37241112105029,51.00696098697748],[14.372294287400376,51.006959239027275],[14.372119681769847,51.00695662773984],[14.371906939673229,51.006979727528446],[14.371616962466927,51.00704944713943],[14.37150418585373,51.00707382217378],[14.371303929922682,51.00711016879166],[14.37113275661225,51.007136529058705],[14.37075015058633,51.007214139634634],[14.37054391986945,51.00726593421587],[14.370452508245727,51.00726631069132],[14.3703419192098,51.00726165733782],[14.370274158202665,51.007267653153306],[14.370053841195194,51.00724135296992],[14.369823436544898,51.00719466356637],[14.369093655960834,51.00714068911506],[14.368879728332177,51.00712409047434],[14.368250051731504,51.007122750681496],[14.367996723017457,51.00713814762527],[14.366774643059435,51.007131611068715],[14.366687377436682,51.00713951478231],[14.366626311131132,51.007172906316804],[14.366556756162803,51.00724168098352],[14.366519154067317,51.007289414783],[14.366474261421795,51.00734639416757],[14.366304514147389,51.007431254496595]]},"properties":{"OBJECTID":273308,"fid_zbg":"37751114254254080","jmeno":null,"typtoku_p":"povrchový nesplavný","vydattok_p":"občasný","idvt":"10236519"}},{"type":"Feature","id":273309,"geometry":{"type":"LineString","coordinates":[[14.375841445527552,51.00671787758081],[14.37572537133859,51.00669703516061],[14.375612749603965,51.006662265714134]]},"properties":{"OBJECTID":273309,"fid_zbg":"37751114203922432","jmeno":null,"typtoku_p":"povrchový nesplavný","vydattok_p":"stálý","idvt":"10236519"}},{"type":"Feature","id":274000,"geometry":{"type":"LineString","coordinates":[[14.5074951240291,50.99391699709771],[14.50745018006927,50.99389395220812],[14.507419864256928,50.99388190899261],[14.507339969184104,50.99382722642018],[14.507254859148308,50.993766742756435],[14.507179409836239,50.99371743200101],[14.507130881724947,50.99369447767437],[14.506998409311192,50.99369532433695],[14.506932711940646,50.99370872103864],[14.506866944604633,50.99373474845097],[14.506776782240694,50.99378991910454],[14.506690274087866,50.993846338560914],[14.506668361574043,50.9938586045258],[14.506623093267768,50.99387384990031],[14.506583732895013,50.9938797156253],[14.506566374786253,50.99388620482115],[14.506530240960474,50.99389323722462],[14.506491917177899,50.993898030962484],[14.506444085634856,50.99389679933134],[14.506405211531417,50.99389495968068],[14.50636881922896,50.993896136736915],[14.506335165242076,50.99390579555539],[14.506305952761227,50.99391485687415],[14.506268002713986,50.99393455110639],[14.506212114563201,50.99396075713708],[14.506117080687952,50.9940333429624],[14.50604767992237,50.99408888481759],[14.50602407271078,50.994117306557655],[14.505981410837258,50.994134590372724],[14.505892523784212,50.99416196591907],[14.505862917316326,50.99416553211722],[14.505828462759359,50.994162730062705],[14.505805061459856,50.99415600783662],[14.505798925589863,50.994137572339675],[14.505765801313686,50.99411424678391],[14.505676056803,50.99408126734413],[14.505600541960176,50.99405354941963],[14.505446343501882,50.99400426339035],[14.505303151825279,50.993987856679375],[14.50526487555652,50.993985378668064],[14.505211434566515,50.993995202869336],[14.505027604626997,50.994030880020965],[14.504847717994167,50.994099790140595],[14.504777565405787,50.994134392807425],[14.504737716168083,50.994159810652704],[14.504723545227773,50.994178820678485],[14.504697629462004,50.99421452763572],[14.50468032847224,50.99425320773641],[14.504655693046365,50.99430167985404],[14.504631165973944,50.99433688039342],[14.504593823523948,50.994385283839186],[14.504577696272372,50.994398047456656],[14.504366140654255,50.994597375823915],[14.50431761039457,50.9946337578519],[14.504256570328813,50.99468691607458],[14.504238718208113,50.994740780028394],[14.504235158436774,50.994812983390425],[14.504240549260269,50.99488447851788],[14.504214309974719,50.994933384058484],[14.504179617374199,50.99495688703582],[14.503809663226528,50.99504705538537],[14.50373673056745,50.99508586342302],[14.503621226124306,50.995166002222945],[14.503568083124932,50.995201705741536],[14.503513919890196,50.995240133635725],[14.503474889595735,50.99527306045758],[14.50340284675876,50.99532836466852],[14.503384850610624,50.99536174142467],[14.503370786420993,50.99539953891236],[14.503327018866539,50.99547034036196],[14.503298457378948,50.99550271688427],[14.503276735266777,50.99552007889015],[14.503239662329003,50.99553729873466],[14.503145009092357,50.99555754480796],[14.503100316038958,50.995564129786835],[14.503031003153346,50.99556424090378],[14.5029501086919,50.995550563883455],[14.502922274494699,50.99554293334241],[14.502891707024267,50.99553411496525],[14.5028268926025,50.99550829627437],[14.502790392969448,50.99549626381342],[14.502765304807532,50.995491291772986],[14.502655392884249,50.99548436955402],[14.502579806625105,50.99548158168151],[14.50239420513633,50.995479664051544]]},"properties":{"OBJECTID":274000,"fid_zbg":"4076449057210368","jmeno":"Rožanský potok","typtoku_p":"povrchový nesplavný","vydattok_p":"stálý","idvt":"10101135"}},{"type":"Feature","id":274565,"geometry":{"type":"LineString","coordinates":[[14.494102909841406,51.01294734329458],[14.493707940902661,51.01264869157568],[14.493671651269674,51.01262633366538],[14.493572256020002,51.012553362748456],[14.493487770840252,51.01249170031794],[14.493447963450164,51.01246732474696],[14.49341996568605,51.012442868713016],[14.49340178945103,51.01241389724395],[14.493335557542188,51.01235985780855],[14.49303681502635,51.0119397106556],[14.493008990996767,51.01191545087193],[14.492941658162662,51.011842519524755],[14.492864298980344,51.01175153338679],[14.492856453209193,51.01173044601011],[14.492859287893314,51.011712102104696],[14.492859823296264,51.01169169134472],[14.49261419081375,51.01129123090852]]},"properties":{"OBJECTID":274565,"fid_zbg":"3335516","jmeno":null,"typtoku_p":"povrchový nesplavný","vydattok_p":"stálý","idvt":"10231840"}},{"type":"Feature","id":274789,"geometry":{"type":"LineString","coordinates":[[14.500926666322982,50.97736075802092],[14.500913214016034,50.97745158718799],[14.500917886545514,50.97746786531595],[14.500929780364263,50.97747732662055],[14.500976517911889,50.977497772542826],[14.501070481440157,50.97753108609206],[14.501159289508369,50.97756431834316],[14.501194569970455,50.9775706231793],[14.501249774530114,50.97757184037933],[14.50129722596426,50.97757701633152],[14.501328216541136,50.97758322376053],[14.501397813218464,50.97761625248373],[14.501434151435095,50.9776256420404],[14.50158435464451,50.977642752834285],[14.501828828437182,50.97764514955671],[14.502006648211907,50.977687472118085],[14.50203339343987,50.977698031012494],[14.502088926635578,50.9777462678747],[14.502149956702347,50.977782368384325],[14.502175170081502,50.97778671721734],[14.502289538173049,50.97777016874516],[14.502334034734583,50.97776574583767],[14.502467606921854,50.97776073942875],[14.50249940532912,50.977771189111884],[14.502568411760484,50.97779864150685],[14.502604205614377,50.97782484818732],[14.502693870927065,50.9778973429589],[14.502730979906689,50.97796766994368],[14.502725211259143,50.97800899392357],[14.502666837887165,50.97808162080886],[14.502680234529544,50.97814065239459],[14.502749738101146,50.978299134511886],[14.502711099507962,50.97847061955425],[14.502660608398157,50.97852405817391],[14.502398082901944,50.97866628214043],[14.5023810859491,50.97870237535469],[14.50237357136037,50.978737679540856],[14.50232168357301,50.97878461126115],[14.502280264424213,50.97883636359192],[14.502270938300422,50.97888304196603],[14.502313707137617,50.97890975867183],[14.502418316226374,50.97899463526953],[14.502456906173933,50.979053722899856],[14.502446783216731,50.97909258536411],[14.502433076750044,50.979119436634576],[14.502389096210083,50.979145404199826],[14.502375641095146,50.97915912306578],[14.502359324140565,50.97919073897195],[14.50236256830345,50.97926150593409],[14.502353597250377,50.97932296556419],[14.502349915134639,50.979335348904456],[14.502341199059089,50.97934775228477],[14.50227266395456,50.97937496162467],[14.502220577147636,50.979403859704384],[14.5021953413845,50.97942155341231],[14.502173815990188,50.97946396971055],[14.502219521607882,50.97956633472365],[14.502243025622873,50.979615169284145],[14.502271259706188,50.97975249797563],[14.502291046234484,50.979783957440155],[14.502355086418865,50.97982276617485],[14.502443597530691,50.979864045240355],[14.502478692216608,50.97988784199984],[14.50253058599942,50.979936309201875],[14.502514993732968,50.98003239698441],[14.502526688936138,50.98005009621865],[14.50259483949134,50.98009715118279],[14.50259758222011,50.98011770810963],[14.502574263602916,50.98013583917315],[14.5025189678747,50.980184237495635],[14.502506599613028,50.98021646565003],[14.502494480112384,50.98028890308625],[14.502486872720311,50.98030748003919],[14.502453202707958,50.98033560571413],[14.502385390890616,50.98036278680443],[14.502260300552942,50.980381043290805],[14.502196953190904,50.980395545453355],[14.502155376474985,50.9804183635127],[14.502040196018184,50.980535720409584],[14.501934788550633,50.98064974593528],[14.50180741228967,50.98074373579292],[14.50150016528504,50.98090596601798],[14.501489877780065,50.98091632895706],[14.50148449599151,50.98092793087866],[14.501492852707134,50.980976368121915],[14.501496990812205,50.98101573312405],[14.501488947223349,50.98103100664829],[14.501466442064732,50.981050024086585],[14.50138517759904,50.98110353353383],[14.50138271928625,50.98112155605287],[14.501484975030507,50.98121627284814],[14.501532595011167,50.9812924947911],[14.501545987644624,50.981326941640056],[14.501534480317563,50.981348267079724],[14.501439429608586,50.98138444147853],[14.50142290985735,50.98140030037075],[14.50142817146621,50.98142914817006],[14.50145253222963,50.98148472437291],[14.501485023556267,50.98156644712792],[14.501529823839437,50.98162845565998],[14.501538869001994,50.981659080791346],[14.501535839345713,50.98168240643789],[14.501528110453831,50.98169289903917],[14.501447716769428,50.98180354499653],[14.50141939188739,50.98189935264052],[14.501373987845454,50.98194565430628],[14.501303771955099,50.98200528631956],[14.501247389705814,50.98204220567764],[14.50115607677331,50.98207371244209],[14.501006224270466,50.98211342189052],[14.500762566756965,50.982255999318824],[14.500581232555932,50.982428710477116],[14.50024834054384,50.9826563145766],[14.500081182825035,50.98269562108992],[14.499741300367917,50.98277139527264],[14.499481694836708,50.98277896940016],[14.499424415493015,50.98280061555698],[14.499341123377622,50.982867466349866]]},"properties":{"OBJECTID":274789,"fid_zbg":"3348978","jmeno":null,"typtoku_p":"povrchový nesplavný","vydattok_p":"stálý","idvt":"10234281"}},{"type":"Feature","id":275613,"geometry":{"type":"LineString","coordinates":[[14.460862394320223,50.98093172945052],[14.460795964478267,50.98095750244744],[14.460715626504863,50.980998620840914]]},"properties":{"OBJECTID":275613,"fid_zbg":"4058804039712768","jmeno":null,"typtoku_p":"povrchový nesplavný","vydattok_p":"stálý","idvt":"11000487"}},{"type":"Feature","id":275672,"geometry":{"type":"LineString","coordinates":[[14.382317835564361,51.01990406889066],[14.382279556884384,51.01993566937618],[14.382199319535529,51.01997296204559],[14.382069481655577,51.02003442687743],[14.382021118623975,51.02021652569546],[14.381946612006157,51.02034139759051],[14.381843326691383,51.02045571501427],[14.381732072356643,51.02054465795684],[14.381612938262899,51.02060124740656],[14.381444488519442,51.02070961767088],[14.381308218310085,51.02085236663408],[14.38123408272274,51.02089200496139],[14.381130049118186,51.02092232499831]]},"properties":{"OBJECTID":275672,"fid_zbg":"4074284192366592","jmeno":null,"typtoku_p":"povrchový nesplavný","vydattok_p":"stálý","idvt":"10231825"}},{"type":"Feature","id":276380,"geometry":{"type":"LineString","coordinates":[[14.468630514620312,50.98828119764681],[14.4685653183869,50.98835050213134],[14.468682394925418,50.9884177727683],[14.468738902107397,50.98846475029073],[14.468755292742618,50.98851642695475],[14.468728370399187,50.98866243318761],[14.468677417207,50.988907973087144],[14.468591016436376,50.9890233474406],[14.468481304844229,50.98914877395202],[14.468464310905967,50.98918404857745]]},"properties":{"OBJECTID":276380,"fid_zbg":"3238077","jmeno":null,"typtoku_p":"povrchový nesplavný","vydattok_p":"stálý","idvt":"10222429"}},{"type":"Feature","id":276442,"geometry":{"type":"LineString","coordinates":[[14.477518528783131,51.0193838163461],[14.477501308209138,51.01929142922461],[14.477521689762424,51.01916028218011],[14.477518991249491,51.01898831597635],[14.477495979038993,51.01884834541872],[14.4774716468098,51.01878404868242],[14.477468769448004,51.018739674138324],[14.47748289642312,51.01868646058641],[14.477494943998662,51.018643500494],[14.477497059947947,51.01860521762337],[14.477495981532035,51.01857437042531],[14.477498791230742,51.018545491585925],[14.477519481837891,51.01847460944687],[14.477537533207496,51.01840594909077],[14.477553076953354,51.01833426009503],[14.477547340917162,51.018269172460094],[14.477518782791758,51.018224433336904],[14.477478333556762,51.018177489083314],[14.477445086383645,51.01811855595505],[14.477413971634022,51.01805708514838],[14.47736338635298,51.01792090486703]]},"properties":{"OBJECTID":276442,"fid_zbg":"3349453","jmeno":null,"typtoku_p":"povrchový nesplavný","vydattok_p":"stálý","idvt":"10236524"}},{"type":"Feature","id":276805,"geometry":{"type":"LineString","coordinates":[[14.439885298761787,50.98556015129281],[14.439892493770724,50.98560816210437],[14.43991079556014,50.98573702152731],[14.439874447885835,50.98583739292487],[14.439821390194796,50.98589893636075],[14.439713936689689,50.98599314638653],[14.439538765129498,50.98609800099369],[14.439489506515368,50.986184370176716],[14.43949320694691,50.98634889995318],[14.439368794027763,50.98647659784554],[14.439065040834825,50.98672849480229]]},"properties":{"OBJECTID":276805,"fid_zbg":"3237854","jmeno":null,"typtoku_p":"povrchový nesplavný","vydattok_p":"stálý","idvt":"10229467"}},{"type":"Feature","id":276916,"geometry":{"type":"LineString","coordinates":[[14.457768948282514,50.99225858049744],[14.457980893139753,50.99231363534084],[14.458453241131927,50.99247070190602],[14.458531886821222,50.9924918374049],[14.45861949257001,50.992501499837644],[14.458806331228747,50.99251693081146],[14.458932753933908,50.992511351091494],[14.45900441506326,50.99251301155972],[14.459065339931541,50.99252571925159],[14.459108558010607,50.99253801169923],[14.459123199109163,50.99269994188961],[14.459030997781317,50.99299179577225]]},"properties":{"OBJECTID":276916,"fid_zbg":"3238072","jmeno":null,"typtoku_p":"povrchový nesplavný","vydattok_p":"stálý","idvt":"10229448"}},{"type":"Feature","id":278059,"geometry":{"type":"LineString","coordinates":[[14.401081057257574,50.99078429583378],[14.40091475982019,50.99079859506134],[14.400810516333296,50.990792068936955],[14.400679885263935,50.99075956577276],[14.400380126643418,50.990637132474184],[14.400261802854233,50.99056604807891],[14.400198546437775,50.990554194451924],[14.40005615909306,50.99058672301668],[14.399855914691793,50.99063336383398],[14.399568295994525,50.99068773813796],[14.39910730027572,50.9907243075599],[14.398871781068292,50.990783684317755],[14.398747927637183,50.99078795372983],[14.398583295175651,50.99078079959223],[14.398356564123318,50.99083284635032],[14.398261307279235,50.99083190874625],[14.3980854109428,50.99085262783186],[14.397890915725181,50.99087490427764],[14.397840003093993,50.9909118501345],[14.397811492122521,50.990975243534855],[14.39783459884581,50.99115709145253],[14.397811858131217,50.99122434409083],[14.397768284662826,50.99124677565519],[14.397648020524938,50.99126935822219],[14.397560831671012,50.99126583744947],[14.397513203270742,50.99126931537067],[14.39743995569777,50.99131702084839],[14.397360449263868,50.991344673610826],[14.397240882457396,50.991359585810436],[14.397102845038617,50.99134848295966],[14.396907273310376,50.991363432725116],[14.396674260722857,50.991376158799206],[14.396477950673086,50.9913751376786],[14.39627627929273,50.991373649717936],[14.39580022997352,50.991392201833996],[14.395149234549212,50.99144026043779],[14.39499460917917,50.99145638409453],[14.394890298400316,50.9914751622805],[14.394745730456647,50.9915182928408],[14.394569443494321,50.9915907833128],[14.394479916565126,50.991596511513826],[14.394199369913148,50.9915585756358],[14.393889126725389,50.99153113856516],[14.393645163842725,50.99153737993797],[14.393303597130238,50.99155828130779],[14.39318114092634,50.99158956095339],[14.393065752754245,50.991630338777526],[14.392569771836989,50.991905714632324],[14.392265153105765,50.992070017106336],[14.392150375016172,50.99212417648857],[14.392057231957484,50.99215236302911],[14.391920399825683,50.99217257248383],[14.391741528008774,50.99217133781679],[14.391373811361653,50.9921342454867],[14.391055402971586,50.99211823091925],[14.390909911190583,50.99211227909909],[14.390835109999257,50.99212002165213],[14.390194001726503,50.99225225681549],[14.3900596139362,50.99228995330883],[14.38998734999638,50.9923304816904],[14.389948997596397,50.99233821234428],[14.38984387562458,50.99233746184721],[14.38972204672569,50.99235565423015],[14.389663663636163,50.99237806410215],[14.38960199140167,50.99240499661511],[14.389443800669833,50.99247159752061],[14.389359360456513,50.99249284542734],[14.389180970559877,50.99254727066371],[14.389027873722673,50.9926116106896],[14.388912696405592,50.992666912197954],[14.388722478965187,50.99277674534006],[14.388595285844085,50.99287056162437],[14.388473835449208,50.99297296254863],[14.38845132450312,50.9929924071792],[14.388429565816217,50.99301038385788],[14.388284616748143,50.99311043897773],[14.388121210666359,50.99320547500196]]},"properties":{"OBJECTID":278059,"fid_zbg":"3308026","jmeno":null,"typtoku_p":"povrchový nesplavný","vydattok_p":"stálý","idvt":"10229461"}},{"type":"Feature","id":279436,"geometry":{"type":"LineString","coordinates":[[14.455690547481252,51.01773391904101],[14.455724718249606,51.01805722906027]]},"properties":{"OBJECTID":279436,"fid_zbg":"4157769397567488","jmeno":null,"typtoku_p":"podzemní","vydattok_p":"stálý","idvt":"10222413"}},{"type":"Feature","id":279585,"geometry":{"type":"LineString","coordinates":[[14.46709255079767,51.0250975390334],[14.466842517654435,51.02499417469642],[14.466735453532237,51.02497711953267],[14.46664101022985,51.02498522249641],[14.466352473431215,51.025090368235844],[14.466154753800978,51.02511922861744],[14.466066717269177,51.02513207571348],[14.465767772381302,51.025163961610744],[14.46547678503049,51.02519762260283]]},"properties":{"OBJECTID":279585,"fid_zbg":"3335547","jmeno":null,"typtoku_p":"povrchový nesplavný","vydattok_p":"stálý","idvt":"10227162"}},{"type":"Feature","id":279792,"geometry":{"type":"LineString","coordinates":[[14.47784643157718,50.97941365746344],[14.478122268819021,50.9795268326344],[14.478349132177351,50.97964185745624],[14.47864749801044,50.97986466271417],[14.478870827823417,50.98015954533042]]},"properties":{"OBJECTID":279792,"fid_zbg":"3239098","jmeno":null,"typtoku_p":"povrchový nesplavný","vydattok_p":"stálý","idvt":"10234266"}},{"type":"Feature","id":279853,"geometry":{"type":"LineString","coordinates":[[14.468643909312682,50.990201229165294],[14.468895172560565,50.99075122525387]]},"properties":{"OBJECTID":279853,"fid_zbg":"3238011","jmeno":null,"typtoku_p":"podzemní","vydattok_p":"stálý","idvt":"10220076"}},{"type":"Feature","id":280012,"geometry":{"type":"LineString","coordinates":[[14.437725091927582,51.00534523248334],[14.437754143701243,51.005271075165865],[14.437771316661614,51.00522474023014],[14.437792759376677,51.00509442554371]]},"properties":{"OBJECTID":280012,"fid_zbg":"3237562","jmeno":null,"typtoku_p":"podzemní","vydattok_p":"stálý","idvt":"10222419"}},{"type":"Feature","id":280420,"geometry":{"type":"LineString","coordinates":[[14.39007647180214,50.98745475799093],[14.389734220235127,50.98769818286374],[14.38892550036224,50.988254061924],[14.388706584472963,50.988411735408675]]},"properties":{"OBJECTID":280420,"fid_zbg":"3238064","jmeno":null,"typtoku_p":"podzemní","vydattok_p":"stálý","idvt":"10236545"}},{"type":"Feature","id":280570,"geometry":{"type":"LineString","coordinates":[[14.45283530052962,50.98661731167673],[14.452867386627075,50.986752820323034],[14.452890344759492,50.98682248856188],[14.452893187738438,50.986876897950985],[14.452878003222137,50.98693555377576],[14.452851902407764,50.98700542222267],[14.452855648819051,50.98705501059112],[14.452856109214624,50.98710649202226],[14.452912944488157,50.98739474724066],[14.452933337470496,50.98742527203978],[14.452926295083866,50.9874868098606],[14.45290137732398,50.98756512747777],[14.452903935663713,50.98765525820776],[14.452933492356339,50.987760063919424],[14.452944788164539,50.98785430757349],[14.45297636912363,50.98798950011978],[14.452977926795537,50.9882086471009],[14.453028643843805,50.98847015274682]]},"properties":{"OBJECTID":280570,"fid_zbg":"3238007","jmeno":null,"typtoku_p":"povrchový nesplavný","vydattok_p":"stálý","idvt":"10229448"}},{"type":"Feature","id":280998,"geometry":{"type":"LineString","coordinates":[[14.46938021370596,50.999074656928634],[14.469047022441211,50.99947662956957],[14.468877788524146,50.99965298345476],[14.4687359145399,50.99981455381046],[14.468239675830125,51.000324391410224],[14.468172010908786,51.00041043061953],[14.468169656515816,51.000425922275234],[14.468145276723632,51.000825264210555],[14.468142358746322,51.00084732993888],[14.468090135748856,51.00117486400791],[14.468070478319946,51.00120582622012],[14.468011986687761,51.00126799938343],[14.467970227526571,51.00131401764018]]},"properties":{"OBJECTID":280998,"fid_zbg":"3356280","jmeno":null,"typtoku_p":"povrchový nesplavný","vydattok_p":"stálý","idvt":"10229448"}},{"type":"Feature","id":281448,"geometry":{"type":"LineString","coordinates":[[14.389799430317918,50.98237397459402],[14.389763464973713,50.9823921293754]]},"properties":{"OBJECTID":281448,"fid_zbg":"3237098","jmeno":"Vilémovský potok (Poustevenský potok)","typtoku_p":"povrchový nesplavný","vydattok_p":"stálý","idvt":"10100689"}},{"type":"Feature","id":281643,"geometry":{"type":"LineString","coordinates":[[14.387629330791913,50.9814940606157],[14.387786572472097,50.981589330693765],[14.387826464218131,50.981634490376806],[14.387844833153952,50.98167861912463],[14.387851576511043,50.98178638570997],[14.387909584304248,50.98193831538047],[14.387912578317353,50.98199017860907],[14.387872535840707,50.98208386151964],[14.38787765309473,50.98212410474136],[14.387922430035855,50.98219498747824],[14.38798347737334,50.982257460530505]]},"properties":{"OBJECTID":281643,"fid_zbg":"4075888714973184","jmeno":null,"typtoku_p":"povrchový nesplavný","vydattok_p":"stálý","idvt":"10227191"}},{"type":"Feature","id":282208,"geometry":{"type":"LineString","coordinates":[[14.453121444909348,50.98062993312511],[14.453210410712803,50.98073117134781],[14.453325423683655,50.98078394780763],[14.453474887630133,50.98083625802186],[14.453638266650405,50.98088405650229],[14.453830138707831,50.980920439420785],[14.453940575596757,50.98094333322163],[14.454049919248812,50.980963319798995],[14.454155203693338,50.98097751144156],[14.45420045324778,50.980977616678835],[14.454378859621052,50.98096747041874],[14.454422816181582,50.980942423338185],[14.454479567702403,50.98090478383418]]},"properties":{"OBJECTID":282208,"fid_zbg":"3238555","jmeno":null,"typtoku_p":"povrchový nesplavný","vydattok_p":"stálý","idvt":"10229475"}},{"type":"Feature","id":282565,"geometry":{"type":"LineString","coordinates":[[14.455653162917766,51.02228467115503],[14.455597614073634,51.02230013711699],[14.455483282534445,51.02233231359018],[14.45541962453645,51.02237834198043],[14.455397314394661,51.022436654129855],[14.45541803699139,51.022539874879875],[14.455417229598812,51.0225799958075],[14.455422018493927,51.022614884886266]]},"properties":{"OBJECTID":282565,"fid_zbg":"3237326","jmeno":null,"typtoku_p":"povrchový nesplavný","vydattok_p":"stálý","idvt":"10227166"}},{"type":"Feature","id":282994,"geometry":{"type":"LineString","coordinates":[[14.451034110082006,51.03053044341672],[14.451030017821166,51.03062396212139]]},"properties":{"OBJECTID":282994,"fid_zbg":"3794255025799168","jmeno":null,"typtoku_p":"podzemní","vydattok_p":"stálý","idvt":"10227161"}},{"type":"Feature","id":283703,"geometry":{"type":"LineString","coordinates":[[14.435721087133528,51.00665129330062],[14.435591781233686,51.006571735004506],[14.435541789807976,51.00653377052447],[14.435530968065033,51.006497140408634],[14.435545506927674,51.006478113336925],[14.435592037086627,51.00643678093157],[14.435776613727217,51.00623698589807],[14.435823758488143,51.0062226892274]]},"properties":{"OBJECTID":283703,"fid_zbg":"4130789453201408","jmeno":null,"typtoku_p":"povrchový nesplavný","vydattok_p":"stálý","idvt":null}},{"type":"Feature","id":283821,"geometry":{"type":"LineString","coordinates":[[14.451030017821166,51.03062396212139],[14.451054488991646,51.03078329433613],[14.451089603501966,51.030889248244605]]},"properties":{"OBJECTID":283821,"fid_zbg":"1901799741064570","jmeno":null,"typtoku_p":"povrchový nesplavný","vydattok_p":"stálý","idvt":"10227161"}},{"type":"Feature","id":286018,"geometry":{"type":"LineString","coordinates":[[14.462248929676397,50.97903246115081],[14.462078574662087,50.97915742810912]]},"properties":{"OBJECTID":286018,"fid_zbg":"3349410","jmeno":null,"typtoku_p":"povrchový nesplavný","vydattok_p":"stálý","idvt":"10220076"}},{"type":"Feature","id":290948,"geometry":{"type":"LineString","coordinates":[[14.450819989203314,51.02668523205777],[14.450870114336471,51.02671472454718],[14.450929241155713,51.02674800747689],[14.450966307384281,51.026778475468426],[14.45101731272549,51.026817815027606],[14.451059313996046,51.026862572439036]]},"properties":{"OBJECTID":290948,"fid_zbg":"3237422","jmeno":null,"typtoku_p":"povrchový nesplavný","vydattok_p":"stálý","idvt":"10227160"}},{"type":"Feature","id":291119,"geometry":{"type":"LineString","coordinates":[[14.394247123341934,50.979437916005025],[14.39418516894546,50.97946228408712],[14.394159429974197,50.97947220204332],[14.393737798760569,50.979609982067984],[14.393390062848809,50.979794390675615],[14.39326747957789,50.97982454972401],[14.392965667172579,50.979840192888965],[14.392802480094822,50.97988514510128],[14.392693899701442,50.97995318045668],[14.39265741143215,50.98001097860189],[14.392690374972492,50.980105492809805],[14.39267413004423,50.98015352993693],[14.392559770407173,50.980205909006],[14.392531458148275,50.98028220342236],[14.392432696770685,50.98036252641073],[14.392398299356318,50.98041996215229],[14.392228597021214,50.98060589596706],[14.392093568502323,50.98082588075386],[14.39194900082613,50.98097044918592],[14.391608257711423,50.98108922493405],[14.391403121649002,50.98119784980204],[14.391301885054906,50.981302637085335],[14.391181702880258,50.98139479539824],[14.391119246023731,50.9815148460018],[14.390887855294595,50.98163769815014],[14.39075381382976,50.98172683455658]]},"properties":{"OBJECTID":291119,"fid_zbg":"3335056","jmeno":"Vilémovský potok (Poustevenský potok)","typtoku_p":"povrchový nesplavný","vydattok_p":"stálý","idvt":"10100689"}},{"type":"Feature","id":291497,"geometry":{"type":"LineString","coordinates":[[14.467679694559132,50.987936492175244],[14.467673856659443,50.98803033995177],[14.467708390240935,50.98809047951712],[14.467755508587185,50.98818073789352],[14.467783124140878,50.98820716567583],[14.467840427829573,50.98823588646413],[14.46786002950102,50.98825817430435],[14.467912374561207,50.98833427773948],[14.467902258883827,50.98836633623896],[14.467871492525607,50.98844986497773],[14.467819816118727,50.98854165728658],[14.467827669662269,50.988615458781915],[14.467888082481458,50.98873190530833],[14.468088003203922,50.988984514754456],[14.468234044733256,50.989108450030464],[14.468271524573405,50.98917555732994],[14.468295974951735,50.989214594116966]]},"properties":{"OBJECTID":291497,"fid_zbg":"3238012","jmeno":null,"typtoku_p":"povrchový nesplavný","vydattok_p":"stálý","idvt":"10220076"}},{"type":"Feature","id":292030,"geometry":{"type":"LineString","coordinates":[[14.460861171645226,50.98021418125826],[14.461011073789257,50.98062741327307]]},"properties":{"OBJECTID":292030,"fid_zbg":"4058803435732992","jmeno":null,"typtoku_p":"povrchový nesplavný","vydattok_p":"stálý","idvt":"11001286"}},{"type":"Feature","id":292951,"geometry":{"type":"LineString","coordinates":[[14.42646097222051,51.01820622731868],[14.426660730616126,51.01826825783863],[14.42668313366257,51.018322550922804],[14.426603276290942,51.018426952065184],[14.4266326328484,51.01846451874249],[14.426742772978532,51.018491124864795],[14.42697853807374,51.018511565088154],[14.427039446902704,51.01856012344272],[14.427059282940807,51.01863742050344],[14.427075745668791,51.018701813755136],[14.427047560769314,51.01887075756593],[14.42710756764355,51.01891025545215],[14.427271743475872,51.018944358138924],[14.427319680197005,51.018986438655915],[14.427406790110417,51.01919069096708],[14.427497313058169,51.01924725997253],[14.427729085801504,51.019312444523536],[14.42795588491384,51.019454589196215],[14.428013739537846,51.01950397081545],[14.428098252397984,51.019535975085596],[14.428144578528036,51.01957092939649],[14.428194172778865,51.01962059286796],[14.428239555957392,51.01968232113444],[14.428295928122365,51.019708801109495],[14.428441666849698,51.01976679845482],[14.428505215034809,51.019812499744084],[14.428586218533027,51.01990616716013],[14.42864894514664,51.01994045602702],[14.428729532138702,51.01996803664376],[14.428841676679397,51.020011871111386],[14.429050334618246,51.02007423245345],[14.429217558682051,51.02013926242723],[14.42933703617777,51.02022074921093],[14.429430819770689,51.020307267192436],[14.42951460413748,51.02035054815853],[14.429579027179228,51.02039224172956],[14.429612528926105,51.02044050963031],[14.429634096491089,51.02052176640655],[14.429656541236135,51.02053759315397],[14.429725687302918,51.02058005886186],[14.429754642561766,51.02061024058411],[14.429804267773886,51.020646568688115],[14.42980344419941,51.02066355427947],[14.429718542375417,51.020714534465114],[14.429697805140759,51.0207456716717],[14.429697945034787,51.02076219639615],[14.4297430255613,51.020794955132104],[14.429752342454377,51.02081227520664],[14.429755903081796,51.020832906996006],[14.429802270649477,51.02085579710309],[14.429809978473482,51.02087588102919],[14.429807759825888,51.020937565613316],[14.429817122079776,51.02095071609521],[14.429832287940322,51.02097090201163],[14.429832518378774,51.02099097299008],[14.429815498343807,51.021013631707],[14.429820660612075,51.02102823275721],[14.429837637239372,51.02103614579407],[14.42993071375166,51.02104602696638],[14.429960876599145,51.021064064901154],[14.430019174059577,51.02109624509523],[14.430077726929902,51.02114904275477],[14.430080689515952,51.021182324674974],[14.430139633720662,51.02125511646464],[14.430167602453322,51.02128058536662],[14.43019531365731,51.02129469088301],[14.430216160642855,51.021314552509985],[14.430208571054221,51.02133222192209],[14.430137731037783,51.021387324409524],[14.43013357945072,51.02140638051061],[14.43015037409709,51.021423713473176],[14.430215025522138,51.02145644416797],[14.430319471155787,51.02148545591382],[14.430358563686061,51.02151070928345],[14.430465574834763,51.02160454183392],[14.430511761355314,51.02162496619808],[14.430579413813652,51.02165977127904]]},"properties":{"OBJECTID":292951,"fid_zbg":"3237178","jmeno":null,"typtoku_p":"povrchový nesplavný","vydattok_p":"stálý","idvt":"10236505"}},{"type":"Feature","id":293671,"geometry":{"type":"LineString","coordinates":[[14.456797564024024,50.988720011075145],[14.456947281718323,50.98885072252812],[14.457015183848485,50.988914024821554],[14.457057468762816,50.98903771159641],[14.457047804791644,50.9890782463478],[14.45701877621102,50.989113295690736],[14.456888716351733,50.98918796267876],[14.456847457887548,50.98921518605624],[14.456769464994913,50.989269915228135],[14.456707224002443,50.98933087881282],[14.456681957356809,50.98938110521189],[14.456687113484683,50.989439579007524],[14.456738363742476,50.98949576165244],[14.456780152042677,50.98953567534481],[14.456818095118935,50.98956416980807],[14.457008981966444,50.98967013563214],[14.457015366109738,50.98969237111904],[14.456992517612923,50.98982076677521],[14.456988278619397,50.989844260818934],[14.456928861001138,50.9899623261595],[14.456895303661172,50.98999108667128],[14.456884175847831,50.99001452921683],[14.456955911900435,50.99025395186263],[14.456922862076203,50.99030837705072],[14.456746305930105,50.990558358771956],[14.456635098533075,50.99073194100082]]},"properties":{"OBJECTID":293671,"fid_zbg":"3238000","jmeno":null,"typtoku_p":"povrchový nesplavný","vydattok_p":"stálý","idvt":"10231858"}},{"type":"Feature","id":293855,"geometry":{"type":"LineString","coordinates":[[14.451089603501966,51.030889248244605],[14.451107061335794,51.03102955694839],[14.451144015945655,51.03122193062592],[14.451142086099434,51.03126951199547],[14.451134867137297,51.03128418394816],[14.450962791201084,51.031422929192175]]},"properties":{"OBJECTID":293855,"fid_zbg":"1901799892059514","jmeno":null,"typtoku_p":"podzemní","vydattok_p":"stálý","idvt":"10227161"}},{"type":"Feature","id":293923,"geometry":{"type":"LineString","coordinates":[[14.453805108266408,50.989524615287046],[14.453818492718135,50.9896741097591],[14.45385418292573,50.989808931354744],[14.453904964970523,50.98985905079645],[14.453951517295804,50.98988893534115],[14.454065536146548,50.98993382034039],[14.454095366214123,50.98995862898615],[14.454095520151993,50.98997578943794],[14.454055518199569,50.99005869924304],[14.453983454267101,50.9902362743269],[14.453918354262823,50.99037516774169],[14.453868256887123,50.9905025668687],[14.453841983328756,50.99053749116739],[14.453844488036326,50.99055177034221],[14.45385926840587,50.99056711160874],[14.453888065318298,50.99057550027937],[14.454019406256718,50.99058432348235],[14.454082482279542,50.990585788794476],[14.454124454626964,50.99057653712864],[14.454164347915778,50.99056229712117],[14.454192423270296,50.990562095085885],[14.45425540826001,50.99056464113838],[14.45434277649712,50.99058199826893],[14.454441724169898,50.990603623241995],[14.454534098263256,50.99062440723995],[14.454858281237176,50.990687836105835],[14.455392083194846,50.99076304682535]]},"properties":{"OBJECTID":293923,"fid_zbg":"3238002","jmeno":null,"typtoku_p":"povrchový nesplavný","vydattok_p":"stálý","idvt":"10229448"}},{"type":"Feature","id":294115,"geometry":{"type":"LineString","coordinates":[[14.50016532657452,51.046548848797904],[14.499987406534416,51.046571010896244],[14.499828348567291,51.046583818611666],[14.499615996983483,51.0465868712727],[14.49939912044773,51.04657293344123],[14.499238616030313,51.04655186988045],[14.498982380424682,51.046495719463366],[14.49878676801851,51.04643607478261],[14.498662917728815,51.046389950996414],[14.498551481183103,51.0463429899333],[14.498427254740381,51.04628331689901],[14.498259622970636,51.04619015495971],[14.498117402797638,51.04609727384848],[14.497996766275207,51.046007065814266],[14.497907709859057,51.04593118609847],[14.497807163131077,51.04583127599365],[14.497733039184478,51.04574824421952],[14.497673895928557,51.04567312346454],[14.497599153942378,51.04556636161273],[14.497513615715183,51.04543435902529],[14.497436035630773,51.0453300742803],[14.497330930877121,51.045201377373374],[14.497218426226171,51.045086921002856],[14.497114825534307,51.04498983154602],[14.49700337103389,51.04489578554595],[14.496889462192843,51.04481041836208],[14.496701937165204,51.04469086702881],[14.496538724136014,51.04460724426828],[14.49639235070028,51.044546207029455],[14.496190506133924,51.044464883908944],[14.496021414017614,51.04440443123628],[14.495805800145462,51.04433552986979],[14.495633997011169,51.04428427772574],[14.495450782229202,51.044237214067564],[14.4952147981424,51.044179984463916],[14.494977008012164,51.04413176123575],[14.494487062492937,51.044042513474885],[14.493860804154185,51.043926200019044],[14.49355688906796,51.04387500374343],[14.493299757463816,51.043838356659045],[14.492771595452682,51.0437787418035],[14.492092728666321,51.04370070796676],[14.491159403275732,51.04359695273527]]},"properties":{"OBJECTID":294115,"fid_zbg":"4309545874620416","jmeno":"Spréva","typtoku_p":"povrchový nesplavný","vydattok_p":"stálý","idvt":"10100441"}},{"type":"Feature","id":294916,"geometry":{"type":"LineString","coordinates":[[14.379060554369685,50.98660391919664],[14.379050146441305,50.98665010540336],[14.379018071554471,50.98669485654235],[14.378899032668249,50.9868078844938],[14.378843388237309,50.98687099722766],[14.378753508081214,50.986997274163386],[14.378705285638704,50.98708099643872],[14.378698336337676,50.98714481528847],[14.37870337452584,50.98721521421415],[14.37874371524476,50.9872726298048],[14.378792858266403,50.98730558727678],[14.37899440400721,50.987415347210295],[14.379100511404049,50.98748756945457],[14.37911154129526,50.987516659978525]]},"properties":{"OBJECTID":294916,"fid_zbg":"3237749","jmeno":null,"typtoku_p":"povrchový nesplavný","vydattok_p":"stálý","idvt":"10100689"}},{"type":"Feature","id":295508,"geometry":{"type":"LineString","coordinates":[[14.496583184933543,50.9854692491623],[14.496538042855876,50.98544558301598],[14.496495522254024,50.9854122544228],[14.496472614730477,50.985376624130424],[14.496468392561589,50.985299784762276],[14.49646316170602,50.98523093241186],[14.496420920842317,50.9850381449735],[14.496430465914209,50.98500131929382],[14.496491930958367,50.984921793705844],[14.49649894161403,50.984860800001044],[14.496528180341384,50.984774778202215],[14.496588376860828,50.98468716008059],[14.496593486905104,50.9846356187605],[14.496560056806146,50.98456424592542],[14.496501674156471,50.98448464490872],[14.49649411552685,50.98438601776297],[14.496484604137843,50.984358889879644],[14.496461327610824,50.98431234151765],[14.496432779247407,50.984237669780285],[14.496433572039216,50.98419147170461],[14.496460703560796,50.98414908534271],[14.496480508604307,50.98408874047199],[14.496489961191148,50.984062974469225],[14.49646007460821,50.98400778258812],[14.496353677510484,50.9838664379584],[14.496330724774136,50.9838077611555],[14.49627760611779,50.98365531295509],[14.496140291572035,50.98354396252428],[14.496144962408737,50.98345192287128],[14.496263986585664,50.98334454447308]]},"properties":{"OBJECTID":295508,"fid_zbg":"3239246","jmeno":null,"typtoku_p":"povrchový nesplavný","vydattok_p":"stálý","idvt":"10236550"}},{"type":"Feature","id":296784,"geometry":{"type":"LineString","coordinates":[[14.496263986585664,50.98334454447308],[14.496227782842407,50.98334076257826],[14.496151903349173,50.983332772564836],[14.496056799456506,50.98334190464895],[14.49602072959396,50.9833498641297],[14.495941952587382,50.98339115661365],[14.495910003196416,50.983412625321016],[14.495865768914783,50.983421786306046],[14.495838872073346,50.98342055716048],[14.495758552758963,50.9833932241311],[14.495728130640503,50.98338370793992],[14.495663510774234,50.98338412681829],[14.495552000946818,50.983396017800665],[14.495482372093011,50.98342358338774],[14.495414801207458,50.98345359425421],[14.49536171048566,50.98346117538075],[14.495307106982423,50.98343986831068],[14.495279885672808,50.98342817843236],[14.494900830025832,50.983381994678005],[14.494774811802117,50.983325412019745],[14.494739406555897,50.98331700831488],[14.49453903595693,50.98327660645411],[14.494444621896058,50.983247331945904],[14.494236722659117,50.98320718785434],[14.494066151694966,50.98315592705366],[14.493990347531227,50.98313297347189],[14.493826486451121,50.983100525095686],[14.493686709550007,50.983104897685244],[14.493584393167527,50.983128102598485],[14.493497475580613,50.98314855235298],[14.493475758269549,50.98317852282117],[14.493446092414,50.98321733366558],[14.493413701196374,50.983232866977566],[14.493288155567772,50.9832345648664],[14.493222884339403,50.98322603578939],[14.493111079783771,50.98317085772947]]},"properties":{"OBJECTID":296784,"fid_zbg":"3239102","jmeno":"Lesní potok","typtoku_p":"povrchový nesplavný","vydattok_p":"stálý","idvt":"10283941"}},{"type":"Feature","id":297051,"geometry":{"type":"LineString","coordinates":[[14.47847704736182,50.98178921470331],[14.478564149999722,50.98197890285726],[14.47865535165698,50.98205082518436],[14.478755148627846,50.98212022340405],[14.47882915567536,50.982152104598754],[14.479011133014392,50.98220636967939],[14.479102448808591,50.98224990557075],[14.479211065012853,50.98231906663149],[14.479263213650702,50.982356318440104],[14.479297254646486,50.98239953710252],[14.479274941116854,50.98249060057597],[14.479282048520764,50.98258583656164],[14.479276171839997,50.982774846450255]]},"properties":{"OBJECTID":297051,"fid_zbg":"3239259","jmeno":null,"typtoku_p":"povrchový nesplavný","vydattok_p":"stálý","idvt":"10224801"}},{"type":"Feature","id":298344,"geometry":{"type":"LineString","coordinates":[[14.397593133341365,51.0167935604394],[14.397652653691761,51.016662725045215],[14.397717374038631,51.01658378818858],[14.397808669239764,51.01652476450824],[14.397925239477937,51.016484361376556],[14.3980114554729,51.01644857759904],[14.39809055763407,51.01639729479895],[14.39813226660283,51.01634729737864],[14.398183050930268,51.01627749235377],[14.398219540262774,51.016253354025416],[14.398347776059625,51.01620498217557],[14.398421027557294,51.01616072146335],[14.398526345520288,51.0160805687638]]},"properties":{"OBJECTID":298344,"fid_zbg":"3237184","jmeno":null,"typtoku_p":"povrchový nesplavný","vydattok_p":"stálý","idvt":"10220055"}},{"type":"Feature","id":298425,"geometry":{"type":"LineString","coordinates":[[14.419850179385785,50.99361002227477],[14.419895869754983,50.9936767746559],[14.41994364701536,50.99371812190208],[14.419959672571842,50.993741560747914],[14.420067980675025,50.99394911981521],[14.420066527255498,50.994090353138986],[14.420109107347942,50.99415356903888],[14.420097236218876,50.99423573924222],[14.420120931272537,50.994264888441016],[14.420176096079697,50.994296751154785],[14.420221949977922,50.99433241477861],[14.420227082346024,50.994365596146494],[14.42015651747436,50.99442154024683],[14.420125923063736,50.99445900596579],[14.4201131805138,50.99462037249959],[14.420063129991386,50.99470158763011],[14.419848802484696,50.99490391407124],[14.419807136179315,50.994922254237196],[14.41969121052487,50.99495147797334],[14.41948686553105,50.995005889112086],[14.419359627057341,50.995044664445395],[14.419255822488608,50.99509314075187],[14.419189403799555,50.995134999935814],[14.419158260120247,50.99516706466536],[14.419122052880489,50.99528363264618],[14.4190875138831,50.99530627503214],[14.41907585794024,50.99538546982017],[14.419126442921495,50.99545945215],[14.419127828707744,50.99552136058912]]},"properties":{"OBJECTID":298425,"fid_zbg":"3237935","jmeno":"Šluknovský potok","typtoku_p":"povrchový nesplavný","vydattok_p":"stálý","idvt":"10104877"}},{"type":"Feature","id":299036,"geometry":{"type":"LineString","coordinates":[[14.439795449777957,50.9831492540871],[14.43974089197353,50.98316748059837],[14.439697548865004,50.983169168339614],[14.439657138529002,50.98315604929871],[14.43959716854857,50.98312091209109],[14.439563087473747,50.98310915804585],[14.439507649325265,50.983099908184265],[14.43944958773463,50.98309723558183],[14.439209669638121,50.98310992308464]]},"properties":{"OBJECTID":299036,"fid_zbg":"3237292","jmeno":"Stříbrný potok","typtoku_p":"povrchový nesplavný","vydattok_p":"stálý","idvt":"10101808"}},{"type":"Feature","id":299682,"geometry":{"type":"LineString","coordinates":[[14.387571614370797,51.02502118028488],[14.387564494785185,51.02498599037087],[14.387508633380145,51.02481980082034],[14.387501532060062,51.024635261283784],[14.387480184716937,51.024515174730645],[14.387462788595933,51.024472376022835],[14.387333324338847,51.02438416531256],[14.387075335698588,51.02421989299931],[14.386859572999873,51.024148669856544],[14.386776521444624,51.02406204779604],[14.3865943619369,51.02390038121634],[14.386533392068236,51.02379109126801],[14.386379350393812,51.023663991958756],[14.386263166369119,51.023534833958394],[14.386152482350047,51.02350414951344],[14.385977807776335,51.02347923727606],[14.385803843586675,51.02342017905054],[14.385720892787605,51.02337058507053],[14.385692232938197,51.023330616396805],[14.38570059395244,51.023276630218284],[14.3856656289111,51.023242464245925],[14.385485062596896,51.02319780224472],[14.38541237866887,51.02315717717989],[14.385361519906237,51.02307861861495],[14.385387564350205,51.022870196006316],[14.385387263906708,51.0226427846911]]},"properties":{"OBJECTID":299682,"fid_zbg":"4309553474699264","jmeno":"Solandský potok","typtoku_p":"povrchový nesplavný","vydattok_p":"stálý","idvt":"10231827"}},{"type":"Feature","id":299755,"geometry":{"type":"LineString","coordinates":[[14.46152178899451,51.0102293800715],[14.461292113863513,51.010310235432804],[14.461048710510408,51.01045894462124]]},"properties":{"OBJECTID":299755,"fid_zbg":"3237697","jmeno":"Rožanský potok","typtoku_p":"povrchový nesplavný","vydattok_p":"stálý","idvt":"10101135"}},{"type":"Feature","id":300134,"geometry":{"type":"LineString","coordinates":[[14.471700293796612,51.00643878594864],[14.471646755764095,51.00644695549595],[14.471566939151705,51.00645628551344],[14.471518644772175,51.00646759309026],[14.471479123769491,51.00647683666761],[14.471392748035443,51.00650095948972],[14.471015581982808,51.006590416194236],[14.470885445066292,51.006616412281154],[14.47076941369997,51.006627495787576],[14.47067914558563,51.00661414049176],[14.470600194348144,51.00658129539081]]},"properties":{"OBJECTID":300134,"fid_zbg":"3349426","jmeno":"Rožanský potok","typtoku_p":"povrchový nesplavný","vydattok_p":"stálý","idvt":"10101135"}},{"type":"Feature","id":300608,"geometry":{"type":"LineString","coordinates":[[14.416326791598218,50.994692766730545],[14.41641972769672,50.99469711680947],[14.416669490921267,50.994665998589596],[14.416790744282585,50.994662463789545],[14.416864380487935,50.99466894842538],[14.417011254384157,50.994719355220724],[14.417233100355384,50.99476220801309],[14.41742394376088,50.99482196661182],[14.41760637084709,50.99493615903878],[14.417746899219692,50.99498976104647],[14.417810940442834,50.99500418573284],[14.41787067185998,50.99503270790781],[14.417925315586563,50.99507896189048],[14.417966616016772,50.99512001073556],[14.418016314908545,50.99521954850571],[14.41805322604601,50.99524142569169],[14.41808995153781,50.995247798848425],[14.418247114772846,50.995246073546575],[14.418313176415962,50.99526534600091],[14.418426374623428,50.99533325985194],[14.418527626997841,50.99542800923225],[14.418621865931213,50.9954955743441],[14.418659653115771,50.99554285052518]]},"properties":{"OBJECTID":300608,"fid_zbg":"4074739861553152","jmeno":null,"typtoku_p":"povrchový nesplavný","vydattok_p":"občasný","idvt":null}},{"type":"Feature","id":302803,"geometry":{"type":"LineString","coordinates":[[14.460775762701378,50.99443140050715],[14.460388249646229,50.99460347036919],[14.460334992516046,50.994669993803214],[14.46027780917342,50.99473672212387],[14.46024366969688,50.9948078922855],[14.460248010643841,50.994842198474906],[14.46029081760031,50.9948867253398],[14.460356284310672,50.99492223360753],[14.460498755201845,50.99495732270218],[14.460638466097953,50.99497466322185],[14.46082306097182,50.995019018524836],[14.46100482226915,50.99506848127063],[14.461138183833036,50.99511136451375],[14.461192149279013,50.995127406533584]]},"properties":{"OBJECTID":302803,"fid_zbg":"3238074","jmeno":null,"typtoku_p":"povrchový nesplavný","vydattok_p":"stálý","idvt":"11000471"}},{"type":"Feature","id":303556,"geometry":{"type":"LineString","coordinates":[[14.413468216947672,51.01343671822403],[14.413470918395355,51.01337654358205],[14.413492212989267,51.01332377193406],[14.413587038851414,51.013241182488464],[14.413610845265103,51.01319997038],[14.413670081461573,51.0130029631146],[14.413715086070882,51.012954246099135],[14.413731291644035,51.01291754577402],[14.413686380884451,51.012853763610096],[14.413676309487842,51.01280961015873],[14.413696208473912,51.01277114367864],[14.41376881922442,51.01270005372586],[14.413790272287375,51.01265446363],[14.413756999481734,51.01255975433041],[14.413679092915146,51.01247251124938],[14.413674516901436,51.01240778514348],[14.413704458256172,51.01233054081005],[14.413851843684446,51.01217711664504],[14.413941646721247,51.01209373719469],[14.414144162262657,51.011831720953445]]},"properties":{"OBJECTID":303556,"fid_zbg":"3237260","jmeno":null,"typtoku_p":"povrchový nesplavný","vydattok_p":"stálý","idvt":"10229436"}},{"type":"Feature","id":303708,"geometry":{"type":"LineString","coordinates":[[14.430127197102061,50.99738478795575],[14.43019022565336,50.99751527840111],[14.430189587039067,50.99762781827679],[14.430146373552162,50.99774637453155],[14.430138651120433,50.99787427762329],[14.4300983007963,50.99794534937902],[14.430087133820908,50.998101615227355],[14.430103116152019,50.99814773066969],[14.430162371663405,50.99820839509636],[14.430382459497656,50.998316211846216],[14.430485489910293,50.998391105507764],[14.430606987642738,50.99845580543896],[14.430738862225265,50.99856397511778],[14.430851629309107,50.99862717376389],[14.430897269657692,50.99862623149862],[14.430941832700244,50.99861703017693],[14.431021832296178,50.99858903547455],[14.431078640314603,50.998588970660784],[14.431262135218494,50.998631826184734],[14.431294631431072,50.99865750732445],[14.431319117202838,50.99873457252577],[14.431335418382432,50.99875875883575],[14.431373242768668,50.998779185942674],[14.431427961829995,50.99878574452188],[14.431455812619605,50.99880476253996],[14.431487443281359,50.9988523159504],[14.431541834472462,50.998902314383024],[14.4316432528553,50.9989521346086],[14.43169600818296,50.998983364431616],[14.431902719143443,50.99915661311976],[14.431917774474673,50.9992540820519],[14.431923997205773,50.99940876113682],[14.43193847640681,50.999432072596925],[14.432005224573945,50.99951057840588],[14.432065523025447,50.999536818548656],[14.43214642215332,50.99956921765417],[14.432268525029432,50.999607583826005],[14.432305994234225,50.99961597629197],[14.432362239992752,50.99962213138138],[14.432414994086203,50.9996374558663],[14.432469817183957,50.99966295801087],[14.432515767307933,50.999699694403645]]},"properties":{"OBJECTID":303708,"fid_zbg":"3237846","jmeno":null,"typtoku_p":"povrchový nesplavný","vydattok_p":"stálý","idvt":"10229447"}},{"type":"Feature","id":304063,"geometry":{"type":"LineString","coordinates":[[14.43654465103665,51.005101338481396],[14.436588855441133,51.00512948347326],[14.43662831742003,51.00517545389036]]},"properties":{"OBJECTID":304063,"fid_zbg":"4130805559328768","jmeno":null,"typtoku_p":"povrchový nesplavný","vydattok_p":"stálý","idvt":"10229443"}},{"type":"Feature","id":304304,"geometry":{"type":"LineString","coordinates":[[14.454487053309746,50.98887532266051],[14.454508134400733,50.98891724724333],[14.454504429711145,50.98900710791108],[14.454559225082743,50.98926642448661],[14.454571186897617,50.98936489858601],[14.45458297440303,50.98949329701209],[14.45457728628229,50.989653842668865],[14.45458234240102,50.98975035840485],[14.454566394347228,50.98984496622618],[14.45449611152759,50.98996471285972],[14.454482756320893,50.990011641939695],[14.454518063100602,50.990139634606386],[14.454567459651377,50.9902080510659],[14.45462846479627,50.99026604038772],[14.454930855176904,50.9904642163792],[14.455210148336679,50.990599970167935],[14.455392083194846,50.99076304682535]]},"properties":{"OBJECTID":304304,"fid_zbg":"3238001","jmeno":null,"typtoku_p":"povrchový nesplavný","vydattok_p":"stálý","idvt":"10222431"}},{"type":"Feature","id":304559,"geometry":{"type":"LineString","coordinates":[[14.433429814535447,51.0163722602627],[14.433316067425142,51.01643851639882],[14.433299460499507,51.016453943832786],[14.43329991646991,51.01647146664916],[14.433322640819291,51.01648778880804],[14.433368452446402,51.0165025185351],[14.433422097772867,51.016503138312125],[14.43363035796361,51.016501222625735],[14.433822069087805,51.01648943503469],[14.434335651096587,51.0164292494755],[14.434572864080993,51.01641557812273],[14.4347040503662,51.01648959098381]]},"properties":{"OBJECTID":304559,"fid_zbg":"3237255","jmeno":null,"typtoku_p":"povrchový nesplavný","vydattok_p":"stálý","idvt":"10231830"}},{"type":"Feature","id":305494,"geometry":{"type":"LineString","coordinates":[[14.479765385766601,50.981879194855246],[14.479763973475647,50.98191490791342],[14.479769005231594,50.98197242413662],[14.479781457063666,50.982042991499235],[14.479809000710445,50.98208820753232],[14.479871899864426,50.982146490827056],[14.47989286331883,50.98215918680165],[14.479944113378073,50.98217603913463],[14.480175430308236,50.98225996285066],[14.480216506541094,50.98228861978548],[14.480394950002813,50.98236975763363],[14.48048514848054,50.98239815429147],[14.48052984359896,50.9824274228022],[14.480555027837578,50.98246522259675],[14.48055468153965,50.982510879931546],[14.480554501591403,50.98252411877563],[14.480496718980802,50.98260331203096],[14.480395711803466,50.98272858974518],[14.480382091959338,50.98275962030824],[14.480380511133111,50.98282199082663],[14.480400711451187,50.982858117611116],[14.48046029914343,50.98301231542406],[14.48049018343442,50.98307141394193],[14.480530220897597,50.98318582145104],[14.480566248295123,50.98328092210254]]},"properties":{"OBJECTID":305494,"fid_zbg":"3239253","jmeno":null,"typtoku_p":"povrchový nesplavný","vydattok_p":"stálý","idvt":"10234266"}},{"type":"Feature","id":305658,"geometry":{"type":"LineString","coordinates":[[14.390407532981156,50.98709512220313],[14.390391014826402,50.98713090417665],[14.390306000155112,50.987283543341434],[14.390204872939472,50.98737085534146]]},"properties":{"OBJECTID":305658,"fid_zbg":"3237025","jmeno":null,"typtoku_p":"podzemní","vydattok_p":"stálý","idvt":"10236545"}},{"type":"Feature","id":306160,"geometry":{"type":"LineString","coordinates":[[14.436855939427836,51.00527528754553],[14.436926133394321,51.00527519945287],[14.43701192301107,51.00529397295784],[14.437090958656944,51.005298189162104],[14.437184230876902,51.00529447517514],[14.437255369431448,51.00528476083455],[14.437339021678932,51.00525190621448],[14.437446876184564,51.0052406547401],[14.437531725355386,51.00523190120991]]},"properties":{"OBJECTID":306160,"fid_zbg":"4130792573763584","jmeno":null,"typtoku_p":"povrchový nesplavný","vydattok_p":"stálý","idvt":"10229443"}},{"type":"Feature","id":306621,"geometry":{"type":"LineString","coordinates":[[14.410661027374541,51.00963516928352],[14.410630593023654,51.00940326329967],[14.410683779903465,51.009267492609204],[14.410716015598728,51.00903950551134],[14.410689410978037,51.00894854919632],[14.410662450315218,51.00893593659955],[14.41060606057288,51.00891319173878],[14.410552449147087,51.00890091370747],[14.410420337253878,51.00886275438989]]},"properties":{"OBJECTID":306621,"fid_zbg":"3237251","jmeno":null,"typtoku_p":"povrchový nesplavný","vydattok_p":"stálý","idvt":"10220059"}},{"type":"Feature","id":307250,"geometry":{"type":"LineString","coordinates":[[14.478870827823417,50.98015954533042],[14.478945885692498,50.9801760131391],[14.479036540299864,50.980204205816314],[14.479123583101103,50.98025982022423],[14.479211225281766,50.980353072236575],[14.479298261846868,50.98047347019369]]},"properties":{"OBJECTID":307250,"fid_zbg":"3239097","jmeno":null,"typtoku_p":"povrchový nesplavný","vydattok_p":"stálý","idvt":"10234266"}},{"type":"Feature","id":307485,"geometry":{"type":"LineString","coordinates":[[14.45138885255352,51.02659509744444],[14.451173389898543,51.02673762014711],[14.451127608328713,51.02678130985706],[14.451082560945105,51.02683161335603],[14.451059313996046,51.026862572439036]]},"properties":{"OBJECTID":307485,"fid_zbg":"3237420","jmeno":"Rožanský potok","typtoku_p":"povrchový nesplavný","vydattok_p":"stálý","idvt":"10101135"}},{"type":"Feature","id":307523,"geometry":{"type":"LineString","coordinates":[[14.504448001809585,51.0081177925567],[14.504436062207668,51.00821491986817],[14.504432183689028,51.00827409581786],[14.504404043115775,51.008349055072976],[14.504360497067452,51.00840481763174],[14.504324273289072,51.00844134346052],[14.504305553989933,51.00847937555319],[14.504307040511707,51.008521051402084],[14.504334777807523,51.00855836386577],[14.504357324231046,51.00859241744889],[14.50436634368489,51.00863982159269],[14.504358371127454,51.00870064100094],[14.50436075443729,51.008735907814746],[14.50434979946762,51.00875678234067],[14.504318667427217,51.00877348037477],[14.504277313278394,51.00879595734394],[14.504251762718834,51.00881929526849],[14.50425104881668,51.00885073043444],[14.504256959768702,51.00886509140696],[14.50427041908355,51.00892122347864],[14.50427372057658,51.008981107982194],[14.504274975930121,51.00902584827469],[14.504259785756625,51.00906019255047],[14.504242446028094,51.00909317254897],[14.504223257802876,51.009134702219455],[14.50422245921816,51.00918960739585],[14.504232298236836,51.00927046554688],[14.50424881028867,51.00935969947557],[14.504246874747231,51.00943782081716],[14.504229025331842,51.00952037860553],[14.504224311690423,51.00959073146562],[14.50423325303735,51.009660445001046],[14.504264499273503,51.0097300820819],[14.504269559425046,51.009782497747075],[14.504251351920221,51.00983944281924],[14.504213719536756,51.00991639752717],[14.504196048507827,51.01001874674427],[14.5041850151974,51.010069777593806],[14.504156719903616,51.01013147901557],[14.504128000915214,51.010195139728516],[14.504091066860756,51.010283494015546],[14.504078016801493,51.01036446902894],[14.504095750005423,51.010420787391965],[14.50413624226308,51.01051017969377],[14.504154751121153,51.01058352865873],[14.50418121716711,51.010654659397616],[14.504231092575957,51.01072127287533],[14.504273819709967,51.010786364076026],[14.504294311494863,51.0108645101151],[14.50429672702431,51.01093647424696],[14.50432553586781,51.011004087139895],[14.504381950238647,51.01108169546456],[14.504454877724774,51.01111817885293],[14.504548936934546,51.011146048103875],[14.504672295904875,51.011184058414685],[14.50473235777315,51.011217529579994],[14.504776145633823,51.01126375214255],[14.50477726741729,51.011293149868806],[14.504772369431352,51.01133708847274],[14.50477686637411,51.011371493821365],[14.504801994057086,51.011407583533334],[14.504857320755589,51.01143502280267],[14.504950321323333,51.01148176016288],[14.505008978201271,51.011521732497535],[14.50505743777044,51.01158160134477],[14.505109895008207,51.01165025067176],[14.505177272358404,51.011711747074415],[14.505390778769755,51.011817021872965],[14.505480828929635,51.01185679189606],[14.505566271738468,51.011897254040065],[14.505630262208186,51.01194049701365],[14.50568139280292,51.01198735079642],[14.50574217450581,51.01205208937785],[14.505804971657113,51.01210085392474],[14.50589998308938,51.012144951132946],[14.506102269930379,51.01221233786646],[14.50634694894849,51.012305142732465],[14.50646254763794,51.01233849169013],[14.506570863016131,51.012362958879],[14.506656050991028,51.012397955211625],[14.506742041278953,51.012462502998154],[14.506868614163237,51.01252890876344],[14.507038439348385,51.012592140514386],[14.50712245391688,51.012646539302665],[14.507196797732146,51.012683142394145],[14.507276961825662,51.01269947226168],[14.507407924393094,51.01269567840689],[14.507519519267776,51.01266372964777],[14.507607697940996,51.01264963332151],[14.507699759348686,51.01265283465081],[14.507824735161927,51.0126767378442],[14.507956667974602,51.012723010917874],[14.508098163710892,51.01280221949113],[14.508163923073065,51.012864572363654],[14.508218682602706,51.01290130458999],[14.508280341097421,51.012929005270585],[14.508313608230385,51.0129504721618],[14.508333021852103,51.01299105865726],[14.508341545238169,51.01302680776191],[14.508370141936272,51.01306482759198],[14.508434315641479,51.01309193712274],[14.508551342333837,51.013124680817036],[14.5086183842003,51.01313852036196],[14.508688371396099,51.01314671669611],[14.508751202723353,51.01314078101979],[14.508787883381277,51.013129421258256],[14.508824326601893,51.01311849464186],[14.508872032671986,51.01311933173209],[14.508925123715336,51.01313850277608],[14.508983735022891,51.01318536303951],[14.508984332870867,51.013206551048796],[14.508963991183723,51.01322947612203],[14.508905530971527,51.013257105868504],[14.508899795543813,51.013291628605245],[14.508922943667779,51.01331094594147],[14.508975629968267,51.01331602130766],[14.509032185416475,51.01331117860447],[14.509094478608862,51.01331971084612],[14.50918648463251,51.01334113983396],[14.509309448313063,51.013371036793735],[14.509346733820868,51.013387487638845],[14.509390893114002,51.0134180461175],[14.50943249147743,51.013440492145996],[14.509507601258527,51.013464912857565],[14.50957291096314,51.01347479280703],[14.50965096581406,51.01348957875752],[14.509717007971954,51.01351204025844],[14.509755630008469,51.013550921736154],[14.509775315359807,51.01360223556689],[14.509792150472359,51.01363878991481],[14.509839871481754,51.01366285084597],[14.509911155599285,51.01366571500285],[14.50996636220124,51.0136391657118],[14.510020112531196,51.01362002050179],[14.510140001410914,51.01362089549261],[14.51022596785649,51.01361703910028],[14.510294284941073,51.013591707754834],[14.510320387194213,51.01354678058858],[14.510343884384515,51.0135072537284],[14.51039867410914,51.01348928632602],[14.510485411213827,51.01349583751458],[14.510563936205637,51.01352708262217],[14.510641441343315,51.013563047853204],[14.510794350503758,51.01360077946809],[14.510899358332804,51.013610624906676],[14.510946828614372,51.01362386874369],[14.511001520138192,51.01365560424243],[14.511031848715897,51.01365766768368],[14.511056188399298,51.013643522550524],[14.511077290642248,51.01359644179157],[14.511100859032267,51.01356989314858],[14.511143199324673,51.01355629786995],[14.511211089646627,51.013570208771924],[14.511263355456105,51.0136011912872],[14.511307515989607,51.0136297533037],[14.511317022763787,51.013656968636234],[14.511299533173391,51.01369864501554],[14.511295107605207,51.01372312029685],[14.511320413745194,51.01374842833076],[14.511380026635662,51.013768703148195],[14.5114612400101,51.013784847950184],[14.511563574250987,51.013813059354696],[14.5116255050415,51.01384323977053],[14.511705305219639,51.01390452941381],[14.511759129937484,51.01392430636144],[14.511816168183787,51.01392921024763],[14.511863895678765,51.01394193149],[14.511889028618336,51.01396404946472],[14.51189794017451,51.01400200855609],[14.511924305557828,51.014026409623455],[14.511985286151832,51.014048343810636],[14.512037437548566,51.01407986033337],[14.512067462235507,51.01411528025968],[14.512112220700711,51.014145072574465],[14.512171071249915,51.01416954495034],[14.51222167932327,51.01417226293848],[14.512288765375907,51.014158617509636],[14.51234070567613,51.01413985996018],[14.512376610563242,51.01413541741366],[14.512426032631664,51.01414828407802],[14.51249809896235,51.01419013029523],[14.51253577953552,51.014221400370026],[14.512575172616579,51.014244744073984],[14.512635846444347,51.0142720943576],[14.512681266616937,51.0143034854375],[14.51271507896208,51.014344673610026],[14.512754454027686,51.01437608925837],[14.512841665281258,51.01441107286889],[14.512998569482043,51.01448824248687],[14.5132342177149,51.01461962436761],[14.51339565652113,51.01471441882242],[14.513529407128408,51.014783610138245],[14.513887474720372,51.01497141466046],[14.514103417995353,51.015092845622114],[14.51428636345617,51.01521524986688],[14.514606445712294,51.01544378297614],[14.51477652602534,51.015563175477276],[14.514864113447173,51.015636380111864],[14.514926906975106,51.01569321167425]]},"properties":{"OBJECTID":307523,"fid_zbg":"3238145","jmeno":null,"typtoku_p":"povrchový nesplavný","vydattok_p":"stálý","idvt":"10224779"}},{"type":"Feature","id":307634,"geometry":{"type":"LineString","coordinates":[[14.468552271852444,50.98978388824508],[14.468576380463853,50.98989674394154],[14.468623255983244,50.98992550667969],[14.468699564258515,50.98997232583103],[14.46880474628943,50.9900275182464],[14.468792470868355,50.99006555935312],[14.468760829651888,50.99008949834795],[14.46870878709227,50.99013923645305],[14.468643909312682,50.990201229165294]]},"properties":{"OBJECTID":307634,"fid_zbg":"3238082","jmeno":null,"typtoku_p":"povrchový nesplavný","vydattok_p":"stálý","idvt":"10222432"}},{"type":"Feature","id":307683,"geometry":{"type":"LineString","coordinates":[[14.384301626761628,50.984577085110615],[14.384269433595847,50.984640155911805],[14.384110163508176,50.98475975410903],[14.38375595233185,50.98504175537122],[14.383589952057092,50.98521511881566],[14.383442518285408,50.98536142669189],[14.383284286096833,50.98549926223425],[14.3831192053648,50.985628969591325],[14.382920932336225,50.98576386010048],[14.3824662166172,50.98608727897376],[14.38230325200237,50.98619611866318],[14.382167544965707,50.9863170425944],[14.381807055392162,50.98668224438658],[14.381505626228815,50.986923199648814],[14.381264642877062,50.98705218827109],[14.380922254314099,50.98722478545124],[14.380762038313252,50.98732233940607],[14.380690043657065,50.98739382756345],[14.380461191680768,50.987665787470476],[14.380387401956693,50.98777241639185],[14.380367984989519,50.98778034232822],[14.380296196657241,50.987768876924385],[14.38007203073951,50.98772279746863],[14.379785995168113,50.98764167133918],[14.379710750093928,50.98761453309967],[14.379648491566924,50.98759394388575],[14.379569723800994,50.98757902950942],[14.37951080412136,50.987572550763986],[14.379428512055114,50.98756638481704],[14.379337482094467,50.98754943050645],[14.379256904297195,50.9875293856408],[14.37921195059564,50.987519723300835],[14.379167821189169,50.98751286403492],[14.37911154129526,50.987516659978525]]},"properties":{"OBJECTID":307683,"fid_zbg":"3328154","jmeno":"Vilémovský potok (Poustevenský potok)","typtoku_p":"povrchový nesplavný","vydattok_p":"stálý","idvt":"10234265"}},{"type":"Feature","id":308398,"geometry":{"type":"LineString","coordinates":[[14.467617467932929,51.02495506415977],[14.467586185700256,51.025005072771584],[14.467537247431977,51.02504430344193],[14.467444657700423,51.02507123761063],[14.467331306894371,51.02506988853081],[14.467264623957412,51.0250735664368],[14.467195872795214,51.02508266327669],[14.46709255079767,51.0250975390334]]},"properties":{"OBJECTID":308398,"fid_zbg":"3349455","jmeno":null,"typtoku_p":"povrchový nesplavný","vydattok_p":"stálý","idvt":"10227162"}},{"type":"Feature","id":309035,"geometry":{"type":"LineString","coordinates":[[14.395229740170578,51.017972908175125],[14.395350343393874,51.01795863556586],[14.395559704048498,51.01791296620496],[14.395720418926397,51.017849637218724],[14.395836317268373,51.01780509421101],[14.395892952658107,51.01775632278159],[14.396116342652872,51.017656597104704],[14.396299893651912,51.01752366379995],[14.39645330576228,51.01742331439161],[14.396726577861173,51.0172984550433],[14.396992019657914,51.017247588766274],[14.397142162978417,51.017188510805966],[14.397237408061226,51.01713182703272],[14.397425542443827,51.016985136410014],[14.397537938798223,51.016874323643435],[14.397593133341365,51.0167935604394]]},"properties":{"OBJECTID":309035,"fid_zbg":"3237245","jmeno":null,"typtoku_p":"povrchový nesplavný","vydattok_p":"občasný","idvt":"10220055"}},{"type":"Feature","id":309302,"geometry":{"type":"LineString","coordinates":[[14.385053171035045,51.01997780969965],[14.38488954081312,51.02015492810614],[14.384766620951114,51.0202005745561],[14.384474314562882,51.02023138366701],[14.384315445524143,51.02026446339425]]},"properties":{"OBJECTID":309302,"fid_zbg":"3237242","jmeno":null,"typtoku_p":"povrchový nesplavný","vydattok_p":"občasný","idvt":"10224770"}},{"type":"Feature","id":309568,"geometry":{"type":"LineString","coordinates":[[14.44934052350616,51.03341294522992],[14.449345173359866,51.03345705842671],[14.449349987212305,51.03351100220267],[14.449387105817326,51.03360356662378]]},"properties":{"OBJECTID":309568,"fid_zbg":"3308438","jmeno":"Rožanský potok","typtoku_p":"povrchový nesplavný","vydattok_p":"stálý","idvt":"10101135"}},{"type":"Feature","id":310332,"geometry":{"type":"LineString","coordinates":[[14.40969078646983,50.98155791636408],[14.409454019390822,50.98159694878078],[14.4091126727023,50.98160275521413],[14.408956137149886,50.98165483982238],[14.40885214144057,50.9816894429817],[14.408809115314243,50.98172063544937],[14.40876258570964,50.98176195775783],[14.408715002926112,50.981782410448076],[14.408656148548205,50.98179852616557],[14.40860734860957,50.98180479111596],[14.408407868037708,50.9818007159456],[14.408237673705017,50.98178428778903],[14.407982148539421,50.98173666905768],[14.407710075623969,50.98167200488772],[14.407558587373227,50.98165021538166],[14.407470111234371,50.98162303384875],[14.407396383471557,50.981612450355364],[14.407284896266836,50.98161734786854],[14.407188125751958,50.98160104082341],[14.407054997155734,50.981555713447925],[14.406987777097287,50.98152782083309],[14.406906088043531,50.98147335535894],[14.406830531862603,50.98138485328299],[14.406754614147713,50.981321725283536],[14.40666730415885,50.98128709534759],[14.406545817878476,50.98126219664377],[14.406385170803356,50.98125076945734],[14.406289431102818,50.981229742284924],[14.406154289193957,50.98121209410526],[14.40602007377975,50.98120205727436],[14.405806147156747,50.98120886163243],[14.405684674631154,50.98119575865621],[14.405405820003095,50.98115626749791],[14.405248552473813,50.98113923483887],[14.405181166443981,50.98113845623134],[14.405059788533157,50.98116773384125],[14.404940660859936,50.981226877223264],[14.404701372698296,50.981283764518814],[14.404521800773976,50.98129905267186],[14.404352352992108,50.98129666576962],[14.40417858140096,50.981278196421314],[14.403984751189105,50.98130026472963],[14.403746622301261,50.981294798310515],[14.403611115786068,50.981315042591554],[14.403377802936816,50.981312534865744],[14.40325990734233,50.981326507244155]]},"properties":{"OBJECTID":310332,"fid_zbg":"3356341","jmeno":null,"typtoku_p":"povrchový nesplavný","vydattok_p":"stálý","idvt":"10236545"}},{"type":"Feature","id":310665,"geometry":{"type":"LineString","coordinates":[[14.389799430317918,50.98237397459402],[14.389564806913972,50.98236656221243],[14.3894047925945,50.98233314512571],[14.389014765524553,50.98225228329185],[14.388654278439438,50.982205487887086],[14.388420491922272,50.9821645913319],[14.38836522486424,50.98215333517129],[14.388266529647481,50.98214755153728],[14.38822016460077,50.98215186089292],[14.388137147786844,50.982186931725565],[14.38798347737334,50.982257460530505]]},"properties":{"OBJECTID":310665,"fid_zbg":"3237030","jmeno":null,"typtoku_p":"povrchový nesplavný","vydattok_p":"stálý","idvt":"10227193"}},{"type":"Feature","id":311636,"geometry":{"type":"LineString","coordinates":[[14.447956967829985,50.997135870228895],[14.447941036914408,50.99736175171227],[14.447968980432517,50.997480572324676],[14.44786458607417,50.997762404864844],[14.447855996093095,50.997819780631445],[14.447870135279192,50.997875113670105],[14.44814722711847,50.99814414932609],[14.448317022247284,50.99834392723682],[14.44845130792588,50.99844183054356],[14.44850691060874,50.99854453657268],[14.448600721417149,50.9986851161192],[14.448689956455432,50.998752092572765]]},"properties":{"OBJECTID":311636,"fid_zbg":"3237926","jmeno":null,"typtoku_p":"povrchový nesplavný","vydattok_p":"stálý","idvt":"0"}},{"type":"Feature","id":311699,"geometry":{"type":"LineString","coordinates":[[14.388121210666359,50.99320547500196],[14.38790180703005,50.993153522035456],[14.387533881216322,50.993091510804675],[14.387460065830302,50.993066327087064],[14.387385110888934,50.99302840438638],[14.38721764266041,50.99292048751773],[14.387196585922123,50.99290691229868],[14.387172661391766,50.99289100036275],[14.387152203962401,50.99287382969084],[14.386823307800691,50.99263485655476],[14.386731707631165,50.99257706395577],[14.386482977040139,50.99243635322783],[14.386384152249255,50.99236380322879],[14.386329242916412,50.99230877943964],[14.38627504846071,50.99226120390142],[14.386231381996208,50.99221998955467]]},"properties":{"OBJECTID":311699,"fid_zbg":"3349428","jmeno":"Velkošenovský potok","typtoku_p":"povrchový nesplavný","vydattok_p":"stálý","idvt":"10103812"}},{"type":"Feature","id":311865,"geometry":{"type":"LineString","coordinates":[[14.43377103990688,51.00203117320845],[14.433760699078862,51.00212953409304],[14.433719277265274,51.00227092840837],[14.433731332267067,51.00246351043264],[14.433759254314,51.00251926978806],[14.433821121677886,51.00257788948411]]},"properties":{"OBJECTID":311865,"fid_zbg":"3342430","jmeno":null,"typtoku_p":"podzemní","vydattok_p":"stálý","idvt":"10229447"}},{"type":"Feature","id":315176,"geometry":{"type":"LineString","coordinates":[[14.457963775730864,50.97561564403556],[14.458172802013829,50.97567618709265],[14.458267584103172,50.9757102436144],[14.458411689541773,50.97575010935594],[14.458593699279525,50.9758048305033],[14.45877488709753,50.975872345081974],[14.458884907149551,50.975923596144376],[14.458950369714094,50.97595502499248],[14.45896978842643,50.975971493030336],[14.459003482673127,50.97606785478773],[14.45910054040587,50.976141754305075],[14.459294623697634,50.97625262505981],[14.459336874134568,50.97628440459505],[14.459358247679376,50.976365365813805],[14.459554398328471,50.976519690727315],[14.459617869251838,50.97656891038914],[14.459637057010246,50.97662418865764],[14.459640157257567,50.976703932054434],[14.45961661177517,50.97680514064671],[14.459636532548796,50.97684578483138],[14.459686692400473,50.97688813734607],[14.459732797206588,50.976907457802824],[14.45982767397989,50.97693380928435],[14.459881113359355,50.976973632877005],[14.459904523421491,50.97703925601634],[14.459929027802666,50.977087917480006],[14.460035195497255,50.97718673669842],[14.460121085803019,50.977345222792316],[14.460170386171841,50.97740809524741],[14.460343037602831,50.97752173681736],[14.460450041095541,50.97756837018112],[14.460739422523812,50.97766661311071],[14.460866735696879,50.97773224026252],[14.460944909200864,50.977779282917574],[14.46099151928589,50.977805949800555],[14.461010833594615,50.9778211835407],[14.461064303995228,50.977857561539174],[14.461125237348742,50.97788868780555],[14.46117536305701,50.977909353259484],[14.46143503579942,50.977957757270396],[14.461583691794669,50.97797669145359]]},"properties":{"OBJECTID":315176,"fid_zbg":"3342485","jmeno":null,"typtoku_p":"povrchový nesplavný","vydattok_p":"stálý","idvt":"10229480"}},{"type":"Feature","id":315504,"geometry":{"type":"LineString","coordinates":[[14.407226048431845,51.008772423892815],[14.406945818552995,51.00878907783771]]},"properties":{"OBJECTID":315504,"fid_zbg":"4128674047590400","jmeno":"Velkošenovský potok","typtoku_p":"povrchový nesplavný","vydattok_p":"stálý","idvt":"10103812"}},{"type":"Feature","id":316827,"geometry":{"type":"LineString","coordinates":[[14.451059313996046,51.026862572439036],[14.450887669787642,51.02703665467543],[14.450665539428623,51.027316410854375],[14.450577792964529,51.02744755903351],[14.450337168292208,51.02774539376653],[14.450326788974863,51.02782388933408],[14.450421595707548,51.02814364532327],[14.450367983441806,51.02827044192561],[14.450208504002065,51.02849129186381],[14.450159685340942,51.028566136708704],[14.450130335630472,51.02864559556982],[14.450139353136343,51.028835881007836],[14.450198703741886,51.028978034828825],[14.450276761387277,51.029039854733526],[14.450376274531882,51.02908438702381],[14.450557692217071,51.029170604065776],[14.450590154837807,51.02918804504782],[14.45061311591735,51.02920174307383],[14.450649884466518,51.02923028001601],[14.450741071866126,51.029352668488364],[14.451017879365686,51.02989865042482],[14.451271085099556,51.03023977595748],[14.45130924780172,51.030328138822895],[14.45131664551953,51.03046647989611],[14.451405564491145,51.03066462569192],[14.45152434711666,51.03087358206369],[14.45158030159974,51.03094510226722],[14.45164189079638,51.03099904639569],[14.451676166764319,51.03102860115389],[14.451712177851443,51.0310583149864],[14.451786050572055,51.03111975337389],[14.451876180401905,51.03123922730331]]},"properties":{"OBJECTID":316827,"fid_zbg":"3356372","jmeno":"Rožanský potok","typtoku_p":"povrchový nesplavný","vydattok_p":"stálý","idvt":"10101135"}},{"type":"Feature","id":318169,"geometry":{"type":"LineString","coordinates":[[14.386721946413644,50.9832913087963],[14.386535632587407,50.98327744655806],[14.386311538442582,50.98342796703476],[14.385894505289341,50.98364586516956],[14.385713763961371,50.9837514082425],[14.38555356619411,50.98385654504709],[14.385386956573681,50.98393794861647],[14.385294400861337,50.983970335795846],[14.38516891018819,50.98405262664441],[14.385034894996304,50.98415969927713],[14.384733418354974,50.984328455686224]]},"properties":{"OBJECTID":318169,"fid_zbg":"3349891","jmeno":"Vilémovský potok (Poustevenský potok)","typtoku_p":"povrchový nesplavný","vydattok_p":"stálý","idvt":"10100689"}},{"type":"Feature","id":318173,"geometry":{"type":"LineString","coordinates":[[14.47114468588947,50.986072916339864],[14.471126042674461,50.98624839674069],[14.471053817200982,50.98638323177338],[14.47099152492023,50.98646502643535],[14.470932758921801,50.98657835246067],[14.470910069179594,50.98660941558571],[14.47085783937499,50.986697168971396],[14.470869196158764,50.986783338664736],[14.470822238914492,50.98685340294597],[14.47069726424704,50.986990939167114],[14.470461240424703,50.98752659084607],[14.470406158103613,50.987585066454656],[14.470362601722858,50.98761822808452],[14.47024775221483,50.98764740843898],[14.470052334150957,50.98771471796887],[14.46994182101317,50.98779482346009],[14.469886414033608,50.98783755765511],[14.469842608698402,50.987844025104515],[14.469742655695402,50.98782704383276],[14.469693050868049,50.98782711322676],[14.46955572482799,50.98787264100923],[14.469293360750912,50.987975962044956],[14.469146178267918,50.98800555973816]]},"properties":{"OBJECTID":318173,"fid_zbg":"3240305","jmeno":null,"typtoku_p":"povrchový nesplavný","vydattok_p":"stálý","idvt":"10231863"}},{"type":"Feature","id":318281,"geometry":{"type":"LineString","coordinates":[[14.388706584472963,50.988411735408675],[14.38835299806801,50.98869161760307],[14.388307187864427,50.988721636365405],[14.388228143880449,50.98879187913575],[14.388133515947276,50.988836737458456],[14.388069098005113,50.988884662258485],[14.388049238727483,50.98891493572701],[14.387959441118527,50.988965513674984],[14.387928612794378,50.9890040053617],[14.387886300959122,50.98905938124024],[14.387890131316357,50.989088877782166],[14.387929836512168,50.98911144501684],[14.387947777323383,50.98914117233524],[14.387943437494975,50.98917877698173],[14.387890512770337,50.989240741629985],[14.387810595723543,50.98928735281562],[14.387444862956668,50.989444405968946],[14.387015157225786,50.98959952488077],[14.386701659820233,50.98971201864861],[14.386567903679284,50.98977307628119],[14.386179051722744,50.98989518385951],[14.386142085553773,50.98991564642629],[14.385811545429766,50.990167523780734],[14.385663277558413,50.99027901880643],[14.385639896229545,50.9903351176739],[14.385589880930274,50.99039618272452],[14.385487989441959,50.990463708125816],[14.385459467897459,50.9905133977588],[14.385430322916063,50.99054365152662],[14.385311407284314,50.9906216349277],[14.385205081220326,50.99066735977572],[14.385080726510312,50.990704799441986],[14.38481222560526,50.99074855528969],[14.384749919735677,50.990747482933244],[14.38465281173697,50.99073330683758],[14.384503631284739,50.990695131003235],[14.38436729664728,50.99065363698978],[14.384301360135945,50.99061743198882],[14.38422931498901,50.990579905338286],[14.384178044047378,50.99056177348631],[14.38414362200171,50.99056685028598]]},"properties":{"OBJECTID":318281,"fid_zbg":"3314747","jmeno":null,"typtoku_p":"povrchový nesplavný","vydattok_p":"stálý","idvt":"10236545"}},{"type":"Feature","id":318721,"geometry":{"type":"LineString","coordinates":[[14.403322411563064,51.00764625270044],[14.403146784397963,51.00759006582579],[14.402894938439472,51.007538141377744],[14.402729414060543,51.007475736599844],[14.402645508413894,51.00746929579568],[14.402504348004227,51.007509088063],[14.402422470928604,51.0075294447789],[14.402335682224702,51.00753198985227],[14.402274185653845,51.00752909373409],[14.402153219859885,51.0075069731314],[14.401897664126082,51.00750575273347],[14.400917524232945,51.00756149643009],[14.400659904982678,51.00756695348574],[14.400584198924196,51.007571168594524],[14.40052968403721,51.00755672019964],[14.400435066740785,51.00753887574542],[14.40022829618068,51.00752289369352],[14.400195093628446,51.00751292949911],[14.400177703311968,51.00747666618482],[14.40016493626045,51.00746729927755],[14.400126558793843,51.00747575784523],[14.400103396932163,51.00746920721403],[14.400092863201833,51.00745685878221],[14.40006791949447,51.00744661457215],[14.400022103688002,51.007432241792934],[14.399993488777909,51.00742326620278],[14.399950870434047,51.0074201956389],[14.399926764544823,51.00741401655585],[14.399892051712909,51.007396680339006],[14.399826657560332,51.00736402792943],[14.399623514510521,51.0072939194953],[14.39955135889154,51.007252258807284],[14.399517421599564,51.00724105095404],[14.39939723071311,51.00722243356558],[14.399362564213,51.007215880446054],[14.399323528704647,51.007186535982164],[14.399180884325144,51.0071127047036],[14.399134201142068,51.00709993468713],[14.399103341806239,51.007070030834136],[14.399086356305503,51.007064833673134],[14.39905252405217,51.00703866359831],[14.398973046760203,51.007008796414326],[14.398772487729268,51.00691831420738],[14.398681737962852,51.00687685056065],[14.398655287811206,51.006843882069376],[14.398599072512676,51.00682280632359],[14.398447671905911,51.006742260273356],[14.398423262649311,51.006720357353316],[14.398355007677223,51.006682573622946],[14.398330537692281,51.00667872159678],[14.398308215816309,51.00665318931995],[14.398213909261326,51.00661023635155],[14.39814584316639,51.006563032484166],[14.398129984240459,51.0065368826791],[14.398099898356897,51.006533721741164],[14.398011015889452,51.00647055277437],[14.397954833520942,51.00645387107813],[14.39789090002104,51.00640947626824],[14.397863527066344,51.006384684126004],[14.397785011526386,51.006364245293945],[14.397659202626139,51.0063456816658],[14.397643730455355,51.0063355347267],[14.397654384492458,51.00631218070459],[14.397661366194905,51.006288915594794],[14.397668968122842,51.00626353586574],[14.397665643285112,51.006243802223246],[14.397594219477897,51.0061895915235],[14.397527206163092,51.00614547299331],[14.397515640372628,51.00612205555631],[14.397445290698387,51.00605305763593],[14.397424787645303,51.00600999000779],[14.39738036138711,51.00597373364441],[14.397346201330473,51.00595960213923],[14.397337123528745,51.005945202350965],[14.39732967600518,51.00593058141797],[14.397290015598099,51.00590608138596],[14.397271969728374,51.00588309837179],[14.397245218875026,51.005866979947655],[14.397182756078575,51.005796707899655],[14.397097333142035,51.00570442262301],[14.397038992703855,51.00565174865449],[14.39697976368222,51.005598271475044],[14.396849092888967,51.00550851058216],[14.396799693738531,51.00547000665803],[14.396753511677646,51.005386505765074],[14.39668406831012,51.005306788531406],[14.396622173005676,51.005226094563774],[14.396521929703757,51.005141883370854],[14.396459878984148,51.005059270311605],[14.396244537949821,51.004850902079326],[14.396200767252614,51.004830607966056],[14.396111035428675,51.00472804757082],[14.396095987627321,51.00466982947807],[14.39607568518857,51.00463473634646],[14.395975372386657,51.004463194874376],[14.395827502110954,51.0042572377435],[14.395730532653602,51.004156678556356],[14.395683177416975,51.004107581462904],[14.395627100961667,51.004060883225335],[14.395245542753743,51.00373787117053],[14.395171623324982,51.00367010312992],[14.395147418020153,51.00363168497852],[14.395108791351417,51.00355620797415],[14.395050337125339,51.00348216351658],[14.394895001185008,51.00335132810682],[14.394804441143744,51.00325166112601],[14.39473226653249,51.0031727569828],[14.394708398725433,51.003153195649794],[14.394660034191029,51.00313491462409],[14.394574913543826,51.00312130234711],[14.394404882476627,51.003100683286014],[14.39434381760549,51.00309129614547],[14.394299191916629,51.00308051744392],[14.394260173366497,51.00306402028243],[14.39422879184137,51.00304508444023],[14.394208281104374,51.003016414871986],[14.394176479540722,51.002891953292014],[14.394157246622298,51.00285993786136],[14.394135240329463,51.00283561140226],[14.394030323852952,51.002763348709465],[14.39400419385507,51.00273512471671],[14.393986372512785,51.00270744219541],[14.39396703744323,51.002671552486845],[14.393994684417407,51.002604273153516],[14.394066378779172,51.002503897064486],[14.394066561987929,51.00244423619719],[14.394067064782353,51.002284285842904],[14.39404366205922,51.002256480607336],[14.394006235247872,51.00223362511527],[14.393827833561247,51.002167562017284],[14.393786781734821,51.00214747602329],[14.393779549325973,51.00212707539465],[14.393772677132155,51.002084366985905],[14.393748865194818,51.00203738082824],[14.393707558972553,51.00197687712677]]},"properties":{"OBJECTID":318721,"fid_zbg":"3356391","jmeno":"Velkošenovský potok","typtoku_p":"povrchový nesplavný","vydattok_p":"stálý","idvt":"10103812"}},{"type":"Feature","id":318816,"geometry":{"type":"LineString","coordinates":[[14.441515558314299,50.996638185250376],[14.441575929991417,50.996685838466846],[14.441692585663656,50.99673780405282],[14.441834902588703,50.99690645379307],[14.441924149080315,50.99698132178766],[14.44197827341194,50.99707918653978],[14.442068130627304,50.99715818999605],[14.442141271776569,50.99726877037387],[14.442142965831662,50.99731981514377],[14.442206703178204,50.99742868279367],[14.442214293013546,50.99752123785291],[14.442266094232796,50.997579879316476],[14.442283858547219,50.99767351512179],[14.442334491730776,50.998134167855845],[14.44238581691794,50.99827829655863],[14.442474765708727,50.998483458628485],[14.442582945462169,50.99854599337689],[14.442602746787399,50.998675089228705],[14.442701307145686,50.99878251727094],[14.442933904150868,50.99901460764434],[14.442966098209816,50.99907826440845],[14.443090373291799,50.99921885671429],[14.443207501179389,50.99934603738562],[14.443396341378543,50.999516353565966],[14.443481012268998,50.99964072327697],[14.443709282232781,50.999816448994984],[14.443793798818861,50.99990325308865],[14.44403833308083,51.00009120994143],[14.444149166937816,51.00014169714604],[14.444245125104374,51.00016478503493],[14.444328492108905,51.00017681177291],[14.444485152598446,51.000182391872144],[14.444689119960755,51.00017936585151],[14.444953056698035,51.00016901122401],[14.445159122045224,51.00015554194233],[14.445227164016474,51.00015168868252],[14.445306065689392,51.000140873267334],[14.445403814024417,51.00011155718691],[14.445612531104482,51.00004184846088],[14.445706525450245,50.99999759111372],[14.445771668576171,50.999951189858976],[14.445799021286524,50.99994812328935],[14.445829000906102,50.99994871359298],[14.44586530003344,50.999948145311535],[14.445897351791222,50.999943834294314],[14.446101990287907,50.999950807673315],[14.4463584852986,50.99992097101437],[14.446725821395612,50.99978710282073],[14.446811794769348,50.99977258913133],[14.446968613292743,50.99971857246652],[14.447154948194186,50.99968552801966],[14.447399872245073,50.99966009500266],[14.447437735228648,50.99964069074785],[14.447486623118154,50.99958313771947],[14.447522420052218,50.99956794576844],[14.4476258878259,50.99955695085679],[14.447687786584714,50.99953875600437],[14.447806474874554,50.99944742471159],[14.447870011713977,50.999418121508455],[14.447978635379595,50.999385390020365],[14.448082090197744,50.999370483333315],[14.448184570933991,50.999326323773836],[14.448274277509844,50.99931381068683],[14.448391658146507,50.999274524259334],[14.448576967704945,50.99917606624329],[14.448655019157293,50.99909433625088]]},"properties":{"OBJECTID":318816,"fid_zbg":"3335448","jmeno":null,"typtoku_p":"povrchový nesplavný","vydattok_p":"stálý","idvt":"10229458"}},{"type":"Feature","id":320451,"geometry":{"type":"LineString","coordinates":[[14.39208992348287,50.986794932574206],[14.39183238409279,50.98701207385478],[14.391656945487991,50.98714651526632],[14.391612240375691,50.98716465397077],[14.391339123712783,50.98722663960427],[14.391317451691036,50.98723173944782],[14.391261466477035,50.98723755383972]]},"properties":{"OBJECTID":320451,"fid_zbg":"4076148526940160","jmeno":null,"typtoku_p":"povrchový nesplavný","vydattok_p":"stálý","idvt":null}},{"type":"Feature","id":320456,"geometry":{"type":"LineString","coordinates":[[14.398286815449357,50.98339713834478],[14.398231923902218,50.983452737556],[14.398078698588476,50.98355472984514],[14.397881431310479,50.98365434141529],[14.397659212351241,50.98371595902115],[14.397472591404362,50.98379827672053],[14.397373821308578,50.983842054475126],[14.397212874957608,50.98390112743261],[14.397138041788851,50.98393771484688],[14.39708858396179,50.9839686890162],[14.397002072832315,50.98417984305091],[14.396997463219593,50.98420167219145],[14.396917440724188,50.9842776137501],[14.396801014067398,50.98440070935967],[14.396675132235686,50.98450127804668],[14.396555186180182,50.98454301285497],[14.396467716511253,50.984555181143705],[14.39628046204275,50.98454178845464],[14.396207234502556,50.98454666684022],[14.396163613197878,50.98457263192621],[14.396145826411573,50.98459812327888],[14.396154768256011,50.984646029742684],[14.396143669933325,50.98474027312051],[14.396099769242282,50.98485951768677],[14.396056187866101,50.9849018822275],[14.395811582166877,50.98510365045673],[14.395731540586329,50.98513379536541],[14.39569709272627,50.98522371100106],[14.395670076763535,50.985244134495694],[14.39561920109255,50.98525585769173],[14.39554921085801,50.98525058288067],[14.395453659851658,50.98526354436218],[14.395219973714882,50.98534509311662],[14.395086793004252,50.985387906957826],[14.395032401061624,50.985424212806066],[14.394930029675448,50.98552873191874],[14.39484614208552,50.98560378264326],[14.394754773312735,50.98564655154541],[14.394650664727822,50.98567867514715],[14.394522345890959,50.98570863694857],[14.394046178606995,50.985960504067606],[14.39388108673577,50.98603954664488],[14.39382491187998,50.986066568812376],[14.393752042330972,50.986118877738264],[14.39370345898694,50.98625136114918],[14.393659761432415,50.98631233408018],[14.39359084230085,50.98636458758477],[14.39347177965409,50.98643053269001],[14.39318244346425,50.986533493079264],[14.39308612468329,50.98655653043727],[14.392938838560907,50.98656597557688],[14.3927705662325,50.98654488457653],[14.392635841840384,50.986509473923924],[14.392562981574333,50.98652015318103],[14.3925320879724,50.98654758822635],[14.392500641855115,50.986653534857105],[14.392446946050308,50.986699926803254],[14.392407833983649,50.98671747289283],[14.392312982108457,50.98674622676554],[14.39208992348287,50.986794932574206]]},"properties":{"OBJECTID":320456,"fid_zbg":"4131047721664512","jmeno":null,"typtoku_p":"povrchový nesplavný","vydattok_p":"stálý","idvt":"10236545"}},{"type":"Feature","id":320461,"geometry":{"type":"LineString","coordinates":[[14.468464310905967,50.98918404857745],[14.468453218561256,50.989242813240885],[14.468552271852444,50.98978388824508]]},"properties":{"OBJECTID":320461,"fid_zbg":"4075701279916032","jmeno":null,"typtoku_p":"povrchový nesplavný","vydattok_p":"stálý","idvt":"10222429"}},{"type":"Feature","id":321222,"geometry":{"type":"LineString","coordinates":[[14.455392083194846,50.99076304682535],[14.455545304527185,50.99079490004631],[14.455826268726213,50.99085413375457],[14.455989445581178,50.99093348027635],[14.456067003108899,50.99099072298323],[14.45629786510057,50.99114782341536]]},"properties":{"OBJECTID":321222,"fid_zbg":"3238009","jmeno":null,"typtoku_p":"povrchový nesplavný","vydattok_p":"stálý","idvt":"10229448"}},{"type":"Feature","id":322240,"geometry":{"type":"LineString","coordinates":[[14.479276171839997,50.982774846450255],[14.479232959035379,50.98289603992527],[14.478901651299521,50.98368565934915],[14.478867353704468,50.9837597213955],[14.478864494828096,50.98378950343713],[14.478895572278619,50.983802618949554],[14.478949966118067,50.98381869963722],[14.47912823848053,50.983849428478806],[14.47926236323293,50.98387230935813],[14.47971581883742,50.98397239483523],[14.480105463242339,50.98409112107175],[14.480237442033335,50.984138709435534],[14.480409056806074,50.98421829555679],[14.480608003038093,50.98434886668311],[14.480788690034277,50.984458900878096],[14.480831303968776,50.98449904835093],[14.48087402154317,50.984560614927226],[14.480875971285776,50.984629912672915],[14.480887834177523,50.98469126596282],[14.480896394797872,50.98471677159464],[14.480910271620694,50.98473166803186],[14.480982986277299,50.98479004429924]]},"properties":{"OBJECTID":322240,"fid_zbg":"3239322","jmeno":null,"typtoku_p":"povrchový nesplavný","vydattok_p":"stálý","idvt":"10234273"}},{"type":"Feature","id":322344,"geometry":{"type":"LineString","coordinates":[[14.417385998022564,50.99771306035346],[14.417408839650601,50.99771770190319],[14.417435441776469,50.99771835110506],[14.417498678140339,50.99771425998491],[14.4175459649108,50.99773115853847],[14.41758097927706,50.9977352327768],[14.417625848053664,50.9977274782598],[14.41768207741417,50.99770929598514],[14.41776219811256,50.99769700766467],[14.417811314017635,50.99768467693248],[14.417844300242955,50.99767259718004],[14.417873182737855,50.99765434525384],[14.417910775547464,50.99764540550614],[14.417969470953032,50.9976454565002],[14.418035559274477,50.99765162946674],[14.418076562305965,50.99766622208378],[14.418152730725776,50.99767727133874],[14.418193867767208,50.9976912494958],[14.418264265499635,50.997703113308106],[14.418350397592839,50.99770559131897],[14.418674782260771,50.9976866798028],[14.41880488982834,50.99767593557945],[14.418897306536032,50.997655586331724]]},"properties":{"OBJECTID":322344,"fid_zbg":"3237772","jmeno":null,"typtoku_p":"povrchový nesplavný","vydattok_p":"stálý","idvt":"10229456"}},{"type":"Feature","id":322517,"geometry":{"type":"LineString","coordinates":[[14.468552271852444,50.98978388824508],[14.468491831969022,50.989940607174056],[14.468497003082884,50.98997044820224],[14.468513790861788,50.990038852191994]]},"properties":{"OBJECTID":322517,"fid_zbg":"3238080","jmeno":null,"typtoku_p":"povrchový nesplavný","vydattok_p":"stálý","idvt":"10222429"}},{"type":"Feature","id":322963,"geometry":{"type":"LineString","coordinates":[[14.416814702033173,50.997585338839784],[14.416923336435822,50.9975992894471],[14.416980262471734,50.997616489861585],[14.417060405446264,50.99762955440055],[14.417127269501052,50.99765175495265],[14.417215654588993,50.997666650977564],[14.417385998022564,50.99771306035346]]},"properties":{"OBJECTID":322963,"fid_zbg":"3237709","jmeno":null,"typtoku_p":"povrchový nesplavný","vydattok_p":"stálý","idvt":"10229456"}},{"type":"Feature","id":323441,"geometry":{"type":"LineString","coordinates":[[14.388552323131755,50.9740548793899],[14.38856520851598,50.97408403986558],[14.38865482489415,50.974200732045844],[14.388672511977084,50.974273683420144],[14.388652780540072,50.974350815606186],[14.38852766962559,50.97449188417711],[14.3885231311071,50.974554079688254],[14.388505099425968,50.97474245921374]]},"properties":{"OBJECTID":323441,"fid_zbg":"3237794","jmeno":null,"typtoku_p":"povrchový nesplavný","vydattok_p":"stálý","idvt":"10231866"}},{"type":"Feature","id":324149,"geometry":{"type":"LineString","coordinates":[[14.455849786839623,51.018120887926266],[14.455831789001536,51.018170155672316],[14.455737140189278,51.01839530668658],[14.455697807161393,51.01845478725324],[14.455648877224371,51.01850647055484],[14.455604779600987,51.01853598129351],[14.455418378962165,51.018630386981776],[14.455363194686935,51.018684505262655],[14.455355090668908,51.018739273401636],[14.455372588595722,51.01880622544945],[14.455407687292352,51.018861616671785],[14.455499908194831,51.018953327575865],[14.455695435284792,51.019143196165295]]},"properties":{"OBJECTID":324149,"fid_zbg":"3237418","jmeno":"Rožanský potok","typtoku_p":"povrchový nesplavný","vydattok_p":"stálý","idvt":"10101135"}},{"type":"Feature","id":324909,"geometry":{"type":"LineString","coordinates":[[14.455858740987503,51.01381508512396],[14.455938965914974,51.013830304227156]]},"properties":{"OBJECTID":324909,"fid_zbg":"3237343","jmeno":"Rožanský potok","typtoku_p":"povrchový nesplavný","vydattok_p":"stálý","idvt":"10101135"}},{"type":"Feature","id":326285,"geometry":{"type":"LineString","coordinates":[[14.436189197200385,51.01476164018104],[14.43619642606566,51.0147727000608],[14.436229439447281,51.01478027765951],[14.436250595722518,51.01480334057559],[14.43629180234314,51.014812262977344],[14.436304687412497,51.01483896432621],[14.436361512368558,51.014869036383345],[14.436442023294804,51.01500159562116],[14.436499999246623,51.01505016684538],[14.436589384978285,51.01508362171456],[14.436777631235588,51.01520538924382],[14.436863871985807,51.015295711651014],[14.436981412540828,51.01534783600557],[14.43702326298162,51.015409172705404],[14.437092001336753,51.01546803880256],[14.437185577441506,51.01551125542119],[14.437224040308942,51.01552346907297],[14.437326328722232,51.01556835651276],[14.437445509411473,51.015617510397675],[14.437553274934867,51.01563056395539],[14.43761495081716,51.01562474628042],[14.437972563866792,51.015698542065195],[14.438388319670084,51.01570947177193],[14.438814043205625,51.015720664408356]]},"properties":{"OBJECTID":326285,"fid_zbg":"3237262","jmeno":null,"typtoku_p":"povrchový nesplavný","vydattok_p":"stálý","idvt":"10236523"}},{"type":"Feature","id":328440,"geometry":{"type":"LineString","coordinates":[[14.472617026882277,50.99822966560352],[14.472595441407053,50.998312635966435],[14.47259076824334,50.99833418718952],[14.472586230731666,50.998469152602645],[14.472585579266074,50.99850928618962],[14.47253534708057,50.998624248381944],[14.472447528072392,50.998817070641934],[14.472427848365237,50.99889257583491],[14.472399963092311,50.998915751714094],[14.47239143606614,50.99892590209585],[14.472405407211669,50.99898943442758],[14.472354625096736,50.999039301451084],[14.472309067894221,50.99911148360593],[14.472292959301106,50.999198365226746],[14.472300148249293,50.99921957984513],[14.472336380584442,50.99951129492914],[14.472346259251301,50.99959171105903],[14.472334984856017,50.99976503264674],[14.4723149560959,50.99990552813689],[14.472314600770186,50.999908028599975],[14.472286049668869,50.99997743336082],[14.472229492016107,51.000045309023356],[14.472197272499367,51.000072556058],[14.472142345010974,51.000116603702516],[14.472099606421198,51.000145682265995],[14.47208058176407,51.00014921075075],[14.472052474188551,51.00014290998912],[14.471941360958018,51.00011958967155],[14.471892393885703,51.00011599662657],[14.471842106163257,51.00013705664435],[14.471716289241485,51.000335080279655],[14.470145887271824,51.00073156535713]]},"properties":{"OBJECTID":328440,"fid_zbg":"3321755","jmeno":"Lesní potok","typtoku_p":"povrchový nesplavný","vydattok_p":"stálý","idvt":"10283941"}},{"type":"Feature","id":329301,"geometry":{"type":"LineString","coordinates":[[14.411310396221246,50.980800281538606],[14.411190620166598,50.98084109127546],[14.410824346769864,50.98104425887576],[14.410705541465669,50.98108746628545],[14.410595270067978,50.98111263343979],[14.410543695089666,50.981132286103225],[14.4104507279349,50.98119080457469],[14.4102827293502,50.981264487077794],[14.410027228552126,50.98142039041004]]},"properties":{"OBJECTID":329301,"fid_zbg":"3237143","jmeno":null,"typtoku_p":"povrchový nesplavný","vydattok_p":"stálý","idvt":"10222438"}},{"type":"Feature","id":329627,"geometry":{"type":"LineString","coordinates":[[14.478727176052919,50.984454931648266],[14.478767739620237,50.98450393889985],[14.47879337322925,50.98460162680509],[14.478823709105857,50.98465346170052],[14.47896810785022,50.98475703717429],[14.479069221575763,50.98479245502908],[14.47919171369083,50.98480887024636],[14.479320427590668,50.98480777786388],[14.479426291234462,50.98480196425354],[14.4795031734799,50.98478901329234],[14.479566635031466,50.98478579957622],[14.479636448079935,50.98480309271098],[14.479686946025225,50.98484326792033],[14.479737539882311,50.984905160983466],[14.4797562369098,50.984928656666916],[14.479836409426795,50.984942316771054],[14.47991297233043,50.9849696545012],[14.479987892566294,50.98497843398818],[14.48008870450068,50.984967212242026],[14.480209839577997,50.98492626412861],[14.480301715323149,50.984872294286816],[14.480386523324023,50.98480682788251],[14.480471094900517,50.98475990258474],[14.480584772884269,50.98473493071253],[14.480700105448,50.984720235083465],[14.480803791110944,50.98474139421576],[14.480902301107994,50.984765082247904],[14.480982986277299,50.98479004429924]]},"properties":{"OBJECTID":329627,"fid_zbg":"3239323","jmeno":null,"typtoku_p":"povrchový nesplavný","vydattok_p":"stálý","idvt":"10234269"}},{"type":"Feature","id":329801,"geometry":{"type":"LineString","coordinates":[[14.380982183065175,51.029186475152265],[14.380793193731229,51.02914470387213],[14.380573552806888,51.0291312045538],[14.380472286128489,51.02911857577166],[14.380225677568543,51.029059355294514],[14.379659026788183,51.02902525486206],[14.379348360148322,51.0289799624969],[14.37925722941951,51.02895587506337],[14.379101716320795,51.02889660032592],[14.378886487856043,51.02883076369107],[14.378827574878253,51.02882644957706],[14.378676026245396,51.028837114913216],[14.378635676035389,51.028824254796554],[14.37860653776696,51.028798306867614],[14.378590827521363,51.02866899909952],[14.378559933436408,51.028601794248246],[14.37843985459112,51.028451691439024],[14.378125256280963,51.028195088632295],[14.377970065261735,51.028113337208204],[14.377853127956348,51.02801985504312],[14.377438890589907,51.02776228377494],[14.377395082993147,51.02772317103346],[14.37737342072257,51.027693972147596],[14.377377720019611,51.0276454391221],[14.377391922922063,51.02761147011761],[14.377414962482307,51.027562119555824],[14.377413956336985,51.02754043638862],[14.377370422920837,51.027481022291965],[14.377284783360135,51.027424655028085],[14.377206714666258,51.02735343103953],[14.377156366556877,51.027337612400586],[14.377029808920842,51.027316969975224],[14.37687967389734,51.02730543429787],[14.376797392672021,51.02728628935459],[14.37668471305228,51.02724498768902],[14.376564079032676,51.02718548059301],[14.37645877230962,51.02711052209946],[14.37637475676309,51.0270362386766],[14.376138094502878,51.02686934320138],[14.376020829667096,51.0267957106719],[14.375988520117332,51.02676848743335],[14.37597586379933,51.026746787346326],[14.37601563814617,51.0266098810887],[14.37601230320077,51.02659489102824],[14.375960998032479,51.02654732089215],[14.37594675788267,51.026515773864446],[14.375788632819026,51.02632660165714],[14.375700258491468,51.026234788302204],[14.375540373515356,51.02615743279971],[14.375451945441243,51.026096737601094],[14.375359916871549,51.0259598717037],[14.375319564876264,51.0258498296352],[14.375304966403457,51.025730598378445],[14.375203141454985,51.02558525670831],[14.375139021480225,51.025459188123044],[14.375052382433983,51.025237570186704],[14.374856795543948,51.02483871179289],[14.374639991727028,51.02441167175225],[14.374614869472708,51.02434705487569],[14.374630074767989,51.024303918113986],[14.374736903517144,51.02418274524819],[14.374804969805473,51.0241275186994],[14.375247678909586,51.02369271273541],[14.3754165350455,51.02353729152013],[14.375531162454353,51.023463255604355],[14.37572446381445,51.0233709399253],[14.375978493560682,51.02328972226881],[14.376192390831438,51.02321371847167],[14.376321554639079,51.023135050477734],[14.376443435269291,51.02305547563724],[14.377333839538348,51.02246893709056],[14.377490595905622,51.02237987789561],[14.377524217182556,51.022328182706644],[14.377575847721634,51.02217388950069],[14.377697353652238,51.02186607582822],[14.377745601120745,51.021805401408415],[14.377804973173134,51.02177473213721],[14.37786571947326,51.02175552476621],[14.377963467257382,51.02169217559611],[14.377717413941228,51.02065735502117]]},"properties":{"OBJECTID":329801,"fid_zbg":"3349514","jmeno":null,"typtoku_p":"povrchový nesplavný","vydattok_p":"stálý","idvt":"10227159"}},{"type":"Feature","id":329965,"geometry":{"type":"LineString","coordinates":[[14.47815135240989,51.01445831479744],[14.478092591307279,51.01447329501979],[14.47803455653948,51.01449686558647],[14.477984991180872,51.014512548310755],[14.477947746881878,51.01451849817608],[14.477903543897842,51.014517406587395],[14.477817375102148,51.01450888448525],[14.477746695988179,51.01450387586032],[14.477646511971745,51.014504940303325],[14.477590878449861,51.01450549339725],[14.47753268443008,51.01450591629384],[14.477478603853616,51.01450660330643],[14.477361822386213,51.0145105902365]]},"properties":{"OBJECTID":329965,"fid_zbg":"3272488","jmeno":null,"typtoku_p":"povrchový nesplavný","vydattok_p":"stálý","idvt":"10222415"}},{"type":"Feature","id":330376,"geometry":{"type":"LineString","coordinates":[[14.438697195335571,50.99358963499156],[14.438722357251844,50.99366693801678]]},"properties":{"OBJECTID":330376,"fid_zbg":"3342048","jmeno":"Stříbrný potok","typtoku_p":"povrchový nesplavný","vydattok_p":"stálý","idvt":"10101808"}},{"type":"Feature","id":331542,"geometry":{"type":"LineString","coordinates":[[14.446803292171106,50.98147243429855],[14.44657263768783,50.981545727268504],[14.446139931675946,50.98164534280078],[14.445604860682353,50.9817927051693],[14.445203118056194,50.98187349693355],[14.44494542744322,50.98196667371636]]},"properties":{"OBJECTID":331542,"fid_zbg":"3308014","jmeno":null,"typtoku_p":"povrchový nesplavný","vydattok_p":"stálý","idvt":"10236542"}},{"type":"Feature","id":332068,"geometry":{"type":"LineString","coordinates":[[14.38798347737334,50.982257460530505],[14.387946025350475,50.98229267100547],[14.387928869865474,50.98234353223257],[14.387939252252627,50.98237165783675],[14.387976791699261,50.982393256651235],[14.38804304477115,50.982413636267275],[14.388045424799044,50.98244687202143],[14.388013184220625,50.982547014518346],[14.387992389567403,50.982611958807425],[14.38797725429687,50.98271532431818],[14.387964729746521,50.9828166760143],[14.388014629435727,50.98289352166714],[14.388040666673573,50.98301311312091],[14.388030432312215,50.983097215470664]]},"properties":{"OBJECTID":332068,"fid_zbg":"3238140","jmeno":null,"typtoku_p":"povrchový nesplavný","vydattok_p":"stálý","idvt":"10227193"}},{"type":"Feature","id":332249,"geometry":{"type":"LineString","coordinates":[[14.47736338635298,51.01792090486703],[14.477014920973334,51.01789051779383],[14.476803165282659,51.017867224187704],[14.476597850233183,51.01785495496285],[14.476295080752495,51.01784970019958],[14.47613752908871,51.01784599615418],[14.47603450263886,51.017834930259085],[14.47592612575006,51.01782068103628],[14.47575967736916,51.017809586295314],[14.475674722965948,51.01780007928794],[14.475597135440896,51.01777251937367],[14.47555928063522,51.0177461195165],[14.475487932813373,51.01772626480786],[14.475441016980698,51.017717771572194],[14.47536807430265,51.01771256664852],[14.47529663608524,51.017713025448806],[14.475232421666211,51.017708029206695],[14.475149081861934,51.01770301570203],[14.47508880800962,51.017707703619855],[14.475001106035629,51.01771882480087],[14.474929667802503,51.01771928337969],[14.474855789565476,51.017702475872674],[14.47481275326815,51.01768007396188],[14.474777661461397,51.01764955761805],[14.474717621724517,51.017621333895015],[14.47465599558833,51.01760440407016],[14.47455135574817,51.01758884298863],[14.474382165098165,51.01755392215631],[14.474253212532918,51.01752247326483],[14.474063945060305,51.01747202989533],[14.473956516039873,51.01745341520663],[14.473856702764273,51.0174474327797],[14.472584855527494,51.017475840096004],[14.472539419465235,51.01748108153108],[14.472477314651483,51.01749188800224],[14.472349642115693,51.017508711278374],[14.472231902272453,51.01753020199578],[14.472097673011064,51.01755490526421],[14.4720007401734,51.017576749151054],[14.471916050235524,51.017601826979025],[14.471828863411421,51.017618524325506],[14.471774608224012,51.017616018748804],[14.471713695006951,51.01759978387972],[14.471660521737864,51.01758367270998],[14.471596060561218,51.01757809067466],[14.471553357923204,51.01758041058013],[14.471500437342485,51.01759562001336],[14.47146076432544,51.01761805122486],[14.471385212379301,51.01765271742684],[14.47132305371818,51.01766277477347],[14.471255834737851,51.01765969430237],[14.4711881714548,51.01765004349922],[14.471098966364872,51.01763626516942],[14.470986997645506,51.01763857539931],[14.4708910271481,51.01765995717952],[14.470824446923027,51.0176777975387],[14.470768772268798,51.01768514833753],[14.470714436725448,51.017686989972816],[14.470670120904867,51.01768706558144],[14.470637503950854,51.01769686031062],[14.470597482640455,51.01772089419905],[14.470539789420199,51.01774086238588],[14.469415893600475,51.01794784740452],[14.469190912935424,51.018024208145775],[14.469129051079502,51.01804396099098],[14.469041931562083,51.01806570638909]]},"properties":{"OBJECTID":332249,"fid_zbg":"3307750","jmeno":null,"typtoku_p":"povrchový nesplavný","vydattok_p":"stálý","idvt":"10236508"}},{"type":"Feature","id":332438,"geometry":{"type":"LineString","coordinates":[[14.408922195323791,50.97336188545389],[14.408815404496364,50.97336194650172],[14.408693912575067,50.97334902457923],[14.40861738655056,50.97332431502154],[14.40840665035628,50.9732728473636],[14.4082926470295,50.97322394666315],[14.408177078487915,50.97322406051959],[14.408064038899864,50.97319544989832],[14.407831004027946,50.97307392794943],[14.407476951950077,50.97297091752334],[14.40702950058787,50.972863903413995],[14.406914922156073,50.97284235298269],[14.406755649533173,50.972801436468565],[14.406621598805051,50.972803534570964],[14.406540912610316,50.97279724377408],[14.4064482492057,50.97276568518917],[14.406388839764235,50.972723589703264],[14.406334190898207,50.97265525940837],[14.406244795525756,50.97256162287906],[14.406200124937433,50.97253859303261],[14.406104250736368,50.97252880341131],[14.405940971166437,50.97255987997017],[14.405829937989727,50.972568061980766],[14.405789713349025,50.97255824851928],[14.405760162651497,50.972536134226935],[14.405710712027386,50.97247092323022],[14.405640971768948,50.97244186565475],[14.405616473289218,50.97241905652543],[14.4055933465808,50.97233034804682],[14.405565045498745,50.97231014798642],[14.405445035671564,50.97229426630986],[14.405323343808199,50.97225210657014],[14.405193937405954,50.97223667764334],[14.405063530966311,50.97225790922471],[14.404984695557438,50.97225967217418],[14.404783838038101,50.9722133482282],[14.404471527262643,50.972160142321336],[14.404356877411328,50.97211060931925],[14.404255122467013,50.97206402160915],[14.404128515552797,50.971967073565764],[14.403924417627579,50.97184669844157],[14.403769199903987,50.971690016292136],[14.40365195745536,50.97158980813645],[14.403499305061176,50.97151818603895],[14.403461311903305,50.97149578118314],[14.40340341226381,50.97146792445375],[14.403168898767957,50.971340618988016],[14.402939525071625,50.971249165004544],[14.402680187459342,50.97117681662719],[14.402551529096842,50.971155669688926],[14.40242492121026,50.97116457109366],[14.402335310451306,50.97118120983346],[14.402032135274201,50.97144208286884],[14.401943897541065,50.97142496927241]]},"properties":{"OBJECTID":332438,"fid_zbg":"3321249","jmeno":null,"typtoku_p":"povrchový nesplavný","vydattok_p":"stálý","idvt":"10231874"}},{"type":"Feature","id":332630,"geometry":{"type":"LineString","coordinates":[[14.426500675736008,51.0056247434995],[14.42654292070137,51.005583314537446],[14.426602650207672,51.00550783585622],[14.426658404418045,51.005479645518584],[14.426855855919216,51.005446867971294],[14.427160119894902,51.0054264559768],[14.427357217327556,51.00542447686631],[14.427679312236892,51.00546492884071],[14.427810870072905,51.005481272640914],[14.428115735459997,51.00547559039161],[14.42831578899534,51.00544974103942],[14.428475409092309,51.00541832585968],[14.428641038425653,51.00537919330346],[14.428780452154873,51.00533253423777],[14.429234305952333,51.00514524380861],[14.429452555710968,51.00505848514142],[14.429853484693922,51.00487977798323],[14.429923767598504,51.0048488448049],[14.430159352487935,51.00473292153148],[14.430353788369578,51.004631422077985],[14.430471540400658,51.004568920192526],[14.43092476545778,51.004489174634955],[14.430969652363467,51.00447712478752],[14.430977447966724,51.004170918703934],[14.431012162392168,51.004156517201146],[14.431140836276985,51.00416522218854],[14.431247253083441,51.004181705614904],[14.431435856122853,51.00422491084266],[14.4316159322572,51.004272275948345],[14.431821937932218,51.00432669702342],[14.43190361878892,51.00433658990816],[14.43198946717336,51.00432007896767],[14.432086806552642,51.004299664658646],[14.432155177981251,51.0042584121168],[14.432274485119786,51.0041371060917],[14.432342525173047,51.00409010883713]]},"properties":{"OBJECTID":332630,"fid_zbg":"3861382680281088","jmeno":null,"typtoku_p":"povrchový nesplavný","vydattok_p":"stálý","idvt":"10236527"}},{"type":"Feature","id":333095,"geometry":{"type":"LineString","coordinates":[[14.44012051765315,50.982507756950916],[14.440023870505206,50.98254901042238],[14.439987787415985,50.982595965683856],[14.439963023269478,50.98264308523295],[14.439859688458764,50.98276505170118],[14.439844152481546,50.98290409848687],[14.439795449777957,50.9831492540871]]},"properties":{"OBJECTID":333095,"fid_zbg":"3356311","jmeno":null,"typtoku_p":"povrchový nesplavný","vydattok_p":"stálý","idvt":"10227197"}},{"type":"Feature","id":334711,"geometry":{"type":"LineString","coordinates":[[14.491662499143484,51.01733805864139],[14.491715053614103,51.01726139330475],[14.491754696061957,51.017243035880874],[14.491819982587112,51.01722979041954],[14.491857111572532,51.01720377759457],[14.491869999596068,51.017180121810455],[14.491862303986593,51.017120673760424],[14.49185600663242,51.017043474741875],[14.491867991623547,51.016952247110254],[14.491895152041831,51.01688990492122],[14.491909143982065,51.016845206978324],[14.49193669176315,51.01681628231314],[14.491974651940517,51.01679904999132],[14.492009282671594,51.01677726712431],[14.492026415442329,51.01674463304448],[14.492040471241689,51.01667971052801],[14.492112725190246,51.01658777779822],[14.49218152335011,51.016525756391836],[14.492225100050058,51.01648324396809],[14.492277792307071,51.016453763633834],[14.492343948834094,51.016424535887616],[14.492372629825802,51.01638173823891],[14.492381817813733,51.01634660543663],[14.492352170161688,51.016296878414224],[14.492338787057056,51.0162617064548],[14.492362639105536,51.01622792750515],[14.492447574361957,51.01615314405965],[14.492466368279235,51.016100876570725],[14.49246435163917,51.01602050836261],[14.492514433271573,51.01592004325474],[14.492562415269614,51.01584389107722],[14.492632025943065,51.0157847517778],[14.49283840439164,51.015632614058255],[14.492992457560112,51.01552885752462],[14.493107915220147,51.01544527237631],[14.493134596809746,51.01542372993949],[14.493165161106653,51.015397405450656],[14.493198715238824,51.01536464351548],[14.493225292382196,51.015312955663084],[14.493234853191252,51.015272774776896],[14.493249080960668,51.01525023222206],[14.493305876838008,51.01520377798064],[14.493434021850838,51.01507021138555],[14.493610672507831,51.01490390043652],[14.494031889549104,51.01446345835036],[14.494363330773655,51.014126140268665],[14.494534837934665,51.01394568716205],[14.494569630969158,51.01390386923006],[14.49459127651868,51.01385502234943],[14.494603964255804,51.013737529169006],[14.494576555883354,51.01362668868],[14.49448599088261,51.01345084369181],[14.494325143452988,51.01324365331334],[14.494102909841406,51.01294734329458]]},"properties":{"OBJECTID":334711,"fid_zbg":"3240175","jmeno":null,"typtoku_p":"povrchový nesplavný","vydattok_p":"stálý","idvt":"10224776"}},{"type":"Feature","id":334957,"geometry":{"type":"LineString","coordinates":[[14.466605865720949,50.9857263962498],[14.466456063391664,50.9859134050283],[14.466411717288599,50.98598333086797],[14.466382727009599,50.98605866633041],[14.466360802300207,50.98620347160497],[14.466347311901622,50.986221266979015],[14.466329611564676,50.98623461596315],[14.466268728132448,50.98626283133303],[14.466229556585091,50.986289021948934],[14.466122116433974,50.98645764571813],[14.466124337257854,50.98647788756538],[14.466157363741708,50.98649725348797],[14.46620852501624,50.986535061228004],[14.466219243353557,50.986622809999204],[14.466254109341715,50.98671055898487],[14.466265046496522,50.98674561624773],[14.466261534781834,50.98687577325984],[14.466210886246328,50.987002509887],[14.466217096020959,50.98705147478237],[14.466245622143724,50.98707634874326],[14.466311991736847,50.98712091408292]]},"properties":{"OBJECTID":334957,"fid_zbg":"3238635","jmeno":null,"typtoku_p":"povrchový nesplavný","vydattok_p":"stálý","idvt":"10227196"}},{"type":"Feature","id":336269,"geometry":{"type":"LineString","coordinates":[[14.437039088398535,51.02384012836779],[14.437258423441499,51.02388461671743],[14.437659962263776,51.02396594020593],[14.43775912501394,51.023980469644115],[14.43784605025017,51.023990682224536],[14.437988772470149,51.02399503861399],[14.438423303508358,51.024005899710865],[14.438611009653066,51.02401679957758],[14.438712863654038,51.02403482736984],[14.438953267999077,51.024096995664614],[14.439102594324726,51.02413584521276],[14.439152999445236,51.024149735631106],[14.439383370444775,51.024199711558225],[14.439492960456377,51.024234875281984],[14.439723131106811,51.02434063002525],[14.440216964569451,51.02454632755797],[14.440353403549901,51.024602096068925],[14.440390155608995,51.02461711747055],[14.440523045094766,51.02465429708121],[14.440581318773294,51.02466455845295],[14.440700927503022,51.02468040152147],[14.440892147910004,51.02469962190972],[14.44126239595634,51.0247342663621],[14.441466133924399,51.0247477285492],[14.441714973567652,51.02474459011413],[14.442037773796216,51.024744677378536],[14.442173004073801,51.024765817598954],[14.442843049701358,51.024807425082166],[14.443089515352602,51.024822731552284],[14.444070043400256,51.02481286950468],[14.444990864461856,51.024992802565166],[14.445178364969745,51.02502668176094]]},"properties":{"OBJECTID":336269,"fid_zbg":"3237250","jmeno":"Dřevíč","typtoku_p":"povrchový nesplavný","vydattok_p":"stálý","idvt":"10112527"}},{"type":"Feature","id":336341,"geometry":{"type":"LineString","coordinates":[[14.419127828707744,50.99552136058912],[14.419154313189267,50.995553873271355],[14.419163200370187,50.99559423090149],[14.419155911113524,50.99566724486362],[14.41922601908286,50.996023009850646],[14.41923045149556,50.99608182566596],[14.419223735390329,50.99611263573606],[14.41921473471541,50.99614733040318],[14.41908764648437,50.996316127874465],[14.41902653266186,50.99647314126172],[14.419020968373006,50.99650196449586],[14.419031644970381,50.99652158199445],[14.419049619606117,50.996532124754886],[14.41909847820339,50.99656410267109],[14.419117062488546,50.99657626799433],[14.419171665244567,50.99661203805759],[14.41919353757724,50.996821239874635],[14.419223196776255,50.99710909216],[14.41923287765115,50.997274428529686],[14.41926731040244,50.997355900108786],[14.419272573783765,50.99739573441316],[14.419257557829589,50.997605109216096],[14.419203897115526,50.99763472954215],[14.419162496904256,50.997657574930585],[14.419103163009677,50.99769033201701],[14.418982983737056,50.99774404685554]]},"properties":{"OBJECTID":336341,"fid_zbg":"3237932","jmeno":"Šluknovský potok","typtoku_p":"povrchový nesplavný","vydattok_p":"stálý","idvt":"10104877"}},{"type":"Feature","id":336545,"geometry":{"type":"LineString","coordinates":[[14.435880277036915,50.99242636620275],[14.436017124739694,50.99252783956282],[14.436189457341687,50.99261964982854],[14.43638301899287,50.99267283468459],[14.436571399150743,50.9927661530024],[14.436913145328216,50.99290215800382],[14.43730604273942,50.99313675241534],[14.437525807218801,50.993280366480626]]},"properties":{"OBJECTID":336545,"fid_zbg":"3237775","jmeno":null,"typtoku_p":"povrchový nesplavný","vydattok_p":"občasný","idvt":"10220073"}},{"type":"Feature","id":337444,"geometry":{"type":"LineString","coordinates":[[14.411278833203024,50.97452904485874],[14.411274659816522,50.97445387215827],[14.4113160013779,50.974274827600446],[14.411316432772049,50.97422315594593],[14.41130059016047,50.97411483107211],[14.411287844421194,50.973977277823494],[14.411251094605168,50.97383447151336],[14.411201036053319,50.97371038812422],[14.411123225018583,50.97361709188286],[14.411070211834247,50.97356534766457],[14.410932894245017,50.97347223206796],[14.410646577193516,50.97334913362727],[14.410528784566692,50.97326797666025],[14.410447274666131,50.97319092624785],[14.410341562256752,50.97312970087065],[14.410236792987106,50.973087348363755],[14.41004245796578,50.97302393524867],[14.40997067891113,50.9729881341708],[14.409831770709895,50.9728784739286],[14.409671451371722,50.97277039088518],[14.409553001757866,50.97266616535661],[14.409451888159289,50.97256850978469]]},"properties":{"OBJECTID":337444,"fid_zbg":"3356310","jmeno":null,"typtoku_p":"povrchový nesplavný","vydattok_p":"stálý","idvt":"10231865"}},{"type":"Feature","id":337497,"geometry":{"type":"LineString","coordinates":[[14.510091307188086,50.98319900925423],[14.509931983623918,50.98308895880311],[14.509774000872408,50.982974034059126],[14.509704883279296,50.98292408889725],[14.509681030991457,50.982893460718095],[14.509653689282276,50.98285037628465],[14.509642781662844,50.98275581855322],[14.509620962350906,50.98272309739198],[14.509545003035136,50.98268353997364],[14.5094777205863,50.9826397398064],[14.509408418097914,50.9825953121683],[14.50909324051946,50.98248627158122],[14.508920085823393,50.98244926213826],[14.508879515091841,50.98242850722378],[14.508850739064627,50.98241668690935],[14.508818300428548,50.982385228795536],[14.508790882414086,50.98233052579745],[14.508735035963266,50.98229433160426],[14.508587334120133,50.98222764349046],[14.508539420010386,50.98216337478456],[14.508501035656657,50.98209357608834],[14.508491054442112,50.982012705184104],[14.508488109858831,50.98198042886649],[14.50847800892302,50.98196731279981],[14.508468357105446,50.981960766966694],[14.50845269637463,50.98195742333678],[14.508339468084316,50.981966002793094],[14.508311872721917,50.981963355567494],[14.5082893628211,50.981957789524145],[14.508231651428927,50.98193821704202],[14.508204267346938,50.98192061975994],[14.508167795629806,50.981886546355376],[14.508083263526665,50.98179553938629],[14.508036813926832,50.981788366365606]]},"properties":{"OBJECTID":337497,"fid_zbg":"3239112","jmeno":null,"typtoku_p":"povrchový nesplavný","vydattok_p":"stálý","idvt":"10229481"}},{"type":"Feature","id":337570,"geometry":{"type":"LineString","coordinates":[[14.381558565756608,51.02116770222093],[14.381480139220695,51.021126392553285],[14.381269535588702,51.021008695239544],[14.381130049118186,51.02092232499831]]},"properties":{"OBJECTID":337570,"fid_zbg":"3237467","jmeno":"Solandský potok","typtoku_p":"povrchový nesplavný","vydattok_p":"stálý","idvt":"10231827"}},{"type":"Feature","id":337664,"geometry":{"type":"LineString","coordinates":[[14.467970227526571,51.00131401764018],[14.46791160693496,51.001314488215094],[14.467874806929505,51.00132174261112],[14.46785584791636,51.00133026590535],[14.467784909996162,51.00139943822389],[14.467760114358425,51.001436851501204],[14.46767934225428,51.00152749210174],[14.46767242271089,51.00155474626747],[14.467684028956334,51.00158541513385],[14.467709961356961,51.00161632352786],[14.467907683017467,51.00173882209756],[14.468195751183357,51.00182543188576],[14.468490660510641,51.00191252288958],[14.468600094415722,51.00193544712837],[14.468677177499446,51.00197421152429],[14.468696516606657,51.00204479466172],[14.46872518270301,51.00209836545477],[14.468847585820694,51.00234776418583]]},"properties":{"OBJECTID":337664,"fid_zbg":"3314771","jmeno":null,"typtoku_p":"povrchový nesplavný","vydattok_p":"stálý","idvt":"10229448"}},{"type":"Feature","id":339254,"geometry":{"type":"LineString","coordinates":[[14.475049511764848,51.02409040843373],[14.474960708813262,51.02412710954722],[14.474881302455483,51.02418349114021],[14.474825841701149,51.024224973827764],[14.474763635013273,51.02425643956816],[14.474643666375934,51.02428627856462]]},"properties":{"OBJECTID":339254,"fid_zbg":"3237232","jmeno":null,"typtoku_p":"povrchový nesplavný","vydattok_p":"stálý","idvt":"10227162"}},{"type":"Feature","id":340286,"geometry":{"type":"LineString","coordinates":[[14.41562131080994,50.99074398240662],[14.415799227603404,50.990802813280396],[14.416059566157525,50.990945769935585]]},"properties":{"OBJECTID":340286,"fid_zbg":"3237703","jmeno":"Šluknovský potok","typtoku_p":"povrchový nesplavný","vydattok_p":"stálý","idvt":"10104877"}},{"type":"Feature","id":341016,"geometry":{"type":"LineString","coordinates":[[14.41953640739902,50.98990543389384],[14.41958354092727,50.9901838075859],[14.41967457885929,50.990467262974114],[14.419708005457707,50.990549373565564],[14.419696630032346,50.99065697357507],[14.419712931215528,50.990719378514356],[14.419785727752584,50.99082922295549],[14.419845151219953,50.990933279059774],[14.419881476197578,50.991063438514004],[14.419944720030179,50.991166392604896],[14.419972047167915,50.991314751897406],[14.420002630774828,50.991419806441364],[14.42000529200275,50.991542951416946],[14.419986229429677,50.99160323898795],[14.420009554752895,50.991740608008776],[14.42001154080153,50.991812167945056],[14.42000602784153,50.9919240058653],[14.420034223343661,50.992012975013864],[14.420039411563566,50.99209009348297],[14.420012333874544,50.99217475438424],[14.42000445751001,50.99266405679862],[14.41994768797001,50.992745105883856],[14.419954045301584,50.99291514409317],[14.419949457333002,50.99307933265675],[14.41993373807487,50.993268867052635],[14.419904030798095,50.99339870170597],[14.419850179385785,50.99361002227477]]},"properties":{"OBJECTID":341016,"fid_zbg":"3237768","jmeno":null,"typtoku_p":"povrchový nesplavný","vydattok_p":"stálý","idvt":"10220074"}},{"type":"Feature","id":341959,"geometry":{"type":"LineString","coordinates":[[14.42417442916798,51.0097025308077],[14.42412281486569,51.00961666905227],[14.424101636142614,51.009541612909224],[14.424114957327369,51.00943561621402],[14.424145461995607,51.00936295623491],[14.424208700116877,51.00926020051218],[14.424256543096396,51.00920564801521],[14.424292985571915,51.00909848127604],[14.424308840280931,51.00901847166491],[14.424334771811512,51.00897735197181],[14.424532663957615,51.00875362848131],[14.424621500328104,51.00863041047935],[14.424673605859155,51.00854837351883],[14.42468571454068,51.00848554988069],[14.424677593183407,51.00841062835184],[14.424619396105411,51.008298882084404],[14.42460577960028,51.008173945322774],[14.42458126290513,51.00810694685978],[14.424556942800885,51.007993511670854],[14.4245363118094,51.0077958360701],[14.424550077884865,51.007687791174135],[14.424540243271302,51.00759103649346],[14.42453482983241,51.007058571340956],[14.42456114679098,51.00668736380055],[14.424631674168099,51.006516820876655],[14.424700281300927,51.006418441378784],[14.424816360807226,51.006329886503224],[14.424865018366486,51.00626233955523],[14.424853223274086,51.00622275619948],[14.424784301949433,51.00617277394097],[14.424779504453118,51.00615321376776],[14.424800901560085,51.00611316153846],[14.424812341845449,51.006092206266906],[14.424828333184314,51.00606686427798],[14.424842658089776,51.00604415408194],[14.42497813697266,51.00584617384821],[14.42502975633241,51.005790769419654],[14.425091389445477,51.005740225671055],[14.425138561750295,51.005707208717105],[14.425180771828717,51.00569036492931],[14.42523901151579,51.005672552506795],[14.425337762688917,51.00565499666245]]},"properties":{"OBJECTID":341959,"fid_zbg":"3349499","jmeno":null,"typtoku_p":"povrchový nesplavný","vydattok_p":"stálý","idvt":"10229443"}},{"type":"Feature","id":342141,"geometry":{"type":"LineString","coordinates":[[14.387486646050704,51.016219932656995],[14.387322612108404,51.016324238030876],[14.387198346804801,51.01641686095235],[14.387026896721594,51.0165298754148],[14.386945075047167,51.01658826486437],[14.386835143061129,51.01673240307183],[14.386794757082585,51.01676708762428],[14.386696796556574,51.016796669772965],[14.386653524806976,51.016822846088814],[14.386479644990002,51.017004154433614],[14.38643770632955,51.017033441039075],[14.386336192653761,51.01707485418699],[14.386256769542438,51.01710761038375],[14.386168629332172,51.017151476029184],[14.385908613726407,51.017394426780726],[14.385818465098037,51.017492831475856],[14.385755276292697,51.01757189706359],[14.385688163416651,51.017691906117115],[14.385613515205593,51.01777206102395],[14.385379032220174,51.01796206603415],[14.385231826807154,51.01805232755666],[14.385136727024966,51.018135873808454],[14.385110079599565,51.018280002717475],[14.385060246499414,51.0183210326369],[14.38485389873903,51.01841820391836]]},"properties":{"OBJECTID":342141,"fid_zbg":"3237247","jmeno":null,"typtoku_p":"povrchový nesplavný","vydattok_p":"stálý","idvt":"10231825"}},{"type":"Feature","id":343102,"geometry":{"type":"LineString","coordinates":[[14.415674461402352,50.98509606968162],[14.415746996181323,50.985196550355106],[14.415772453992473,50.985307912782446],[14.415746854371312,50.98544069918288],[14.415742397574625,50.98561061695152],[14.415727330852274,50.98568144060757],[14.415731275911222,50.98575328046399],[14.415690435988292,50.98585489213138],[14.415705278303326,50.98591189104964],[14.415719797876386,50.98602958009911],[14.415699300006851,50.98610962224572],[14.41568919996204,50.986206191653444],[14.415694266723882,50.98628765583238],[14.415725158445442,50.98632563392648],[14.415762062272014,50.98637230011883],[14.415782396904635,50.98644188881552],[14.41583688414883,50.986550192430265],[14.415958002099003,50.98665380358165],[14.415996687524657,50.98675461016301],[14.416076453437494,50.986805452576974],[14.416119907490572,50.98690812496297],[14.41617677509547,50.9869664146615],[14.4162363410263,50.987002437050855],[14.416362226307818,50.98705009871437],[14.416496588792164,50.98711822165477],[14.416570190331191,50.987213830878886],[14.416606500521647,50.98731901276935],[14.416739220905823,50.98761155498487],[14.416827745220196,50.987782470147216],[14.416871332798866,50.98793070113634],[14.416925943839239,50.98813387503056],[14.416905048846152,50.98834446445835],[14.41685195596207,50.98853129859603],[14.416799882086453,50.98874181159058],[14.416798670797421,50.98890892578169],[14.416782816871653,50.989014685523216],[14.416717278639359,50.989147687193515],[14.4166440317585,50.9892742397702],[14.416574885301479,50.98937690478656],[14.416460493399915,50.98950860348819],[14.416170482663624,50.98973302173284],[14.416101390322984,50.98979342822538],[14.41592640874236,50.990083010271185],[14.415892572172453,50.99018677278626],[14.41577778365466,50.99035007503576],[14.41565091732743,50.99057707485316],[14.41562131080994,50.99074398240662]]},"properties":{"OBJECTID":343102,"fid_zbg":"3237929","jmeno":"Šluknovský potok","typtoku_p":"povrchový nesplavný","vydattok_p":"stálý","idvt":"10104877"}},{"type":"Feature","id":343328,"geometry":{"type":"LineString","coordinates":[[14.452873230483176,51.03177066208095],[14.452725847756504,51.03176011667798],[14.452640149531687,51.031744588355586],[14.452577034893507,51.03170625371287],[14.452471933637941,51.0316026875831],[14.452292683221142,51.031418834261636],[14.452198568851673,51.03133025263956]]},"properties":{"OBJECTID":343328,"fid_zbg":"3237267","jmeno":null,"typtoku_p":"povrchový nesplavný","vydattok_p":"stálý","idvt":"10227157"}},{"type":"Feature","id":343486,"geometry":{"type":"LineString","coordinates":[[14.412137888020128,51.007541228482644],[14.41137432780169,51.00796260017998],[14.410863958382217,51.008272854892],[14.410541211027336,51.00843046069346],[14.410344991626147,51.00860626015353],[14.410112695255693,51.00868784843206],[14.409968773378267,51.00872291820744]]},"properties":{"OBJECTID":343486,"fid_zbg":"3237558","jmeno":null,"typtoku_p":"povrchový nesplavný","vydattok_p":"stálý","idvt":"10236521"}},{"type":"Feature","id":344507,"geometry":{"type":"LineString","coordinates":[[14.479276171839997,50.982774846450255],[14.479316329846139,50.982787838495355],[14.479648289830816,50.98291737370952],[14.479764883343572,50.98296962262718],[14.479928448998113,50.983052506951864],[14.480011957335307,50.983104893773934],[14.48006463041791,50.983204488667134],[14.480111749511533,50.98326874903508],[14.480192507034312,50.983310084276674],[14.480308822320882,50.98333549128914],[14.480409389736138,50.98334548632674],[14.480497705719502,50.98335935915225],[14.48056197726422,50.98339486222488],[14.480574594819812,50.98341291603888]]},"properties":{"OBJECTID":344507,"fid_zbg":"3239258","jmeno":null,"typtoku_p":"povrchový nesplavný","vydattok_p":"stálý","idvt":"10224801"}},{"type":"Feature","id":345216,"geometry":{"type":"LineString","coordinates":[[14.426500675736008,51.0056247434995],[14.42734401317988,51.00564714364564],[14.427479192039938,51.005664690937266],[14.42758766914772,51.00569351387545],[14.427706125078917,51.005725379529174],[14.428040869461052,51.00581465091216],[14.428171805732275,51.00584269884934],[14.428356464099236,51.00588357050493],[14.428443970421586,51.005891158099956],[14.428511143262757,51.005891085140256],[14.428704866583027,51.00586723560825],[14.429160123998983,51.00579012134872],[14.42957276972111,51.005720470768],[14.429732067700515,51.00570479469789],[14.429841860995621,51.005710412149234],[14.430019334699153,51.00573547925537],[14.430421073618817,51.00578648448141],[14.431147101836487,51.00586722395151]]},"properties":{"OBJECTID":345216,"fid_zbg":"3237488","jmeno":null,"typtoku_p":"povrchový nesplavný","vydattok_p":"stálý","idvt":"10229443"}},{"type":"Feature","id":346563,"geometry":{"type":"LineString","coordinates":[[14.468464310905967,50.98918404857745],[14.468334011416804,50.989207692195606],[14.468295974951735,50.989214594116966]]},"properties":{"OBJECTID":346563,"fid_zbg":"4075700927594496","jmeno":null,"typtoku_p":"povrchový nesplavný","vydattok_p":"stálý","idvt":null}},{"type":"Feature","id":346722,"geometry":{"type":"LineString","coordinates":[[14.452378982780171,51.020458308870786],[14.452477855807098,51.020446418510694],[14.452716536346696,51.02042212182286],[14.452949828691157,51.02039931841356],[14.453091532080435,51.02038798291901],[14.453227703893608,51.02036437478521],[14.45330857811672,51.02035038312297],[14.45346078611338,51.02031798204621],[14.453596778937039,51.02031220353417],[14.453712708075122,51.020327062740726],[14.453819245356089,51.020351116687536],[14.453894626159386,51.02038053303437],[14.453993702382359,51.02042296660349],[14.454125997245301,51.02048225273408],[14.454251944426655,51.02051581389606],[14.454357841476613,51.02055062626991],[14.454455881294686,51.02058955854357],[14.45447274289397,51.02060463402998],[14.454520474305285,51.020616063963985],[14.454586584333006,51.02063823686445],[14.454704621217127,51.020689666689556],[14.454844283431779,51.02074193167342],[14.454878573809559,51.02075623666062]]},"properties":{"OBJECTID":346722,"fid_zbg":"3237484","jmeno":null,"typtoku_p":"povrchový nesplavný","vydattok_p":"stálý","idvt":"10220056"}},{"type":"Feature","id":346812,"geometry":{"type":"LineString","coordinates":[[14.38485389873903,51.01841820391836],[14.384816145872142,51.01843597713262],[14.384760850218347,51.0184796164381],[14.38468621431723,51.01858862629971],[14.384630176736604,51.01864354305153],[14.384481169117377,51.01874925373779],[14.384341628774425,51.01888663900048],[14.384244843778971,51.018955520218945],[14.384015150411242,51.019078886055844],[14.383932011149708,51.01910776069485],[14.383656759661854,51.01910339448158],[14.383424238883416,51.01912661198444]]},"properties":{"OBJECTID":346812,"fid_zbg":"3237248","jmeno":null,"typtoku_p":"povrchový nesplavný","vydattok_p":"stálý","idvt":"10231825"}},{"type":"Feature","id":347623,"geometry":{"type":"LineString","coordinates":[[14.475498942778556,51.02365244496601],[14.475333244084124,51.02369947727532],[14.475185394773856,51.02376700984443],[14.47506545357604,51.023844479754594],[14.475013888433182,51.02391641776732],[14.475003680845875,51.02400525969227],[14.475049511764848,51.02409040843373]]},"properties":{"OBJECTID":347623,"fid_zbg":"3237234","jmeno":null,"typtoku_p":"povrchový nesplavný","vydattok_p":"stálý","idvt":"10222409"}},{"type":"Feature","id":348505,"geometry":{"type":"LineString","coordinates":[[14.450299666492654,51.03330740253012],[14.449594904187434,51.03354560815066],[14.449511987665353,51.033571325816055],[14.449438768122933,51.033590034286156],[14.449387105817326,51.03360356662378]]},"properties":{"OBJECTID":348505,"fid_zbg":"3855649435811840","jmeno":null,"typtoku_p":"povrchový nesplavný","vydattok_p":"stálý","idvt":null}},{"type":"Feature","id":348991,"geometry":{"type":"LineString","coordinates":[[14.461351019068514,50.97961719614315],[14.461180609193038,50.97980577363738],[14.461091167216471,50.97990031284736],[14.460861171645226,50.98021418125826]]},"properties":{"OBJECTID":348991,"fid_zbg":"3777621556985856","jmeno":null,"typtoku_p":"povrchový nesplavný","vydattok_p":"stálý","idvt":"10220076"}},{"type":"Feature","id":351610,"geometry":{"type":"LineString","coordinates":[[14.470600194348144,51.00658129539081],[14.470542866516983,51.00654760471226],[14.470493023774512,51.00653939998725],[14.470433393272957,51.006559744041034],[14.470371296419453,51.00657488539734],[14.470296102553394,51.00657483392179],[14.470220566134717,51.00655316097089],[14.470160992735307,51.00654937776104]]},"properties":{"OBJECTID":351610,"fid_zbg":"3237115","jmeno":"Rožanský potok","typtoku_p":"povrchový nesplavný","vydattok_p":"stálý","idvt":"10101135"}},{"type":"Feature","id":351677,"geometry":{"type":"LineString","coordinates":[[14.410114442800015,50.98740495982399],[14.410146706901482,50.9875342278742],[14.410194810344134,50.98760973369001],[14.410286151229945,50.98769053025454],[14.410374427530964,50.98774583653548],[14.410487746858227,50.98779968961863],[14.410662621084192,50.98791233345984],[14.410833592240584,50.987996873426205],[14.411058878229515,50.98806136255038],[14.411199127329631,50.98809503485079],[14.411290027944842,50.98812862902552],[14.411381813096243,50.98814676646143]]},"properties":{"OBJECTID":351677,"fid_zbg":"3237706","jmeno":null,"typtoku_p":"povrchový nesplavný","vydattok_p":"stálý","idvt":"10229473"}},{"type":"Feature","id":352625,"geometry":{"type":"LineString","coordinates":[[14.402885058346063,50.990639454699355],[14.402702595063046,50.990659718221835],[14.40255002924545,50.99066407156289],[14.402384736203695,50.990635451907615],[14.402055469690309,50.99054411962882],[14.40196312457212,50.99052919283033],[14.401923145376552,50.99053451721046],[14.401857047800092,50.990571232696865],[14.401814071304491,50.99057448168045],[14.40174633091023,50.990548265802],[14.401666057430628,50.9904931950417],[14.40162478188544,50.990487336936404],[14.401570347266471,50.990508825082564],[14.401257587803284,50.99070601098659],[14.401081057257574,50.99078429583378]]},"properties":{"OBJECTID":352625,"fid_zbg":"3238068","jmeno":null,"typtoku_p":"povrchový nesplavný","vydattok_p":"občasný","idvt":"10229461"}},{"type":"Feature","id":353711,"geometry":{"type":"LineString","coordinates":[[14.475608130720135,51.023966775602354],[14.475536416551112,51.02396249414283],[14.47543969519871,51.02396739536099],[14.475326901851576,51.02399068703434],[14.475049511764848,51.02409040843373]]},"properties":{"OBJECTID":353711,"fid_zbg":"3237233","jmeno":null,"typtoku_p":"povrchový nesplavný","vydattok_p":"stálý","idvt":"10227162"}},{"type":"Feature","id":353990,"geometry":{"type":"LineString","coordinates":[[14.384807382928674,51.0171592760726],[14.384752942609142,51.01771111485997],[14.38474212328653,51.01782958230271],[14.38474452723316,51.01793232396783],[14.384768605404425,51.01804974646605],[14.384814533665555,51.018277682911986],[14.38485389873903,51.01841820391836]]},"properties":{"OBJECTID":353990,"fid_zbg":"3237246","jmeno":null,"typtoku_p":"povrchový nesplavný","vydattok_p":"stálý","idvt":"10236510"}},{"type":"Feature","id":356121,"geometry":{"type":"LineString","coordinates":[[14.44848969580733,51.01455053678299],[14.448672573677358,51.014505210060314],[14.448719686766717,51.01449821764796],[14.44875754534454,51.01450203740971],[14.448804154756756,51.01451323720939],[14.448849186319846,51.01452375612677],[14.448898545885019,51.01452693780055],[14.44895646289707,51.014522513059774],[14.449028475869651,51.01452602147872],[14.449116695081045,51.014543633473615],[14.4493229416717,51.01457472233055],[14.449512789354847,51.01459722483093],[14.449645116213924,51.0146097610674],[14.449777732714262,51.01461633433591],[14.449916724939257,51.0146357885598],[14.451165020663426,51.01479059066622],[14.451259548912805,51.01479241614199],[14.451355172884096,51.014789663976465],[14.45146970210389,51.014777750630984],[14.451579528902187,51.01475286504884],[14.451783082927298,51.01470106607891],[14.452704289979803,51.01442972366706],[14.453417602108985,51.01427512315388],[14.453476588605236,51.01427768383005],[14.453573188151337,51.014297105796764],[14.453667861495948,51.0143174498048],[14.453748384642454,51.01432613677331],[14.45386419884977,51.014310748764665],[14.45417505795809,51.01426886011939],[14.454276341796758,51.0142450843342],[14.454350324003993,51.014225098846765],[14.454402095140077,51.014185610347056],[14.454462710435829,51.014175909339194],[14.454525202748089,51.01415757032884],[14.454604849825941,51.01413719450536],[14.454651337250883,51.01414121413176],[14.454748769782448,51.01412238514091],[14.454808997343962,51.01411440142534],[14.454845514091511,51.014093816272535],[14.454853765058086,51.014055844795415],[14.454886491675932,51.014027020750675],[14.454891180229355,51.0140054436171],[14.45488037299041,51.013971848373636],[14.454885150552272,51.01394986160373],[14.454925388352688,51.01393008809266],[14.45494261402008,51.013917796465584],[14.454948860215652,51.01388905069697],[14.454968222259248,51.01387321501525],[14.455004609607862,51.01385686454874],[14.455074552468712,51.01384268961673],[14.455232248850987,51.01383615649214],[14.455373898916646,51.01382271973904],[14.455500612705558,51.01385624770364],[14.45579347878666,51.013978235245325],[14.455835972915992,51.0140069218424]]},"properties":{"OBJECTID":356121,"fid_zbg":"3335549","jmeno":null,"typtoku_p":"povrchový nesplavný","vydattok_p":"stálý","idvt":"10229434"}},{"type":"Feature","id":356856,"geometry":{"type":"LineString","coordinates":[[14.430535955192518,50.98819865717215],[14.430228772282794,50.98858882893186],[14.430134751554013,50.98867971539026],[14.429791429051248,50.98889376663462],[14.42945513394057,50.98915184999975],[14.42936418930966,50.98922952039112]]},"properties":{"OBJECTID":356856,"fid_zbg":"3237843","jmeno":null,"typtoku_p":"povrchový nesplavný","vydattok_p":"občasný","idvt":"10227188"}}]}
